{
    "wolf_id": 1,
    "beta": 0.1,
    "gamma": 1.5,
    "delta": 0.75,
    "alive": false,
    "born_at_step": 0,
    "died_at_step": 1,
    "thetas": [
        0.7331268639003873,
        0.019608227604616627,
        0.021485499167022977
    ],
    "decision_history": {
        "history_steps": [
            0,
            1
        ],
        "new_thetas": [
            0.019608227604616627,
            0.021485499167022977
        ],
        "prompts": [
            "N/A",
            "N/A"
        ],
        "explanations": [
            "Calculated theta: 0.0196 based on sheep population: 5.00",
            "Calculated theta: 0.0215 based on sheep population: 5.49"
        ],
        "vocalizations": [
            "Calculated theta: 0.0196 based on sheep population: 5.00",
            "Calculated theta: 0.0215 based on sheep population: 5.49"
        ]
    }
}