{
    "wolf_id": 7,
    "beta": 0.1,
    "gamma": 1.5,
    "delta": 0.75,
    "alive": false,
    "born_at_step": 0,
    "died_at_step": 8,
    "thetas": [
        0.4129992193753863,
        0.019608227604616627,
        0.021485499167022977,
        0.023538812072138413,
        0.025784461014445273,
        0.028247395645884653,
        0.03093368526907927,
        0.033871393792536626,
        0.03708427896685362,
        0.04059857292562242
    ],
    "decision_history": {
        "history_steps": [
            0,
            1,
            2,
            3,
            4,
            5,
            6,
            7,
            8
        ],
        "new_thetas": [
            0.019608227604616627,
            0.021485499167022977,
            0.023538812072138413,
            0.025784461014445273,
            0.028247395645884653,
            0.03093368526907927,
            0.033871393792536626,
            0.03708427896685362,
            0.04059857292562242
        ],
        "prompts": [
            "N/A",
            "N/A",
            "N/A",
            "N/A",
            "N/A",
            "N/A",
            "N/A",
            "N/A",
            "N/A"
        ],
        "explanations": [
            "Calculated theta: 0.0196 based on sheep population: 5.00",
            "Calculated theta: 0.0215 based on sheep population: 5.49",
            "Calculated theta: 0.0235 based on sheep population: 6.03",
            "Calculated theta: 0.0258 based on sheep population: 6.62",
            "Calculated theta: 0.0282 based on sheep population: 7.27",
            "Calculated theta: 0.0309 based on sheep population: 7.98",
            "Calculated theta: 0.0339 based on sheep population: 8.76",
            "Calculated theta: 0.0371 based on sheep population: 9.63",
            "Calculated theta: 0.0406 based on sheep population: 10.58"
        ],
        "vocalizations": [
            "Calculated theta: 0.0196 based on sheep population: 5.00",
            "Calculated theta: 0.0215 based on sheep population: 5.49",
            "Calculated theta: 0.0235 based on sheep population: 6.03",
            "Calculated theta: 0.0258 based on sheep population: 6.62",
            "Calculated theta: 0.0282 based on sheep population: 7.27",
            "Calculated theta: 0.0309 based on sheep population: 7.98",
            "Calculated theta: 0.0339 based on sheep population: 8.76",
            "Calculated theta: 0.0371 based on sheep population: 9.63",
            "Calculated theta: 0.0406 based on sheep population: 10.58"
        ]
    }
}