{
    "wolf_id": 9,
    "beta": 0.1,
    "gamma": 1.5,
    "delta": 0.75,
    "alive": false,
    "born_at_step": 0,
    "died_at_step": 18,
    "thetas": [
        0.4617237370865471,
        0.019608227604616627,
        0.021485499167022977,
        0.023538812072138413,
        0.025784461014445273,
        0.028247395645884653,
        0.03093368526907927,
        0.033871393792536626,
        0.03708427896685362,
        0.04059857292562242,
        0.04442605496349823,
        0.04861135329473168,
        0.053164788245228425,
        0.05811370234061898,
        0.06348651260943612,
        0.06935356658674144,
        0.07571487634474441,
        0.08260305115857697,
        0.09005117596476876,
        0.09809247540718496
    ],
    "decision_history": {
        "history_steps": [
            0,
            1,
            2,
            3,
            4,
            5,
            6,
            7,
            8,
            9,
            10,
            11,
            12,
            13,
            14,
            15,
            16,
            17,
            18
        ],
        "new_thetas": [
            0.019608227604616627,
            0.021485499167022977,
            0.023538812072138413,
            0.025784461014445273,
            0.028247395645884653,
            0.03093368526907927,
            0.033871393792536626,
            0.03708427896685362,
            0.04059857292562242,
            0.04442605496349823,
            0.04861135329473168,
            0.053164788245228425,
            0.05811370234061898,
            0.06348651260943612,
            0.06935356658674144,
            0.07571487634474441,
            0.08260305115857697,
            0.09005117596476876,
            0.09809247540718496
        ],
        "prompts": [
            "N/A",
            "N/A",
            "N/A",
            "N/A",
            "N/A",
            "N/A",
            "N/A",
            "N/A",
            "N/A",
            "N/A",
            "N/A",
            "N/A",
            "N/A",
            "N/A",
            "N/A",
            "N/A",
            "N/A",
            "N/A",
            "N/A"
        ],
        "explanations": [
            "Calculated theta: 0.0196 based on sheep population: 5.00",
            "Calculated theta: 0.0215 based on sheep population: 5.49",
            "Calculated theta: 0.0235 based on sheep population: 6.03",
            "Calculated theta: 0.0258 based on sheep population: 6.62",
            "Calculated theta: 0.0282 based on sheep population: 7.27",
            "Calculated theta: 0.0309 based on sheep population: 7.98",
            "Calculated theta: 0.0339 based on sheep population: 8.76",
            "Calculated theta: 0.0371 based on sheep population: 9.63",
            "Calculated theta: 0.0406 based on sheep population: 10.58",
            "Calculated theta: 0.0444 based on sheep population: 11.62",
            "Calculated theta: 0.0486 based on sheep population: 12.77",
            "Calculated theta: 0.0532 based on sheep population: 14.04",
            "Calculated theta: 0.0581 based on sheep population: 15.42",
            "Calculated theta: 0.0635 based on sheep population: 16.95",
            "Calculated theta: 0.0694 based on sheep population: 18.63",
            "Calculated theta: 0.0757 based on sheep population: 20.48",
            "Calculated theta: 0.0826 based on sheep population: 22.51",
            "Calculated theta: 0.0901 based on sheep population: 24.74",
            "Calculated theta: 0.0981 based on sheep population: 27.19"
        ],
        "vocalizations": [
            "Calculated theta: 0.0196 based on sheep population: 5.00",
            "Calculated theta: 0.0215 based on sheep population: 5.49",
            "Calculated theta: 0.0235 based on sheep population: 6.03",
            "Calculated theta: 0.0258 based on sheep population: 6.62",
            "Calculated theta: 0.0282 based on sheep population: 7.27",
            "Calculated theta: 0.0309 based on sheep population: 7.98",
            "Calculated theta: 0.0339 based on sheep population: 8.76",
            "Calculated theta: 0.0371 based on sheep population: 9.63",
            "Calculated theta: 0.0406 based on sheep population: 10.58",
            "Calculated theta: 0.0444 based on sheep population: 11.62",
            "Calculated theta: 0.0486 based on sheep population: 12.77",
            "Calculated theta: 0.0532 based on sheep population: 14.04",
            "Calculated theta: 0.0581 based on sheep population: 15.42",
            "Calculated theta: 0.0635 based on sheep population: 16.95",
            "Calculated theta: 0.0694 based on sheep population: 18.63",
            "Calculated theta: 0.0757 based on sheep population: 20.48",
            "Calculated theta: 0.0826 based on sheep population: 22.51",
            "Calculated theta: 0.0901 based on sheep population: 24.74",
            "Calculated theta: 0.0981 based on sheep population: 27.19"
        ]
    }
}