{
    "wolf_id": 111,
    "beta": 0.1,
    "gamma": 1.5,
    "delta": 0.75,
    "alive": false,
    "born_at_step": 153,
    "died_at_step": 228,
    "thetas": [
        0.6010114542667375,
        0.6010114542667375,
        0.75,
        0.75,
        0.75,
        0.75,
        0.75,
        0.6,
        0.6,
        0.6,
        0.6,
        0.4,
        0.4,
        0.4,
        0.4,
        0.4,
        0.3,
        0.3,
        0.5,
        0.5,
        0.5,
        0.5,
        0.5,
        0.5,
        0.5,
        0.7,
        0.7,
        0.6,
        0.6,
        0.75,
        0.75,
        0.75,
        0.75,
        0.6,
        0.6,
        0.6,
        0.75,
        0.75,
        0.65,
        0.75,
        0.75,
        0.5,
        0.5,
        0.65,
        0.65,
        0.65,
        0.75,
        0.6,
        0.6,
        0.6,
        0.6,
        0.45,
        0.3,
        0.3,
        0.3,
        0.3,
        0.3,
        0.3,
        0.3,
        0.3,
        0.3,
        0.3,
        0.3,
        0.3,
        0.3,
        0.3,
        0.3,
        0.3,
        0.3,
        0.3,
        0.3,
        0.3,
        0.3,
        0.3,
        0.3,
        0.3
    ],
    "decision_history": {
        "history_steps": [
            155,
            160,
            164,
            169,
            171,
            178,
            180,
            182,
            186,
            189,
            191,
            192,
            194,
            196,
            199,
            200,
            204,
            205
        ],
        "new_thetas": [
            0.75,
            0.6,
            0.4,
            0.3,
            0.5,
            0.7,
            0.6,
            0.75,
            0.6,
            0.75,
            0.65,
            0.75,
            0.5,
            0.65,
            0.75,
            0.6,
            0.45,
            0.3
        ],
        "prompts": [
            "You are a wolf who can adjust hunting intensity (theta) between 0 and 1.\nNormal wolves always hunt at maximum intensity (theta=1), but you can choose differently.\n\nCurrent situation:\n- Sheep: 50.75 (decreased by 2.89)\n- Wolves: 31.00 (increased by 1.00)\n- Your previous theta: 0.60\n- The trend is that wolves (increased) recently.\nChoose your new theta (0-1) to help ensure your survival.\nRemember: Other wolves are also trying to survive, but you don't control their choices.\nPlease provide a short explanation of your reasoning for choosing theta.\nPlease also provide a short vocalization expressing your wolf's attitude about the current situation.\nPlease respond with a JSON object in this format, where [your new theta] is a float between 0 and 1 with your new theta (up to 2 decimal places):\n\n            {\n                \"theta\": [your new theta],\n                \"explanation\": \"I chose this theta because...\",\n                \"vocalization\": \"Growwllllllll...\"\n            }\n            ",
            null,
            "You are a wolf who can adjust hunting intensity (theta) between 0 and 1.\nNormal wolves always hunt at maximum intensity (theta=1), but you can choose differently.\n\nCurrent situation:\n- Sheep: 23.63 (decreased by 2.07)\n- Wolves: 30.00 (decreased by 2.00)\n- Your previous theta: 0.60\n- The trend is that wolves (decreased) recently.\nChoose your new theta (0-1) to help ensure your survival.\nRemember: Other wolves are also trying to survive, but you don't control their choices.\nPlease provide a short explanation of your reasoning for choosing theta.\nPlease also provide a short vocalization expressing your wolf's attitude about the current situation.\nPlease respond with a JSON object in this format, where [your new theta] is a float between 0 and 1 with your new theta (up to 2 decimal places):\n\n            {\n                \"theta\": [your new theta],\n                \"explanation\": \"I chose this theta because...\",\n                \"vocalization\": \"Growwllllllll...\"\n            }\n            ",
            null,
            null,
            null,
            "You are a wolf who can adjust hunting intensity (theta) between 0 and 1.\nNormal wolves always hunt at maximum intensity (theta=1), but you can choose differently.\n\nCurrent situation:\n- Sheep: 26.18 (increased by 0.74)\n- Wolves: 10.00 (stayed the same by 0.00)\n- Your previous theta: 0.70\n- The trend is that wolves (stayed the same) recently.\nChoose your new theta (0-1) to help ensure your survival.\nRemember: Other wolves are also trying to survive, but you don't control their choices.\nPlease provide a short explanation of your reasoning for choosing theta.\nPlease also provide a short vocalization expressing your wolf's attitude about the current situation.\nPlease respond with a JSON object in this format, where [your new theta] is a float between 0 and 1 with your new theta (up to 2 decimal places):\n\n            {\n                \"theta\": [your new theta],\n                \"explanation\": \"I chose this theta because...\",\n                \"vocalization\": \"Growwllllllll...\"\n            }\n            ",
            "You are a wolf who can adjust hunting intensity (theta) between 0 and 1.\nNormal wolves always hunt at maximum intensity (theta=1), but you can choose differently.\n\nCurrent situation:\n- Sheep: 27.95 (increased by 0.90)\n- Wolves: 9.00 (decreased by 1.00)\n- Your previous theta: 0.60\n- The trend is that wolves (decreased) recently.\nChoose your new theta (0-1) to help ensure your survival.\nRemember: Other wolves are also trying to survive, but you don't control their choices.\nPlease provide a short explanation of your reasoning for choosing theta.\nPlease also provide a short vocalization expressing your wolf's attitude about the current situation.\nPlease respond with a JSON object in this format, where [your new theta] is a float between 0 and 1 with your new theta (up to 2 decimal places):\n\n            {\n                \"theta\": [your new theta],\n                \"explanation\": \"I chose this theta because...\",\n                \"vocalization\": \"Growwllllllll...\"\n            }\n            ",
            "You are a wolf who can adjust hunting intensity (theta) between 0 and 1.\nNormal wolves always hunt at maximum intensity (theta=1), but you can choose differently.\n\nCurrent situation:\n- Sheep: 32.77 (increased by 1.25)\n- Wolves: 9.00 (stayed the same by 0.00)\n- Your previous theta: 0.75\n- The trend is that wolves (stayed the same) recently.\nChoose your new theta (0-1) to help ensure your survival.\nRemember: Other wolves are also trying to survive, but you don't control their choices.\nPlease provide a short explanation of your reasoning for choosing theta.\nPlease also provide a short vocalization expressing your wolf's attitude about the current situation.\nPlease respond with a JSON object in this format, where [your new theta] is a float between 0 and 1 with your new theta (up to 2 decimal places):\n\n            {\n                \"theta\": [your new theta],\n                \"explanation\": \"I chose this theta because...\",\n                \"vocalization\": \"Growwllllllll...\"\n            }\n            ",
            null,
