{
    "wolf_id": 3,
    "beta": 0.1,
    "gamma": 1.5,
    "delta": 0.75,
    "alive": false,
    "born_at_step": 0,
    "died_at_step": 5,
    "thetas": [
        0.5,
        0.9090917355296769,
        0.9090917280167333,
        0.9090917205720872,
        0.9099107001686526,
        0.911515142298752,
        0.9138561061981048
    ],
    "decision_history": {
        "history_steps": [
            0,
            1,
            2,
            3,
            4,
            5
        ],
        "new_thetas": [
            0.9090917355296769,
            0.9090917280167333,
            0.9090917205720872,
            0.9099107001686526,
            0.911515142298752,
            0.9138561061981048
        ],
        "prompts": [
            "N/A",
            "N/A",
            "N/A",
            "N/A",
            "N/A",
            "N/A"
        ],
        "explanations": [
            "Calculated theta: 0.9091 based on sheep population: 10.00",
            "Calculated theta: 0.9091 based on sheep population: 10.00",
            "Calculated theta: 0.9091 based on sheep population: 10.00",
            "Calculated theta: 0.9099 based on sheep population: 10.10",
            "Calculated theta: 0.9115 based on sheep population: 10.30",
            "Calculated theta: 0.9139 based on sheep population: 10.61"
        ],
        "vocalizations": [
            "Calculated theta: 0.9091 based on sheep population: 10.00",
            "Calculated theta: 0.9091 based on sheep population: 10.00",
            "Calculated theta: 0.9091 based on sheep population: 10.00",
            "Calculated theta: 0.9099 based on sheep population: 10.10",
            "Calculated theta: 0.9115 based on sheep population: 10.30",
            "Calculated theta: 0.9139 based on sheep population: 10.61"
        ]
    }
}