{
    "wolf_id": 36,
    "beta": 0.1,
    "gamma": 1.5,
    "delta": 0.75,
    "alive": false,
    "born_at_step": 89,
    "died_at_step": 101,
    "thetas": [
        0.5,
        0.9854427615406551,
        0.9863504301265704,
        0.9870721644288709,
        0.9876302862493833,
        0.9879161438023346,
        0.9876783138547455,
        0.9867091222469944,
        0.9844068132221169,
        0.9794103979304983,
        0.9685544847606773,
        0.9458678748361323,
        0.9038774949941012
    ],
    "decision_history": {
        "history_steps": [
            90,
            91,
            92,
            93,
            94,
            95,
            96,
            97,
            98,
            99,
            100,
            101
        ],
        "new_thetas": [
            0.9854427615406551,
            0.9863504301265704,
            0.9870721644288709,
            0.9876302862493833,
            0.9879161438023346,
            0.9876783138547455,
            0.9867091222469944,
            0.9844068132221169,
            0.9794103979304983,
            0.9685544847606773,
            0.9458678748361323,
            0.9038774949941012
        ],
        "prompts": [
            "N/A",
            "N/A",
            "N/A",
            "N/A",
            "N/A",
            "N/A",
            "N/A",
            "N/A",
            "N/A",
            "N/A",
            "N/A",
            "N/A"
        ],
        "explanations": [
            "Calculated theta: 0.9854 based on sheep population: 67.69",
            "Calculated theta: 0.9864 based on sheep population: 72.26",
            "Calculated theta: 0.9871 based on sheep population: 76.35",
            "Calculated theta: 0.9876 based on sheep population: 79.84",
            "Calculated theta: 0.9879 based on sheep population: 81.75",
            "Calculated theta: 0.9877 based on sheep population: 80.16",
            "Calculated theta: 0.9867 based on sheep population: 74.24",
            "Calculated theta: 0.9844 based on sheep population: 63.13",
            "Calculated theta: 0.9794 based on sheep population: 47.57",
            "Calculated theta: 0.9686 based on sheep population: 30.80",
            "Calculated theta: 0.9459 based on sheep population: 17.47",
            "Calculated theta: 0.9039 based on sheep population: 9.40"
        ],
        "vocalizations": [
            "Calculated theta: 0.9854 based on sheep population: 67.69",
            "Calculated theta: 0.9864 based on sheep population: 72.26",
            "Calculated theta: 0.9871 based on sheep population: 76.35",
            "Calculated theta: 0.9876 based on sheep population: 79.84",
            "Calculated theta: 0.9879 based on sheep population: 81.75",
            "Calculated theta: 0.9877 based on sheep population: 80.16",
            "Calculated theta: 0.9867 based on sheep population: 74.24",
            "Calculated theta: 0.9844 based on sheep population: 63.13",
            "Calculated theta: 0.9794 based on sheep population: 47.57",
            "Calculated theta: 0.9686 based on sheep population: 30.80",
            "Calculated theta: 0.9459 based on sheep population: 17.47",
            "Calculated theta: 0.9039 based on sheep population: 9.40"
        ]
    }
}