{
    "wolf_id": 28,
    "beta": 0.1,
    "gamma": 1.5,
    "delta": 0.75,
    "alive": false,
    "born_at_step": 38,
    "died_at_step": 57,
    "thetas": [
        0.5,
        0.9720779326123999,
        0.9674620888332724,
        0.9612344614042058,
        0.9528230219784466,
        0.9421608861533844,
        0.929534592142335,
        0.9147766451461625,
        0.8999901459323127,
        0.8858550093904461,
        0.8729859375827727,
        0.8618867094693852,
        0.8529310336168068,
        0.8463639149534716,
        0.8423148356682453,
        0.8408150611841677,
        0.840582018841884,
        0.8415854935375415,
        0.8449699116530904,
        0.8494152400041769
    ],
    "decision_history": {
        "history_steps": [
            39,
            40,
            41,
            42,
            43,
            44,
            45,
            46,
            47,
            48,
            49,
            50,
            51,
            52,
            53,
            54,
            55,
            56,
            57
        ],
        "new_thetas": [
            0.9720779326123999,
            0.9674620888332724,
            0.9612344614042058,
            0.9528230219784466,
            0.9421608861533844,
            0.929534592142335,
            0.9147766451461625,
            0.8999901459323127,
            0.8858550093904461,
            0.8729859375827727,
            0.8618867094693852,
            0.8529310336168068,
            0.8463639149534716,
            0.8423148356682453,
            0.8408150611841677,
            0.840582018841884,
            0.8415854935375415,
            0.8449699116530904,
            0.8494152400041769
        ],
        "prompts": [
            "N/A",
            "N/A",
            "N/A",
            "N/A",
            "N/A",
            "N/A",
            "N/A",
            "N/A",
            "N/A",
            "N/A",
            "N/A",
            "N/A",
            "N/A",
            "N/A",
            "N/A",
            "N/A",
            "N/A",
            "N/A",
            "N/A"
        ],
        "explanations": [
            "Calculated theta: 0.9721 based on sheep population: 34.81",
            "Calculated theta: 0.9675 based on sheep population: 29.73",
            "Calculated theta: 0.9612 based on sheep population: 24.80",
            "Calculated theta: 0.9528 based on sheep population: 20.20",
            "Calculated theta: 0.9422 based on sheep population: 16.29",
            "Calculated theta: 0.9295 based on sheep population: 13.19",
            "Calculated theta: 0.9148 based on sheep population: 10.73",
            "Calculated theta: 0.9000 based on sheep population: 9.00",
            "Calculated theta: 0.8859 based on sheep population: 7.76",
            "Calculated theta: 0.8730 based on sheep population: 6.87",
            "Calculated theta: 0.8619 based on sheep population: 6.24",
            "Calculated theta: 0.8529 based on sheep population: 5.80",
            "Calculated theta: 0.8464 based on sheep population: 5.51",
            "Calculated theta: 0.8423 based on sheep population: 5.34",
            "Calculated theta: 0.8408 based on sheep population: 5.28",
            "Calculated theta: 0.8406 based on sheep population: 5.27",
            "Calculated theta: 0.8416 based on sheep population: 5.31",
            "Calculated theta: 0.8450 based on sheep population: 5.45",
            "Calculated theta: 0.8494 based on sheep population: 5.64"
        ],
        "vocalizations": [
            "Calculated theta: 0.9721 based on sheep population: 34.81",
            "Calculated theta: 0.9675 based on sheep population: 29.73",
            "Calculated theta: 0.9612 based on sheep population: 24.80",
            "Calculated theta: 0.9528 based on sheep population: 20.20",
            "Calculated theta: 0.9422 based on sheep population: 16.29",
            "Calculated theta: 0.9295 based on sheep population: 13.19",
            "Calculated theta: 0.9148 based on sheep population: 10.73",
            "Calculated theta: 0.9000 based on sheep population: 9.00",
            "Calculated theta: 0.8859 based on sheep population: 7.76",
            "Calculated theta: 0.8730 based on sheep population: 6.87",
            "Calculated theta: 0.8619 based on sheep population: 6.24",
            "Calculated theta: 0.8529 based on sheep population: 5.80",
            "Calculated theta: 0.8464 based on sheep population: 5.51",
            "Calculated theta: 0.8423 based on sheep population: 5.34",
            "Calculated theta: 0.8408 based on sheep population: 5.28",
            "Calculated theta: 0.8406 based on sheep population: 5.27",
            "Calculated theta: 0.8416 based on sheep population: 5.31",
            "Calculated theta: 0.8450 based on sheep population: 5.45",
            "Calculated theta: 0.8494 based on sheep population: 5.64"
        ]
    }
}