{
    "wolf_id": 51,
    "beta": 0.1,
    "gamma": 1.5,
    "delta": 0.75,
    "alive": false,
    "born_at_step": 32,
    "died_at_step": 55,
    "thetas": [
        0.9561323584148425,
        0.44781979225108526,
        0.4146339287197351,
        0.37808613648676936,
        0.343007431285677,
        0.31323558543311575,
        0.2894805867332096,
        0.27093503898633176,
        0.25747724342465034,
        0.24832734612846188,
        0.24247383484761165,
        0.23927216884051247,
        0.23830992988154734,
        0.23885551860701584,
        0.2412650193454246,
        0.2449779014609639,
        0.24949101836930715,
        0.25481668892316317,
        0.2615030140105059,
        0.26852618000000494,
        0.2764771196126412,
        0.2848245108095295,
        0.2942198876564994,
        0.3040923519881322
    ],
    "decision_history": {
        "history_steps": [
            33,
            34,
            35,
            36,
            37,
            38,
            39,
            40,
            41,
            42,
            43,
            44,
            45,
            46,
            47,
            48,
            49,
            50,
            51,
            52,
            53,
            54,
            55
        ],
        "new_thetas": [
            0.44781979225108526,
            0.4146339287197351,
            0.37808613648676936,
            0.343007431285677,
            0.31323558543311575,
            0.2894805867332096,
            0.27093503898633176,
            0.25747724342465034,
            0.24832734612846188,
            0.24247383484761165,
            0.23927216884051247,
            0.23830992988154734,
            0.23885551860701584,
            0.2412650193454246,
            0.2449779014609639,
            0.24949101836930715,
            0.25481668892316317,
            0.2615030140105059,
            0.26852618000000494,
            0.2764771196126412,
            0.2848245108095295,
            0.2942198876564994,
            0.3040923519881322
        ],
        "prompts": [
            "N/A",
            "N/A",
            "N/A",
            "N/A",
            "N/A",
            "N/A",
            "N/A",
            "N/A",
            "N/A",
            "N/A",
            "N/A",
            "N/A",
            "N/A",
            "N/A",
            "N/A",
            "N/A",
            "N/A",
            "N/A",
            "N/A",
            "N/A",
            "N/A",
            "N/A",
            "N/A"
        ],
        "explanations": [
            "Calculated theta: 0.4478 based on sheep population: 89.21",
            "Calculated theta: 0.4146 based on sheep population: 77.92",
            "Calculated theta: 0.3781 based on sheep population: 66.87",
            "Calculated theta: 0.3430 based on sheep population: 57.43",
            "Calculated theta: 0.3132 based on sheep population: 50.17",
            "Calculated theta: 0.2895 based on sheep population: 44.82",
            "Calculated theta: 0.2709 based on sheep population: 40.88",
            "Calculated theta: 0.2575 based on sheep population: 38.14",
            "Calculated theta: 0.2483 based on sheep population: 36.34",
            "Calculated theta: 0.2425 based on sheep population: 35.21",
            "Calculated theta: 0.2393 based on sheep population: 34.60",
            "Calculated theta: 0.2383 based on sheep population: 34.42",
            "Calculated theta: 0.2389 based on sheep population: 34.52",
            "Calculated theta: 0.2413 based on sheep population: 34.98",
            "Calculated theta: 0.2450 based on sheep population: 35.69",
            "Calculated theta: 0.2495 based on sheep population: 36.57",
            "Calculated theta: 0.2548 based on sheep population: 37.61",
            "Calculated theta: 0.2615 based on sheep population: 38.95",
            "Calculated theta: 0.2685 based on sheep population: 40.38",
            "Calculated theta: 0.2765 based on sheep population: 42.03",
            "Calculated theta: 0.2848 based on sheep population: 43.81",
            "Calculated theta: 0.2942 based on sheep population: 45.86",
            "Calculated theta: 0.3041 based on sheep population: 48.07"
        ],
        "vocalizations": [
            "Calculated theta: 0.4478 based on sheep population: 89.21",
            "Calculated theta: 0.4146 based on sheep population: 77.92",
            "Calculated theta: 0.3781 based on sheep population: 66.87",
            "Calculated theta: 0.3430 based on sheep population: 57.43",
            "Calculated theta: 0.3132 based on sheep population: 50.17",
            "Calculated theta: 0.2895 based on sheep population: 44.82",
            "Calculated theta: 0.2709 based on sheep population: 40.88",
            "Calculated theta: 0.2575 based on sheep population: 38.14",
            "Calculated theta: 0.2483 based on sheep population: 36.34",
            "Calculated theta: 0.2425 based on sheep population: 35.21",
            "Calculated theta: 0.2393 based on sheep population: 34.60",
            "Calculated theta: 0.2383 based on sheep population: 34.42",
            "Calculated theta: 0.2389 based on sheep population: 34.52",
            "Calculated theta: 0.2413 based on sheep population: 34.98",
            "Calculated theta: 0.2450 based on sheep population: 35.69",
            "Calculated theta: 0.2495 based on sheep population: 36.57",
            "Calculated theta: 0.2548 based on sheep population: 37.61",
            "Calculated theta: 0.2615 based on sheep population: 38.95",
            "Calculated theta: 0.2685 based on sheep population: 40.38",
            "Calculated theta: 0.2765 based on sheep population: 42.03",
            "Calculated theta: 0.2848 based on sheep population: 43.81",
            "Calculated theta: 0.2942 based on sheep population: 45.86",
            "Calculated theta: 0.3041 based on sheep population: 48.07"
        ]
    }
}