{
    "wolf_id": 73,
    "beta": 0.1,
    "gamma": 1.5,
    "delta": 0.75,
    "alive": false,
    "born_at_step": 68,
    "died_at_step": 98,
    "thetas": [
        0.2913606535734572,
        0.4214431422176269,
        0.4209577017098851,
        0.4182312739683426,
        0.41227923348805245,
        0.4045419595584389,
        0.39415039166319027,
        0.3826129530680437,
        0.3701994752438856,
        0.3571719611331669,
        0.34471427226843737,
        0.33283008738509406,
        0.32235481459124665,
        0.3130911282845704,
        0.30563079557609085,
        0.29969051879348685,
        0.29504813030006943,
        0.29220936826198457,
        0.2909513091431627,
        0.29045277746149395,
        0.2913071391706302,
        0.2934225428376963,
        0.296077386832293,
        0.2992562747560012,
        0.3036317473986477,
        0.30849889441814277,
        0.31386335367232643,
        0.319002738409262,
        0.32467081875259207,
        0.33087800482777124,
        0.33684778596567777
    ],
    "decision_history": {
        "history_steps": [
            69,
            70,
            71,
            72,
            73,
            74,
            75,
            76,
            77,
            78,
            79,
            80,
            81,
            82,
            83,
            84,
            85,
            86,
            87,
            88,
            89,
            90,
            91,
            92,
            93,
            94,
            95,
            96,
            97,
            98
        ],
        "new_thetas": [
            0.4214431422176269,
            0.4209577017098851,
            0.4182312739683426,
            0.41227923348805245,
            0.4045419595584389,
            0.39415039166319027,
            0.3826129530680437,
            0.3701994752438856,
            0.3571719611331669,
            0.34471427226843737,
            0.33283008738509406,
            0.32235481459124665,
            0.3130911282845704,
            0.30563079557609085,
            0.29969051879348685,
            0.29504813030006943,
            0.29220936826198457,
            0.2909513091431627,
            0.29045277746149395,
            0.2913071391706302,
            0.2934225428376963,
            0.296077386832293,
            0.2992562747560012,
            0.3036317473986477,
            0.30849889441814277,
            0.31386335367232643,
            0.319002738409262,
            0.32467081875259207,
            0.33087800482777124,
            0.33684778596567777
        ],
        "prompts": [
            "N/A",
            "N/A",
            "N/A",
            "N/A",
            "N/A",
            "N/A",
            "N/A",
            "N/A",
            "N/A",
            "N/A",
            "N/A",
            "N/A",
            "N/A",
            "N/A",
            "N/A",
            "N/A",
            "N/A",
            "N/A",
            "N/A",
            "N/A",
            "N/A",
            "N/A",
            "N/A",
            "N/A",
            "N/A",
            "N/A",
            "N/A",
            "N/A",
            "N/A",
            "N/A"
        ],
        "explanations": [
            "Calculated theta: 0.4214 based on sheep population: 80.13",
            "Calculated theta: 0.4210 based on sheep population: 79.97",
            "Calculated theta: 0.4182 based on sheep population: 79.08",
            "Calculated theta: 0.4123 based on sheep population: 77.16",
            "Calculated theta: 0.4045 based on sheep population: 74.73",
            "Calculated theta: 0.3942 based on sheep population: 71.56",
            "Calculated theta: 0.3826 based on sheep population: 68.17",
            "Calculated theta: 0.3702 based on sheep population: 64.66",
            "Calculated theta: 0.3572 based on sheep population: 61.12",
            "Calculated theta: 0.3447 based on sheep population: 57.87",
            "Calculated theta: 0.3328 based on sheep population: 54.88",
            "Calculated theta: 0.3224 based on sheep population: 52.33",
            "Calculated theta: 0.3131 based on sheep population: 50.14",
            "Calculated theta: 0.3056 based on sheep population: 48.42",
            "Calculated theta: 0.2997 based on sheep population: 47.07",
            "Calculated theta: 0.2950 based on sheep population: 46.04",
            "Calculated theta: 0.2922 based on sheep population: 45.41",
            "Calculated theta: 0.2910 based on sheep population: 45.14",
            "Calculated theta: 0.2905 based on sheep population: 45.03",
            "Calculated theta: 0.2913 based on sheep population: 45.22",
            "Calculated theta: 0.2934 based on sheep population: 45.68",
            "Calculated theta: 0.2961 based on sheep population: 46.27",
            "Calculated theta: 0.2993 based on sheep population: 46.98",
            "Calculated theta: 0.3036 based on sheep population: 47.96",
            "Calculated theta: 0.3085 based on sheep population: 49.07",
            "Calculated theta: 0.3139 based on sheep population: 50.32",
            "Calculated theta: 0.3190 based on sheep population: 51.53",
            "Calculated theta: 0.3247 based on sheep population: 52.88",
            "Calculated theta: 0.3309 based on sheep population: 54.39",
            "Calculated theta: 0.3368 based on sheep population: 55.87"
        ],
        "vocalizations": [
            "Calculated theta: 0.4214 based on sheep population: 80.13",
            "Calculated theta: 0.4210 based on sheep population: 79.97",
            "Calculated theta: 0.4182 based on sheep population: 79.08",
            "Calculated theta: 0.4123 based on sheep population: 77.16",
            "Calculated theta: 0.4045 based on sheep population: 74.73",
            "Calculated theta: 0.3942 based on sheep population: 71.56",
            "Calculated theta: 0.3826 based on sheep population: 68.17",
            "Calculated theta: 0.3702 based on sheep population: 64.66",
            "Calculated theta: 0.3572 based on sheep population: 61.12",
            "Calculated theta: 0.3447 based on sheep population: 57.87",
            "Calculated theta: 0.3328 based on sheep population: 54.88",
            "Calculated theta: 0.3224 based on sheep population: 52.33",
            "Calculated theta: 0.3131 based on sheep population: 50.14",
            "Calculated theta: 0.3056 based on sheep population: 48.42",
            "Calculated theta: 0.2997 based on sheep population: 47.07",
            "Calculated theta: 0.2950 based on sheep population: 46.04",
            "Calculated theta: 0.2922 based on sheep population: 45.41",
            "Calculated theta: 0.2910 based on sheep population: 45.14",
            "Calculated theta: 0.2905 based on sheep population: 45.03",
            "Calculated theta: 0.2913 based on sheep population: 45.22",
            "Calculated theta: 0.2934 based on sheep population: 45.68",
            "Calculated theta: 0.2961 based on sheep population: 46.27",
            "Calculated theta: 0.2993 based on sheep population: 46.98",
            "Calculated theta: 0.3036 based on sheep population: 47.96",
            "Calculated theta: 0.3085 based on sheep population: 49.07",
            "Calculated theta: 0.3139 based on sheep population: 50.32",
            "Calculated theta: 0.3190 based on sheep population: 51.53",
            "Calculated theta: 0.3247 based on sheep population: 52.88",
            "Calculated theta: 0.3309 based on sheep population: 54.39",
            "Calculated theta: 0.3368 based on sheep population: 55.87"
        ]
    }
}