{
    "wolf_id": 64,
    "beta": 0.1,
    "gamma": 1.5,
    "delta": 0.75,
    "alive": false,
    "born_at_step": 78,
    "died_at_step": 107,
    "thetas": [
        0.5,
        0.4238333419984292,
        0.4277337110087129,
        0.4303175254567194,
        0.43046375349420973,
        0.4282715881228288,
        0.4238859875196896,
        0.41749229707376323,
        0.4093098246567639,
        0.3984573044844015,
        0.3864729395054617,
        0.3746814391534221,
        0.3631384811419198,
        0.3518892019710065,
        0.34188036184793646,
        0.33295328496421844,
        0.32497188139824357,
        0.31861933189950936,
        0.31366219626935443,
        0.30991546889079913,
        0.3079658694497591,
        0.30689511621335275,
        0.3066237221011596,
        0.3078037722861564,
        0.3096274962636223,
        0.31278778806578744,
        0.3165128000968814,
        0.32079561650949756,
        0.3256344377112283,
        0.33025719345029875
    ],
    "decision_history": {
        "history_steps": [
            79,
            80,
            81,
            82,
            83,
            84,
            85,
            86,
            87,
            88,
            89,
            90,
            91,
            92,
            93,
            94,
            95,
            96,
            97,
            98,
            99,
            100,
            101,
            102,
            103,
            104,
            105,
            106,
            107
        ],
        "new_thetas": [
            0.4238333419984292,
            0.4277337110087129,
            0.4303175254567194,
            0.43046375349420973,
            0.4282715881228288,
            0.4238859875196896,
            0.41749229707376323,
            0.4093098246567639,
            0.3984573044844015,
            0.3864729395054617,
            0.3746814391534221,
            0.3631384811419198,
            0.3518892019710065,
            0.34188036184793646,
            0.33295328496421844,
            0.32497188139824357,
            0.31861933189950936,
            0.31366219626935443,
            0.30991546889079913,
            0.3079658694497591,
            0.30689511621335275,
            0.3066237221011596,
            0.3078037722861564,
            0.3096274962636223,
            0.31278778806578744,
            0.3165128000968814,
            0.32079561650949756,
            0.3256344377112283,
            0.33025719345029875
        ],
        "prompts": [
            "N/A",
            "N/A",
            "N/A",
            "N/A",
            "N/A",
            "N/A",
            "N/A",
            "N/A",
            "N/A",
            "N/A",
            "N/A",
            "N/A",
            "N/A",
            "N/A",
            "N/A",
            "N/A",
            "N/A",
            "N/A",
            "N/A",
            "N/A",
            "N/A",
            "N/A",
            "N/A",
            "N/A",
            "N/A",
            "N/A",
            "N/A",
            "N/A",
            "N/A"
        ],
        "explanations": [
            "Calculated theta: 0.4238 based on sheep population: 73.56",
            "Calculated theta: 0.4277 based on sheep population: 74.74",
            "Calculated theta: 0.4303 based on sheep population: 75.54",
            "Calculated theta: 0.4305 based on sheep population: 75.58",
            "Calculated theta: 0.4283 based on sheep population: 74.91",
            "Calculated theta: 0.4239 based on sheep population: 73.58",
            "Calculated theta: 0.4175 based on sheep population: 71.67",
            "Calculated theta: 0.4093 based on sheep population: 69.29",
            "Calculated theta: 0.3985 based on sheep population: 66.24",
            "Calculated theta: 0.3865 based on sheep population: 62.99",
            "Calculated theta: 0.3747 based on sheep population: 59.92",
            "Calculated theta: 0.3631 based on sheep population: 57.02",
            "Calculated theta: 0.3519 based on sheep population: 54.29",
            "Calculated theta: 0.3419 based on sheep population: 51.95",
            "Calculated theta: 0.3330 based on sheep population: 49.91",
            "Calculated theta: 0.3250 based on sheep population: 48.14",
            "Calculated theta: 0.3186 based on sheep population: 46.76",
            "Calculated theta: 0.3137 based on sheep population: 45.70",
            "Calculated theta: 0.3099 based on sheep population: 44.91",
            "Calculated theta: 0.3080 based on sheep population: 44.50",
            "Calculated theta: 0.3069 based on sheep population: 44.28",
            "Calculated theta: 0.3066 based on sheep population: 44.22",
            "Calculated theta: 0.3078 based on sheep population: 44.47",
            "Calculated theta: 0.3096 based on sheep population: 44.85",
            "Calculated theta: 0.3128 based on sheep population: 45.52",
            "Calculated theta: 0.3165 based on sheep population: 46.31",
            "Calculated theta: 0.3208 based on sheep population: 47.23",
            "Calculated theta: 0.3256 based on sheep population: 48.29",
            "Calculated theta: 0.3303 based on sheep population: 49.31"
        ],
        "vocalizations": [
            "Calculated theta: 0.4238 based on sheep population: 73.56",
            "Calculated theta: 0.4277 based on sheep population: 74.74",
            "Calculated theta: 0.4303 based on sheep population: 75.54",
            "Calculated theta: 0.4305 based on sheep population: 75.58",
            "Calculated theta: 0.4283 based on sheep population: 74.91",
            "Calculated theta: 0.4239 based on sheep population: 73.58",
            "Calculated theta: 0.4175 based on sheep population: 71.67",
            "Calculated theta: 0.4093 based on sheep population: 69.29",
            "Calculated theta: 0.3985 based on sheep population: 66.24",
            "Calculated theta: 0.3865 based on sheep population: 62.99",
            "Calculated theta: 0.3747 based on sheep population: 59.92",
            "Calculated theta: 0.3631 based on sheep population: 57.02",
            "Calculated theta: 0.3519 based on sheep population: 54.29",
            "Calculated theta: 0.3419 based on sheep population: 51.95",
            "Calculated theta: 0.3330 based on sheep population: 49.91",
            "Calculated theta: 0.3250 based on sheep population: 48.14",
            "Calculated theta: 0.3186 based on sheep population: 46.76",
            "Calculated theta: 0.3137 based on sheep population: 45.70",
            "Calculated theta: 0.3099 based on sheep population: 44.91",
            "Calculated theta: 0.3080 based on sheep population: 44.50",
            "Calculated theta: 0.3069 based on sheep population: 44.28",
            "Calculated theta: 0.3066 based on sheep population: 44.22",
            "Calculated theta: 0.3078 based on sheep population: 44.47",
            "Calculated theta: 0.3096 based on sheep population: 44.85",
            "Calculated theta: 0.3128 based on sheep population: 45.52",
            "Calculated theta: 0.3165 based on sheep population: 46.31",
            "Calculated theta: 0.3208 based on sheep population: 47.23",
            "Calculated theta: 0.3256 based on sheep population: 48.29",
            "Calculated theta: 0.3303 based on sheep population: 49.31"
        ]
    }
}