{
    "wolf_id": 55,
    "beta": 0.1,
    "gamma": 1.5,
    "delta": 0.75,
    "alive": false,
    "born_at_step": 46,
    "died_at_step": 99,
    "thetas": [
        0.5,
        0.40725394333381837,
        0.37692855961252325,
        0.3485418903623068,
        0.32423500972881397,
        0.3041483744061445,
        0.2881322929877958,
        0.27593332692654676,
        0.26792954627927895,
        0.2626486965888799,
        0.25962186232258333,
        0.258531132916253,
        0.25916496853435544,
        0.2613901917826548,
        0.26513430049214526,
        0.26981384440474854,
        0.2754381058532509,
        0.2820320513549328,
        0.2890202430167024,
        0.29706440019529057,
        0.30555980241844183,
        0.314536874424543,
        0.324028441495721,
        0.33331127875536826,
        0.343163944687434,
        0.35279801203240435,
        0.36306034571868717,
        0.3730951076601263,
        0.38289029886072756,
        0.3924362418958785,
        0.4017254384712819,
        0.40972034814912534,
        0.41745269639174193,
        0.4238333419984292,
        0.4277337110087129,
        0.4303175254567194,
        0.43046375349420973,
        0.4282715881228288,
        0.4238859875196896,
        0.41749229707376323,
        0.4093098246567639,
        0.3984573044844015,
        0.3864729395054617,
        0.3746814391534221,
        0.3631384811419198,
        0.3518892019710065,
        0.34188036184793646,
        0.33295328496421844,
        0.32497188139824357,
        0.31861933189950936,
        0.31366219626935443,
        0.30991546889079913,
        0.3079658694497591,
        0.30689511621335275
    ],
    "decision_history": {
        "history_steps": [
            47,
            48,
            49,
            50,
            51,
            52,
            53,
            54,
            55,
            56,
            57,
            58,
            59,
            60,
            61,
            62,
            63,
            64,
            65,
            66,
            67,
            68,
            69,
            70,
            71,
            72,
            73,
            74,
            75,
            76,
            77,
            78,
            79,
            80,
            81,
            82,
            83,
            84,
            85,
            86,
            87,
            88,
            89,
            90,
            91,
            92,
            93,
            94,
            95,
            96,
            97,
            98,
            99
        ],
        "new_thetas": [
            0.40725394333381837,
            0.37692855961252325,
            0.3485418903623068,
            0.32423500972881397,
            0.3041483744061445,
            0.2881322929877958,
            0.27593332692654676,
            0.26792954627927895,
            0.2626486965888799,
            0.25962186232258333,
            0.258531132916253,
            0.25916496853435544,
            0.2613901917826548,
            0.26513430049214526,
            0.26981384440474854,
            0.2754381058532509,
            0.2820320513549328,
            0.2890202430167024,
            0.29706440019529057,
            0.30555980241844183,
            0.314536874424543,
            0.324028441495721,
            0.33331127875536826,
            0.343163944687434,
            0.35279801203240435,
            0.36306034571868717,
            0.3730951076601263,
            0.38289029886072756,
            0.3924362418958785,
            0.4017254384712819,
            0.40972034814912534,
            0.41745269639174193,
            0.4238333419984292,
            0.4277337110087129,
            0.4303175254567194,
            0.43046375349420973,
            0.4282715881228288,
            0.4238859875196896,
            0.41749229707376323,
            0.4093098246567639,
            0.3984573044844015,
            0.3864729395054617,
            0.3746814391534221,
            0.3631384811419198,
            0.3518892019710065,
            0.34188036184793646,
            0.33295328496421844,
            0.32497188139824357,
            0.31861933189950936,
            0.31366219626935443,
            0.30991546889079913,
            0.3079658694497591,
            0.30689511621335275
        ],
        "prompts": [
            "N/A",
            "N/A",
            "N/A",
            "N/A",
            "N/A",
            "N/A",
            "N/A",
            "N/A",
            "N/A",
            "N/A",
            "N/A",
            "N/A",
            "N/A",
            "N/A",
            "N/A",
            "N/A",
            "N/A",
            "N/A",
            "N/A",
            "N/A",
            "N/A",
            "N/A",
            "N/A",
            "N/A",
            "N/A",
            "N/A",
            "N/A",
            "N/A",
            "N/A",
            "N/A",
            "N/A",
            "N/A",
            "N/A",
            "N/A",
            "N/A",
            "N/A",
            "N/A",
            "N/A",
            "N/A",
            "N/A",
            "N/A",
            "N/A",
            "N/A",
            "N/A",
            "N/A",
            "N/A",
            "N/A",
            "N/A",
            "N/A",
            "N/A",
            "N/A",
            "N/A",
            "N/A"
        ],