{
    "wolf_id": 44,
    "beta": 0.1,
    "gamma": 1.5,
    "delta": 0.75,
    "alive": false,
    "born_at_step": 44,
    "died_at_step": 65,
    "thetas": [
        0.5,
        0.463197305954053,
        0.43747712031138714,
        0.40725394333381837,
        0.37692855961252325,
        0.3485418903623068,
        0.32423500972881397,
        0.3041483744061445,
        0.2881322929877958,
        0.27593332692654676,
        0.26792954627927895,
        0.2626486965888799,
        0.25962186232258333,
        0.258531132916253,
        0.25916496853435544,
        0.2613901917826548,
        0.26513430049214526,
        0.26981384440474854,
        0.2754381058532509,
        0.2820320513549328,
        0.2890202430167024,
        0.29706440019529057
    ],
    "decision_history": {
        "history_steps": [
            45,
            46,
            47,
            48,
            49,
            50,
            51,
            52,
            53,
            54,
            55,
            56,
            57,
            58,
            59,
            60,
            61,
            62,
            63,
            64,
            65
        ],
        "new_thetas": [
            0.463197305954053,
            0.43747712031138714,
            0.40725394333381837,
            0.37692855961252325,
            0.3485418903623068,
            0.32423500972881397,
            0.3041483744061445,
            0.2881322929877958,
            0.27593332692654676,
            0.26792954627927895,
            0.2626486965888799,
            0.25962186232258333,
            0.258531132916253,
            0.25916496853435544,
            0.2613901917826548,
            0.26513430049214526,
            0.26981384440474854,
            0.2754381058532509,
            0.2820320513549328,
            0.2890202430167024,
            0.29706440019529057
        ],
        "prompts": [
            "N/A",
            "N/A",
            "N/A",
            "N/A",
            "N/A",
            "N/A",
            "N/A",
            "N/A",
            "N/A",
            "N/A",
            "N/A",
            "N/A",
            "N/A",
            "N/A",
            "N/A",
            "N/A",
            "N/A",
            "N/A",
            "N/A",
            "N/A",
            "N/A"
        ],
        "explanations": [
            "Calculated theta: 0.4632 based on sheep population: 86.29",
            "Calculated theta: 0.4375 based on sheep population: 77.77",
            "Calculated theta: 0.4073 based on sheep population: 68.71",
            "Calculated theta: 0.3769 based on sheep population: 60.50",
            "Calculated theta: 0.3485 based on sheep population: 53.50",
            "Calculated theta: 0.3242 based on sheep population: 47.98",
            "Calculated theta: 0.3041 based on sheep population: 43.71",
            "Calculated theta: 0.2881 based on sheep population: 40.48",
            "Calculated theta: 0.2759 based on sheep population: 38.11",
            "Calculated theta: 0.2679 based on sheep population: 36.60",
            "Calculated theta: 0.2626 based on sheep population: 35.62",
            "Calculated theta: 0.2596 based on sheep population: 35.07",
            "Calculated theta: 0.2585 based on sheep population: 34.87",
            "Calculated theta: 0.2592 based on sheep population: 34.98",
            "Calculated theta: 0.2614 based on sheep population: 35.39",
            "Calculated theta: 0.2651 based on sheep population: 36.08",
            "Calculated theta: 0.2698 based on sheep population: 36.95",
            "Calculated theta: 0.2754 based on sheep population: 38.01",
            "Calculated theta: 0.2820 based on sheep population: 39.28",
            "Calculated theta: 0.2890 based on sheep population: 40.65",
            "Calculated theta: 0.2971 based on sheep population: 42.26"
        ],
        "vocalizations": [
            "Calculated theta: 0.4632 based on sheep population: 86.29",
            "Calculated theta: 0.4375 based on sheep population: 77.77",
            "Calculated theta: 0.4073 based on sheep population: 68.71",
            "Calculated theta: 0.3769 based on sheep population: 60.50",
            "Calculated theta: 0.3485 based on sheep population: 53.50",
            "Calculated theta: 0.3242 based on sheep population: 47.98",
            "Calculated theta: 0.3041 based on sheep population: 43.71",
            "Calculated theta: 0.2881 based on sheep population: 40.48",
            "Calculated theta: 0.2759 based on sheep population: 38.11",
            "Calculated theta: 0.2679 based on sheep population: 36.60",
            "Calculated theta: 0.2626 based on sheep population: 35.62",
            "Calculated theta: 0.2596 based on sheep population: 35.07",
            "Calculated theta: 0.2585 based on sheep population: 34.87",
            "Calculated theta: 0.2592 based on sheep population: 34.98",
            "Calculated theta: 0.2614 based on sheep population: 35.39",
            "Calculated theta: 0.2651 based on sheep population: 36.08",
            "Calculated theta: 0.2698 based on sheep population: 36.95",
            "Calculated theta: 0.2754 based on sheep population: 38.01",
            "Calculated theta: 0.2820 based on sheep population: 39.28",
            "Calculated theta: 0.2890 based on sheep population: 40.65",
            "Calculated theta: 0.2971 based on sheep population: 42.26"
        ]
    }
}