{
    "wolf_id": 0,
    "beta": 0.1,
    "gamma": 1.5,
    "delta": 0.75,
    "alive": false,
    "born_at_step": 0,
    "died_at_step": 4,
    "thetas": [
        0.5,
        0.23611217206642765,
        0.2388408845767664,
        0.24158111224112155,
        0.24433251885913995,
        0.2470947646361184
    ],
    "decision_history": {
        "history_steps": [
            0,
            1,
            2,
            3,
            4
        ],
        "new_thetas": [
            0.23611217206642765,
            0.2388408845767664,
            0.24158111224112155,
            0.24433251885913995,
            0.2470947646361184
        ],
        "prompts": [
            "N/A",
            "N/A",
            "N/A",
            "N/A",
            "N/A"
        ],
        "explanations": [
            "Calculated theta: 0.2361 based on sheep population: 17.00",
            "Calculated theta: 0.2388 based on sheep population: 17.26",
            "Calculated theta: 0.2416 based on sheep population: 17.52",
            "Calculated theta: 0.2443 based on sheep population: 17.78",
            "Calculated theta: 0.2471 based on sheep population: 18.05"
        ],
        "vocalizations": [
            "Calculated theta: 0.2361 based on sheep population: 17.00",
            "Calculated theta: 0.2388 based on sheep population: 17.26",
            "Calculated theta: 0.2416 based on sheep population: 17.52",
            "Calculated theta: 0.2443 based on sheep population: 17.78",
            "Calculated theta: 0.2471 based on sheep population: 18.05"
        ]
    }
}