{
    "wolf_id": 15,
    "beta": 0.1,
    "gamma": 1.5,
    "delta": 0.75,
    "alive": false,
    "born_at_step": 107,
    "died_at_step": 177,
    "thetas": [
        0.9515174339710949,
        0.614867907733292,
        0.6166256320691618,
        0.6183719138004776,
        0.6198115888528207,
        0.6212416038367662,
        0.6223658169877717,
        0.6231854181276086,
        0.6239992330781537,
        0.6245096866061539,
        0.624718273914571,
        0.6246266293509359,
        0.6245356775583077,
        0.6241462782882023,
        0.6234603497977503,
        0.622479963870168,
        0.6212073591292284,
        0.6196449581553668,
        0.6174943231014278,
        0.6150620862857372,
        0.6123516020972464,
        0.6093665351365951,
        0.6058098003991201,
        0.6019905660044863,
        0.5979139741476831,
        0.5932858190333468,
        0.5884167458048558,
        0.5833138158470715,
        0.5776877577336117,
        0.5718496495189176,
        0.5658087642281963,
        0.5592829827527596,
        0.552582140589657,
        0.5457177228705153,
        0.5387016866057711,
        0.5315464092304227,
        0.5242646301071956,
        0.5168693858266167,
        0.5093739403033158,
        0.5017917108009601,
        0.4943998887152352,
        0.48693722497078945,
        0.4796721312099958,
        0.472350875042948,
        0.46523273716560026,
        0.45831413487422623,
        0.4513531871490822,
        0.44459507168639273,
        0.4380351915527237,
        0.43166878664533176,
        0.4254909774038779,
        0.4194968034030566,
        0.4136812572121703,
        0.4080393139096922,
        0.4025659566346522,
        0.39745716973078765,
        0.39249752028646373,
        0.3878764178578262,
        0.383386705775379,
        0.379024412793167,
        0.37497007417572564,
        0.37102743395603166,
        0.3673718526888696,
        0.3639899406150475,
        0.36069565502851264,
        0.3576577770722396,
        0.35469595960684447,
        0.3519750955977646,
        0.34948505041416295,
        0.34705322217066736,
        0.3448396107630658
    ],
    "decision_history": {
        "history_steps": [
            108,
            109,
            110,
            111,
            112,
            113,
            114,
            115,
            116,
            117,
            118,
            119,
            120,
            121,
            122,
            123,
            124,
            125,
            126,
            127,
            128,
            129,
            130,
            131,
            132,
            133,
            134,
            135,
            136,
            137,
            138,
            139,
            140,
            141,
            142,
            143,
            144,
            145,
            146,
            147,
            148,
            149,
            150,
            151,
            152,
            153,
            154,
            155,
            156,
            157,
            158,
            159,
            160,
            161,
            162,
            163,
            164,
            165,
            166,
            167,
            168,
            169,
            170,
            171,
            172,
            173,
            174,
            175,
            176,
            177
        ],
        "new_thetas": [
            0.614867907733292,
            0.6166256320691618,
            0.6183719138004776,
            0.6198115888528207,
            0.6212416038367662,
            0.6223658169877717,
            0.6231854181276086,
            0.6239992330781537,
            0.6245096866061539,
            0.624718273914571,
            0.6246266293509359,
            0.6245356775583077,
            0.6241462782882023,
            0.6234603497977503,
            0.622479963870168,
            0.6212073591292284,
            0.6196449581553668,
            0.6174943231014278,
            0.6150620862857372,
            0.6123516020972464,
            0.6093665351365951,
            0.6058098003991201,
            0.6019905660044863,
            0.5979139741476831,
            0.5932858190333468,
            0.5884167458048558,
            0.5833138158470715,
            0.5776877577336117,
            0.5718496495189176,
            0.5658087642281963,
            0.5592829827527596,
            0.552582140589657,
            0.5457177228705153,
            0.5387016866057711,
            0.5315464092304227,
            0.5242646301071956,
            0.5168693858266167,
            0.5093739403033158,
            0.5017917108009601,
            0.4943998887152352,
            0.48693722497078945,
            0.4796721312099958,
            0.472350875042948,
            0.46523273716560026,
            0.45831413487422623,
            0.4513531871490822,
            0.44459507168639273,
            0.4380351915527237,
            0.43166878664533176,
            0.4254909774038779,
            0.4194968034030566,
            0.4136812572121703,
            0.4080393139096922,
            0.4025659566346522,
            0.39745716973078765,
            0.39249752028646373,
            0.3878764178578262,
            0.383386705775379,
            0.379024412793167,
            0.37497007417572564,
            0.37102743395603166,
            0.3673718526888696,
            0.3639899406150475,
            0.36069565502851264,
            0.3576577770722396,
            0.35469595960684447,
            0.3519750955977646,
            0.34948505041416295,
            0.34705322217066736,
            0.3448396107630658
        ],
        "prompts": [
            "N/A",
            "N/A",
            "N/A",
            "N/A",
            "N/A",
            "N/A",
            "N/A",
            "N/A",
            "N/A",
            "N/A",
            "N/A",
            "N/A",
            "N/A",
            "N/A",
            "N/A",
            "N/A",
            "N/A",
            "N/A",
            "N/A",
            "N/A",
            "N/A",
            "N/A",
            "N/A",
            "N/A",
            "N/A",
            "N/A",
            "N/A",
            "N/A",
            "N/A",
            "N/A",
            "N/A",
            "N/A",
            "N/A",
            "N/A",
            "N/A",
            "N/A",
            "N/A",
            "N/A",
            "N/A",
            "N/A",
            "N/A",
            "N/A",
            "N/A",
            "N/A",
            "N/A",
            "N/A",
            "N/A",
            "N/A",
            "N/A",
            "N/A",
            "N/A",
            "N/A",
            "N/A",
            "N/A",
            "N/A",
            "N/A",
            "N/A",
            "N/A",
            "N/A",
            "N/A",
            "N/A",
            "N/A",
            "N/A",
            "N/A",
            "N/A",
            "N/A",
            "N/A",
            "N/A",
            "N/A",
            "N/A"
        ],