{
    "wolf_id": 1,
    "beta": 0.1,
    "gamma": 1.5,
    "delta": 0.75,
    "alive": false,
    "born_at_step": 0,
    "died_at_step": 8,
    "thetas": [
        0.5,
        0.23611217206642765,
        0.2388408845767664,
        0.24158111224112155,
        0.24433251885913995,
        0.2470947646361184,
        0.2498675064005399,
        0.25274521824853496,
        0.25563487643124744,
        0.258536124983431
    ],
    "decision_history": {
        "history_steps": [
            0,
            1,
            2,
            3,
            4,
            5,
            6,
            7,
            8
        ],
        "new_thetas": [
            0.23611217206642765,
            0.2388408845767664,
            0.24158111224112155,
            0.24433251885913995,
            0.2470947646361184,
            0.2498675064005399,
            0.25274521824853496,
            0.25563487643124744,
            0.258536124983431
        ],
        "prompts": [
            "N/A",
            "N/A",
            "N/A",
            "N/A",
            "N/A",
            "N/A",
            "N/A",
            "N/A",
            "N/A"
        ],
        "explanations": [
            "Calculated theta: 0.2361 based on sheep population: 17.00",
            "Calculated theta: 0.2388 based on sheep population: 17.26",
            "Calculated theta: 0.2416 based on sheep population: 17.52",
            "Calculated theta: 0.2443 based on sheep population: 17.78",
            "Calculated theta: 0.2471 based on sheep population: 18.05",
            "Calculated theta: 0.2499 based on sheep population: 18.32",
            "Calculated theta: 0.2527 based on sheep population: 18.60",
            "Calculated theta: 0.2556 based on sheep population: 18.89",
            "Calculated theta: 0.2585 based on sheep population: 19.18"
        ],
        "vocalizations": [
            "Calculated theta: 0.2361 based on sheep population: 17.00",
            "Calculated theta: 0.2388 based on sheep population: 17.26",
            "Calculated theta: 0.2416 based on sheep population: 17.52",
            "Calculated theta: 0.2443 based on sheep population: 17.78",
            "Calculated theta: 0.2471 based on sheep population: 18.05",
            "Calculated theta: 0.2499 based on sheep population: 18.32",
            "Calculated theta: 0.2527 based on sheep population: 18.60",
            "Calculated theta: 0.2556 based on sheep population: 18.89",
            "Calculated theta: 0.2585 based on sheep population: 19.18"
        ]
    }
}