{
    "wolf_id": 82,
    "beta": 0.1,
    "gamma": 1.5,
    "delta": 0.75,
    "alive": false,
    "born_at_step": 36,
    "died_at_step": 87,
    "thetas": [
        0.5,
        0.4537305890111134,
        0.3744516099850999,
        0.32022346814769415,
        0.28590132473956403,
        0.26392696155247625,
        0.2503976506974438,
        0.24272317717628641,
        0.23900162922543128,
        0.23806184565195815,
        0.23957273595172385,
        0.2433686496060196,
        0.2484386957147885,
        0.25480952763116677,
        0.2625399873314365,
        0.2717209162778852,
        0.28190178142740613,
        0.29317697305879203,
        0.30501013032561913,
        0.3181321002427769,
        0.3319475830359857,
        0.34651119405601527,
        0.3610561769217253,
        0.37641733334580474,
        0.3926526476497234,
        0.40884648257962525,
        0.4259822345393231,
        0.44303738980777424,
        0.45996690860822015,
        0.47672886586673485,
        0.49328475664526467,
        0.5095997060773138,
        0.5256425888613085,
        0.5413860660505871,
        0.5568065487739479,
        0.5718840996554961,
        0.5851611829438645,
        0.5966108515961049,
        0.6062277718791387,
        0.6124875666305641,
        0.6154118141628534,
        0.613434301937395,
        0.6066275457438358,
        0.5934385125685385,
        0.5724347025245525,
        0.5443168571516127,
        0.5103268887743931,
        0.475487337778722,
        0.4423691641222021,
        0.41272520789179956,
        0.3875070752272067,
        0.3681575859115375
    ],
    "decision_history": {
        "history_steps": [
            37,
            38,
            39,
            40,
            41,
            42,
            43,
            44,
            45,
            46,
            47,
            48,
            49,
            50,
            51,
            52,
            53,
            54,
            55,
            56,
            57,
            58,
            59,
            60,
            61,
            62,
            63,
            64,
            65,
            66,
            67,
            68,
            69,
            70,
            71,
            72,
            73,
            74,
            75,
            76,
            77,
            78,
            79,
            80,
            81,
            82,
            83,
            84,
            85,
            86,
            87
        ],
        "new_thetas": [
            0.4537305890111134,
            0.3744516099850999,
            0.32022346814769415,
            0.28590132473956403,
            0.26392696155247625,
            0.2503976506974438,
            0.24272317717628641,
            0.23900162922543128,
            0.23806184565195815,
            0.23957273595172385,
            0.2433686496060196,
            0.2484386957147885,
            0.25480952763116677,
            0.2625399873314365,
            0.2717209162778852,
            0.28190178142740613,
            0.29317697305879203,
            0.30501013032561913,
            0.3181321002427769,
            0.3319475830359857,
            0.34651119405601527,
            0.3610561769217253,
            0.37641733334580474,
            0.3926526476497234,
            0.40884648257962525,
            0.4259822345393231,
            0.44303738980777424,
            0.45996690860822015,
            0.47672886586673485,
            0.49328475664526467,
            0.5095997060773138,
            0.5256425888613085,
            0.5413860660505871,
            0.5568065487739479,
            0.5718840996554961,
            0.5851611829438645,
            0.5966108515961049,
            0.6062277718791387,
            0.6124875666305641,
            0.6154118141628534,
            0.613434301937395,
            0.6066275457438358,
            0.5934385125685385,
            0.5724347025245525,
            0.5443168571516127,
            0.5103268887743931,
            0.475487337778722,
            0.4423691641222021,
            0.41272520789179956,
            0.3875070752272067,
            0.3681575859115375
        ],
        "prompts": [
            "N/A",
            "N/A",
            "N/A",
            "N/A",
            "N/A",
            "N/A",
            "N/A",
            "N/A",
            "N/A",
            "N/A",
            "N/A",
            "N/A",
            "N/A",
            "N/A",
            "N/A",
            "N/A",
            "N/A",
            "N/A",
            "N/A",
            "N/A",
            "N/A",
            "N/A",
            "N/A",
            "N/A",
            "N/A",
            "N/A",
            "N/A",
            "N/A",
            "N/A",
            "N/A",
            "N/A",
            "N/A",
            "N/A",
            "N/A",
            "N/A",
            "N/A",
            "N/A",
            "N/A",
            "N/A",
            "N/A",
            "N/A",
            "N/A",
            "N/A",
            "N/A",
            "N/A",
            "N/A",
            "N/A",
            "N/A",
            "N/A",
            "N/A",
            "N/A"
        ],