{
    "wolf_id": 103,
    "beta": 0.1,
    "gamma": 1.5,
    "delta": 0.75,
    "alive": false,
    "born_at_step": 78,
    "died_at_step": 95,
    "thetas": [
        0.5,
        0.5934385125685385,
        0.5724347025245525,
        0.5443168571516127,
        0.5103268887743931,
        0.475487337778722,
        0.4423691641222021,
        0.41272520789179956,
        0.3875070752272067,
        0.3681575859115375,
        0.35340105570677255,
        0.3432269806901439,
        0.3367696070852398,
        0.33343872401167773,
        0.33283828523134407,
        0.3339042804486523,
        0.3365293063449366,
        0.34064757431463666
    ],
    "decision_history": {
        "history_steps": [
            79,
            80,
            81,
            82,
            83,
            84,
            85,
            86,
            87,
            88,
            89,
            90,
            91,
            92,
            93,
            94,
            95
        ],
        "new_thetas": [
            0.5934385125685385,
            0.5724347025245525,
            0.5443168571516127,
            0.5103268887743931,
            0.475487337778722,
            0.4423691641222021,
            0.41272520789179956,
            0.3875070752272067,
            0.3681575859115375,
            0.35340105570677255,
            0.3432269806901439,
            0.3367696070852398,
            0.33343872401167773,
            0.33283828523134407,
            0.3339042804486523,
            0.3365293063449366,
            0.34064757431463666
        ],
        "prompts": [
            "N/A",
            "N/A",
            "N/A",
            "N/A",
            "N/A",
            "N/A",
            "N/A",
            "N/A",
            "N/A",
            "N/A",
            "N/A",
            "N/A",
            "N/A",
            "N/A",
            "N/A",
            "N/A",
            "N/A"
        ],
        "explanations": [
            "Calculated theta: 0.5934 based on sheep population: 72.98",
            "Calculated theta: 0.5724 based on sheep population: 66.94",
            "Calculated theta: 0.5443 based on sheep population: 59.73",
            "Calculated theta: 0.5103 based on sheep population: 52.11",
            "Calculated theta: 0.4755 based on sheep population: 45.33",
            "Calculated theta: 0.4424 based on sheep population: 39.66",
            "Calculated theta: 0.4127 based on sheep population: 35.14",
            "Calculated theta: 0.3875 based on sheep population: 31.63",
            "Calculated theta: 0.3682 based on sheep population: 29.13",
            "Calculated theta: 0.3534 based on sheep population: 27.33",
            "Calculated theta: 0.3432 based on sheep population: 26.13",
            "Calculated theta: 0.3368 based on sheep population: 25.39",
            "Calculated theta: 0.3334 based on sheep population: 25.01",
            "Calculated theta: 0.3328 based on sheep population: 24.94",
            "Calculated theta: 0.3339 based on sheep population: 25.06",
            "Calculated theta: 0.3365 based on sheep population: 25.36",
            "Calculated theta: 0.3406 based on sheep population: 25.83"
        ],
        "vocalizations": [
            "Calculated theta: 0.5934 based on sheep population: 72.98",
            "Calculated theta: 0.5724 based on sheep population: 66.94",
            "Calculated theta: 0.5443 based on sheep population: 59.73",
            "Calculated theta: 0.5103 based on sheep population: 52.11",
            "Calculated theta: 0.4755 based on sheep population: 45.33",
            "Calculated theta: 0.4424 based on sheep population: 39.66",
            "Calculated theta: 0.4127 based on sheep population: 35.14",
            "Calculated theta: 0.3875 based on sheep population: 31.63",
            "Calculated theta: 0.3682 based on sheep population: 29.13",
            "Calculated theta: 0.3534 based on sheep population: 27.33",
            "Calculated theta: 0.3432 based on sheep population: 26.13",
            "Calculated theta: 0.3368 based on sheep population: 25.39",
            "Calculated theta: 0.3334 based on sheep population: 25.01",
            "Calculated theta: 0.3328 based on sheep population: 24.94",
            "Calculated theta: 0.3339 based on sheep population: 25.06",
            "Calculated theta: 0.3365 based on sheep population: 25.36",
            "Calculated theta: 0.3406 based on sheep population: 25.83"
        ]
    }
}