{
    "wolf_id": 2,
    "beta": 0.1,
    "gamma": 1.5,
    "delta": 0.75,
    "alive": false,
    "born_at_step": 0,
    "died_at_step": 2,
    "thetas": [
        0.5,
        0.16666805555324074,
        0.1778582782919881,
        0.18973192175818046
    ],
    "decision_history": {
        "history_steps": [
            0,
            1,
            2
        ],
        "new_thetas": [
            0.16666805555324074,
            0.1778582782919881,
            0.18973192175818046
        ],
        "prompts": [
            "N/A",
            "N/A",
            "N/A"
        ],
        "explanations": [
            "Calculated theta: 0.1667 based on sheep population: 10.00",
            "Calculated theta: 0.1779 based on sheep population: 10.82",
            "Calculated theta: 0.1897 based on sheep population: 11.71"
        ],
        "vocalizations": [
            "Calculated theta: 0.1667 based on sheep population: 10.00",
            "Calculated theta: 0.1779 based on sheep population: 10.82",
            "Calculated theta: 0.1897 based on sheep population: 11.71"
        ]
    }
}