{
    "wolf_id": 111,
    "beta": 0.1,
    "gamma": 1.5,
    "delta": 0.75,
    "alive": false,
    "born_at_step": 80,
    "died_at_step": 104,
    "thetas": [
        0.5,
        0.5443168571516127,
        0.5103268887743931,
        0.475487337778722,
        0.4423691641222021,
        0.41272520789179956,
        0.3875070752272067,
        0.3681575859115375,
        0.35340105570677255,
        0.3432269806901439,
        0.3367696070852398,
        0.33343872401167773,
        0.33283828523134407,
        0.3339042804486523,
        0.3365293063449366,
        0.34064757431463666,
        0.3462280118399033,
        0.3532694462832846,
        0.3609315140026239,
        0.37012659037962076,
        0.3799943377177283,
        0.390568457961287,
        0.4018853937927593,
        0.4129621616925628,
        0.42484548099808783
    ],
    "decision_history": {
        "history_steps": [
            81,
            82,
            83,
            84,
            85,
            86,
            87,
            88,
            89,
            90,
            91,
            92,
            93,
            94,
            95,
            96,
            97,
            98,
            99,
            100,
            101,
            102,
            103,
            104
        ],
        "new_thetas": [
            0.5443168571516127,
            0.5103268887743931,
            0.475487337778722,
            0.4423691641222021,
            0.41272520789179956,
            0.3875070752272067,
            0.3681575859115375,
            0.35340105570677255,
            0.3432269806901439,
            0.3367696070852398,
            0.33343872401167773,
            0.33283828523134407,
            0.3339042804486523,
            0.3365293063449366,
            0.34064757431463666,
            0.3462280118399033,
            0.3532694462832846,
            0.3609315140026239,
            0.37012659037962076,
            0.3799943377177283,
            0.390568457961287,
            0.4018853937927593,
            0.4129621616925628,
            0.42484548099808783
        ],
        "prompts": [
            "N/A",
            "N/A",
            "N/A",
            "N/A",
            "N/A",
            "N/A",
            "N/A",
            "N/A",
            "N/A",
            "N/A",
            "N/A",
            "N/A",
            "N/A",
            "N/A",
            "N/A",
            "N/A",
            "N/A",
            "N/A",
            "N/A",
            "N/A",
            "N/A",
            "N/A",
            "N/A",
            "N/A"
        ],
        "explanations": [
            "Calculated theta: 0.5443 based on sheep population: 59.73",
            "Calculated theta: 0.5103 based on sheep population: 52.11",
            "Calculated theta: 0.4755 based on sheep population: 45.33",
            "Calculated theta: 0.4424 based on sheep population: 39.66",
            "Calculated theta: 0.4127 based on sheep population: 35.14",
            "Calculated theta: 0.3875 based on sheep population: 31.63",
            "Calculated theta: 0.3682 based on sheep population: 29.13",
            "Calculated theta: 0.3534 based on sheep population: 27.33",
            "Calculated theta: 0.3432 based on sheep population: 26.13",
            "Calculated theta: 0.3368 based on sheep population: 25.39",
            "Calculated theta: 0.3334 based on sheep population: 25.01",
            "Calculated theta: 0.3328 based on sheep population: 24.94",
            "Calculated theta: 0.3339 based on sheep population: 25.06",
            "Calculated theta: 0.3365 based on sheep population: 25.36",
            "Calculated theta: 0.3406 based on sheep population: 25.83",
            "Calculated theta: 0.3462 based on sheep population: 26.48",
            "Calculated theta: 0.3533 based on sheep population: 27.31",
            "Calculated theta: 0.3609 based on sheep population: 28.24",
            "Calculated theta: 0.3701 based on sheep population: 29.38",
            "Calculated theta: 0.3800 based on sheep population: 30.64",
            "Calculated theta: 0.3906 based on sheep population: 32.04",
            "Calculated theta: 0.4019 based on sheep population: 33.60",
            "Calculated theta: 0.4130 based on sheep population: 35.17",
            "Calculated theta: 0.4248 based on sheep population: 36.93"
        ],
        "vocalizations": [
            "Calculated theta: 0.5443 based on sheep population: 59.73",
            "Calculated theta: 0.5103 based on sheep population: 52.11",
            "Calculated theta: 0.4755 based on sheep population: 45.33",
            "Calculated theta: 0.4424 based on sheep population: 39.66",
            "Calculated theta: 0.4127 based on sheep population: 35.14",
            "Calculated theta: 0.3875 based on sheep population: 31.63",
            "Calculated theta: 0.3682 based on sheep population: 29.13",
            "Calculated theta: 0.3534 based on sheep population: 27.33",
            "Calculated theta: 0.3432 based on sheep population: 26.13",
            "Calculated theta: 0.3368 based on sheep population: 25.39",
            "Calculated theta: 0.3334 based on sheep population: 25.01",
            "Calculated theta: 0.3328 based on sheep population: 24.94",
            "Calculated theta: 0.3339 based on sheep population: 25.06",
            "Calculated theta: 0.3365 based on sheep population: 25.36",
            "Calculated theta: 0.3406 based on sheep population: 25.83",
            "Calculated theta: 0.3462 based on sheep population: 26.48",
            "Calculated theta: 0.3533 based on sheep population: 27.31",
            "Calculated theta: 0.3609 based on sheep population: 28.24",
            "Calculated theta: 0.3701 based on sheep population: 29.38",
            "Calculated theta: 0.3800 based on sheep population: 30.64",
            "Calculated theta: 0.3906 based on sheep population: 32.04",
            "Calculated theta: 0.4019 based on sheep population: 33.60",
            "Calculated theta: 0.4130 based on sheep population: 35.17",
            "Calculated theta: 0.4248 based on sheep population: 36.93"
        ]
    }
}