{
    "wolf_id": 146,
    "beta": 0.1,
    "gamma": 1.5,
    "delta": 0.75,
    "alive": false,
    "born_at_step": 157,
    "died_at_step": 223,
    "thetas": [
        0.5,
        0.5218635792951782,
        0.5238890644086046,
        0.5243955502915243,
        0.5234383291990384,
        0.5210822530288257,
        0.5174011638805668,
        0.5110228388713384,
        0.5035930132621639,
        0.4952173415642126,
        0.48600695182443676,
        0.47607690469272823,
        0.4669001514456722,
        0.45709823279118517,
        0.44807707474448083,
        0.43977347774155634,
        0.4321284333451158,
        0.4250872385119165,
        0.41976578800813047,
        0.4159817495631756,
        0.41358649140207326,
        0.4124596164161488,
        0.4114030048529825,
        0.4115096459700667,
        0.41270383940950645,
        0.41492652892435,
        0.4181328243533793,
        0.4222899798833285,
        0.42737573259017,
        0.4322481770984338,
        0.4380593274785973,
        0.44364084245165036,
        0.4489989055692791,
        0.4553365329613083,
        0.4614352147885704,
        0.4673009190099555,
        0.47293993096675385,
        0.4783587716185,
        0.4835641257153225,
        0.48856277921101754,
        0.4933615651770466,
        0.4979673174628128,
        0.5010378032213553,
        0.5039747319313465,
        0.5054096563754431,
        0.506777796580761,
        0.5066922967087578,
        0.5052134713248593,
        0.5024112579340491,
        0.4983644627842092,
        0.4931600372501444,
        0.48827819708999753,
        0.48232948868197917,
        0.4754131036754808,
        0.4689731744477168,
        0.46297692592426665,
        0.45739347280224907,
        0.4521938333539928,
        0.4473509025283483,
        0.4428393965812851,
        0.43863577861858516,
        0.43471817215287556,
        0.4310662679755363,
        0.4288356718679299,
        0.42674723662485303,
        0.4259454730682922,
        0.4263380416089437
    ],
    "decision_history": {
        "history_steps": [
            158,
            159,
            160,
            161,
            162,
            163,
            164,
            165,
            166,
            167,
            168,
            169,
            170,
            171,
            172,
            173,
            174,
            175,
            176,
            177,
            178,
            179,
            180,
            181,
            182,
            183,
            184,
            185,
            186,
            187,
            188,
            189,
            190,
            191,
            192,
            193,
            194,
            195,
            196,
            197,
            198,
            199,
            200,
            201,
            202,
            203,
            204,
            205,
            206,
            207,
            208,
            209,
            210,
            211,
            212,
            213,
            214,
            215,
            216,
            217,
            218,
            219,
            220,
            221,
            222,
            223
        ],
        "new_thetas": [
            0.5218635792951782,
            0.5238890644086046,
            0.5243955502915243,
            0.5234383291990384,
            0.5210822530288257,
            0.5174011638805668,
            0.5110228388713384,
            0.5035930132621639,
            0.4952173415642126,
            0.48600695182443676,
            0.47607690469272823,
            0.4669001514456722,
            0.45709823279118517,
            0.44807707474448083,
            0.43977347774155634,
            0.4321284333451158,
            0.4250872385119165,
            0.41976578800813047,
            0.4159817495631756,
            0.41358649140207326,
            0.4124596164161488,
            0.4114030048529825,
            0.4115096459700667,
            0.41270383940950645,
            0.41492652892435,
            0.4181328243533793,
            0.4222899798833285,
            0.42737573259017,
            0.4322481770984338,
            0.4380593274785973,
            0.44364084245165036,
            0.4489989055692791,
            0.4553365329613083,
            0.4614352147885704,
            0.4673009190099555,
            0.47293993096675385,
            0.4783587716185,
            0.4835641257153225,
            0.48856277921101754,
            0.4933615651770466,
            0.4979673174628128,
            0.5010378032213553,
            0.5039747319313465,
            0.5054096563754431,
            0.506777796580761,
            0.5066922967087578,
            0.5052134713248593,
            0.5024112579340491,
            0.4983644627842092,
            0.4931600372501444,
            0.48827819708999753,
            0.48232948868197917,
            0.4754131036754808,
            0.4689731744477168,
            0.46297692592426665,
            0.45739347280224907,
            0.4521938333539928,
            0.4473509025283483,
            0.4428393965812851,
            0.43863577861858516,
            0.43471817215287556,
            0.4310662679755363,
            0.4288356718679299,
            0.42674723662485303,
            0.4259454730682922,
            0.4263380416089437
        ],
        "prompts": [
            "N/A",
            "N/A",
            "N/A",
            "N/A",
            "N/A",
            "N/A",
            "N/A",
            "N/A",
            "N/A",
            "N/A",
            "N/A",
            "N/A",
            "N/A",
            "N/A",
            "N/A",
            "N/A",
            "N/A",
            "N/A",
            "N/A",
            "N/A",
            "N/A",
            "N/A",
            "N/A",
            "N/A",
            "N/A",
            "N/A",
            "N/A",
            "N/A",
            "N/A",
            "N/A",
            "N/A",
            "N/A",
            "N/A",
            "N/A",
            "N/A",
            "N/A",
            "N/A",
            "N/A",
            "N/A",
            "N/A",
            "N/A",
            "N/A",
            "N/A",
            "N/A",
            "N/A",
            "N/A",
            "N/A",
            "N/A",
            "N/A",
            "N/A",
            "N/A",
            "N/A",
            "N/A",
            "N/A",
            "N/A",
            "N/A",
            "N/A",
            "N/A",
            "N/A",
            "N/A",
            "N/A",
            "N/A",
            "N/A",
            "N/A",
            "N/A",
            "N/A"
        ],