{
    "wolf_id": 14,
    "beta": 0.1,
    "gamma": 1.5,
    "delta": 0.75,
    "alive": false,
    "born_at_step": 29,
    "died_at_step": 39,
    "thetas": [
        0.5,
        0.7019756189620723,
        0.7097637600005464,
        0.711058059759827,
        0.7024273592432412,
        0.677847704349842,
        0.6278341151092671,
        0.5485107692940074,
        0.4537305890111134,
        0.3744516099850999,
        0.32022346814769415
    ],
    "decision_history": {
        "history_steps": [
            30,
            31,
            32,
            33,
            34,
            35,
            36,
            37,
            38,
            39
        ],
        "new_thetas": [
            0.7019756189620723,
            0.7097637600005464,
            0.711058059759827,
            0.7024273592432412,
            0.677847704349842,
            0.6278341151092671,
            0.5485107692940074,
            0.4537305890111134,
            0.3744516099850999,
            0.32022346814769415
        ],
        "prompts": [
            "N/A",
            "N/A",
            "N/A",
            "N/A",
            "N/A",
            "N/A",
            "N/A",
            "N/A",
            "N/A",
            "N/A"
        ],
        "explanations": [
            "Calculated theta: 0.7020 based on sheep population: 117.77",
            "Calculated theta: 0.7098 based on sheep population: 122.27",
            "Calculated theta: 0.7111 based on sheep population: 123.05",
            "Calculated theta: 0.7024 based on sheep population: 118.03",
            "Calculated theta: 0.6778 based on sheep population: 105.21",
            "Calculated theta: 0.6278 based on sheep population: 84.35",
            "Calculated theta: 0.5485 based on sheep population: 60.74",
            "Calculated theta: 0.4537 based on sheep population: 41.53",
            "Calculated theta: 0.3745 based on sheep population: 29.93",
            "Calculated theta: 0.3202 based on sheep population: 23.55"
        ],
        "vocalizations": [
            "Calculated theta: 0.7020 based on sheep population: 117.77",
            "Calculated theta: 0.7098 based on sheep population: 122.27",
            "Calculated theta: 0.7111 based on sheep population: 123.05",
            "Calculated theta: 0.7024 based on sheep population: 118.03",
            "Calculated theta: 0.6778 based on sheep population: 105.21",
            "Calculated theta: 0.6278 based on sheep population: 84.35",
            "Calculated theta: 0.5485 based on sheep population: 60.74",
            "Calculated theta: 0.4537 based on sheep population: 41.53",
            "Calculated theta: 0.3745 based on sheep population: 29.93",
            "Calculated theta: 0.3202 based on sheep population: 23.55"
        ]
    }
}