{
    "wolf_id": 192,
    "beta": 0.1,
    "gamma": 1.5,
    "delta": 0.75,
    "alive": true,
    "born_at_step": 433,
    "died_at_step": null,
    "thetas": [
        0.5,
        0.467341894242043,
        0.46406160796971246,
        0.46098420801612305,
        0.4580968803330681,
        0.4553876155525127,
        0.45284516519591866,
        0.45045899829468905,
        0.4482192589752723,
        0.44611672540246955,
        0.44414277034957944,
        0.44350088925936404,
        0.44289587400838787,
        0.44232558472967665,
        0.4429879458300188,
        0.4436146367806456,
        0.4454068162256777,
        0.44710847396362696,
        0.4487239821394273,
        0.45025752726064283,
        0.4529298752692112,
        0.45547507884300775,
        0.45789876079113145,
        0.4602063535188576,
        0.4624030970246228,
        0.46449403844523,
        0.4664840328982372,
        0.46837774540171123,
        0.47017965367968645,
        0.4718940516869243,
        0.4735250537090848,
        0.4750765989144062,
        0.4765524562506409,
        0.4779562295965365,
        0.47929136309076964,
        0.48056114657314725,
        0.48176872108325675,
        0.4815964777777809,
        0.48143323216442624,
        0.48127851354199536,
        0.4798060920887944,
        0.4784153178651889,
        0.47710162441335685,
        0.4758607017865268,
        0.4733737903210471,
        0.4710327264760003,
        0.46882883856503876,
        0.4667539685640936,
        0.46480044441605795,
        0.4616773711458867,
        0.4587472555411265,
        0.4559979063430648,
        0.45341790328007087,
        0.450996553537333,
        0.44872384907909874,
        0.44659042525050585,
        0.44458752095374593,
        0.4439200817830699,
        0.4432909933672313,
        0.44269802797024693,
        0.44334033541260215,
        0.44394803744939937,
        0.44572339372824576,
        0.44740903871957866,
        0.44900931044662196,
        0.450528362064939,
        0.45318784583172467
    ],
    "decision_history": {
        "history_steps": [
            434,
            435,
            436,
            437,
            438,
            439,
            440,
            441,
            442,
            443,
            444,
            445,
            446,
            447,
            448,
            449,
            450,
            451,
            452,
            453,
            454,
            455,
            456,
            457,
            458,
            459,
            460,
            461,
            462,
            463,
            464,
            465,
            466,
            467,
            468,
            469,
            470,
            471,
            472,
            473,
            474,
            475,
            476,
            477,
            478,
            479,
            480,
            481,
            482,
            483,
            484,
            485,
            486,
            487,
            488,
            489,
            490,
            491,
            492,
            493,
            494,
            495,
            496,
            497,
            498,
            499
        ],
        "new_thetas": [
            0.467341894242043,
            0.46406160796971246,
            0.46098420801612305,
            0.4580968803330681,
            0.4553876155525127,
            0.45284516519591866,
            0.45045899829468905,
            0.4482192589752723,
            0.44611672540246955,
            0.44414277034957944,
            0.44350088925936404,
            0.44289587400838787,
            0.44232558472967665,
            0.4429879458300188,
            0.4436146367806456,
            0.4454068162256777,
            0.44710847396362696,
            0.4487239821394273,
            0.45025752726064283,
            0.4529298752692112,
            0.45547507884300775,
            0.45789876079113145,
            0.4602063535188576,
            0.4624030970246228,
            0.46449403844523,
            0.4664840328982372,
            0.46837774540171123,
            0.47017965367968645,
            0.4718940516869243,
            0.4735250537090848,
            0.4750765989144062,
            0.4765524562506409,
            0.4779562295965365,
            0.47929136309076964,
            0.48056114657314725,
            0.48176872108325675,
            0.4815964777777809,
            0.48143323216442624,
            0.48127851354199536,
            0.4798060920887944,
            0.4784153178651889,
            0.47710162441335685,
            0.4758607017865268,
            0.4733737903210471,
            0.4710327264760003,
            0.46882883856503876,
            0.4667539685640936,
            0.46480044441605795,
            0.4616773711458867,
            0.4587472555411265,
            0.4559979063430648,
            0.45341790328007087,
            0.450996553537333,
            0.44872384907909874,
            0.44659042525050585,
            0.44458752095374593,
            0.4439200817830699,
            0.4432909933672313,
            0.44269802797024693,
            0.44334033541260215,
            0.44394803744939937,
            0.44572339372824576,
            0.44740903871957866,
            0.44900931044662196,
            0.450528362064939,
            0.45318784583172467
        ],
        "prompts": [
            "N/A",
            "N/A",
            "N/A",
            "N/A",
            "N/A",
            "N/A",
            "N/A",
            "N/A",
            "N/A",
            "N/A",
            "N/A",
            "N/A",
            "N/A",
            "N/A",
            "N/A",
            "N/A",
            "N/A",
            "N/A",
            "N/A",
            "N/A",
            "N/A",
            "N/A",
            "N/A",
            "N/A",
            "N/A",
            "N/A",
            "N/A",
            "N/A",
            "N/A",
            "N/A",
            "N/A",
            "N/A",
            "N/A",
            "N/A",
            "N/A",
            "N/A",
            "N/A",
            "N/A",
            "N/A",
            "N/A",
            "N/A",
            "N/A",
            "N/A",
            "N/A",
            "N/A",
            "N/A",
            "N/A",
            "N/A",
            "N/A",
            "N/A",
            "N/A",
            "N/A",
            "N/A",
            "N/A",
            "N/A",
            "N/A",
            "N/A",
            "N/A",
            "N/A",
            "N/A",
            "N/A",
            "N/A",
            "N/A",
            "N/A",
            "N/A",
            "N/A"
        ],