{
    "wolf_id": 3,
    "beta": 0.1,
    "gamma": 1.5,
    "delta": 0.75,
    "alive": false,
    "born_at_step": 0,
    "died_at_step": 63,
    "thetas": [
        0.5,
        0.4358988823105582,
        0.437271880023238,
        0.4386424439708837,
        0.4400105528296113,
        0.4413761856058502,
        0.442739321635399,
        0.4440999405824305,
        0.4454580224384455,
        0.44681354752117647,
        0.44816649647344414,
        0.4495168502619649,
        0.45086459017611386,
        0.45232186648306166,
        0.45377669664408404,
        0.4552290562902513,
        0.4566789214052422,
        0.45812626832466546,
        0.4595710737353211,
        0.4610133146744012,
        0.4624529685286329,
        0.46389001303336286,
        0.4653244262715872,
        0.4667561866729245,
        0.46818527301253593,
        0.4696116644099928,
        0.47115281920393615,
        0.47269143949806736,
        0.47422749807369835,
        0.4757609680889496,
        0.4772918230782828,
        0.47882003695196457,
        0.48034558399546284,
        0.4818684388687754,
        0.4833885766056929,
        0.48490597261299795,
        0.4864206026696008,
        0.48793244292561305,
        0.4894414699013608,
        0.49094766048633803,
        0.4924509919381019,
        0.49395144188111123,
        0.4954489883055091,
        0.4970679287567912,
        0.49868408775040274,
        0.5002974361336656,
        0.5019079451587584,
        0.5035155864822441,
        0.5051203321645245,
        0.5067221546692189,
        0.5083210268624724,
        0.5099169220121925,
        0.5115098137872152,
        0.5130996762564041,
        0.5146864838876817,
        0.516270211546995,
        0.5178508344972176,
        0.5194283283969863,
        0.5210026692994796,
        0.5225738336511323,
        0.5241417982902935,
        0.5257065404458254,
        0.527268037735646,
        0.5288262681652173,
        0.5303812101259787
    ],
    "decision_history": {
        "history_steps": [
            0,
            1,
            2,
            3,
            4,
            5,
            6,
            7,
            8,
            9,
            10,
            11,
            12,
            13,
            14,
            15,
            16,
            17,
            18,
            19,
            20,
            21,
            22,
            23,
            24,
            25,
            26,
            27,
            28,
            29,
            30,
            31,
            32,
            33,
            34,
            35,
            36,
            37,
            38,
            39,
            40,
            41,
            42,
            43,
            44,
            45,
            46,
            47,
            48,
            49,
            50,
            51,
            52,
            53,
            54,
            55,
            56,
            57,
            58,
            59,
            60,
            61,
            62,
            63
        ],
        "new_thetas": [
            0.4358988823105582,
            0.437271880023238,
            0.4386424439708837,
            0.4400105528296113,
            0.4413761856058502,
            0.442739321635399,
            0.4440999405824305,
            0.4454580224384455,
            0.44681354752117647,
            0.44816649647344414,
            0.4495168502619649,
            0.45086459017611386,
            0.45232186648306166,
            0.45377669664408404,
            0.4552290562902513,
            0.4566789214052422,
            0.45812626832466546,
            0.4595710737353211,
            0.4610133146744012,
            0.4624529685286329,
            0.46389001303336286,
            0.4653244262715872,
            0.4667561866729245,
            0.46818527301253593,
            0.4696116644099928,
            0.47115281920393615,
            0.47269143949806736,
            0.47422749807369835,
            0.4757609680889496,
            0.4772918230782828,
            0.47882003695196457,
            0.48034558399546284,
            0.4818684388687754,
            0.4833885766056929,
            0.48490597261299795,
            0.4864206026696008,
            0.48793244292561305,
            0.4894414699013608,
            0.49094766048633803,
            0.4924509919381019,
            0.49395144188111123,
            0.4954489883055091,
            0.4970679287567912,
            0.49868408775040274,
            0.5002974361336656,
            0.5019079451587584,
            0.5035155864822441,
            0.5051203321645245,
            0.5067221546692189,
            0.5083210268624724,
            0.5099169220121925,
            0.5115098137872152,
            0.5130996762564041,
            0.5146864838876817,
            0.516270211546995,
            0.5178508344972176,
            0.5194283283969863,
            0.5210026692994796,
            0.5225738336511323,
            0.5241417982902935,
            0.5257065404458254,
            0.527268037735646,
            0.5288262681652173,
            0.5303812101259787
        ],
        "prompts": [
            "N/A",
            "N/A",
            "N/A",
            "N/A",
            "N/A",
            "N/A",
            "N/A",
            "N/A",
            "N/A",
            "N/A",
            "N/A",
            "N/A",
            "N/A",
            "N/A",
            "N/A",
            "N/A",
            "N/A",
            "N/A",
            "N/A",
            "N/A",
            "N/A",
            "N/A",
            "N/A",
            "N/A",
            "N/A",
            "N/A",
            "N/A",
            "N/A",
            "N/A",
            "N/A",
            "N/A",
            "N/A",
            "N/A",
            "N/A",
            "N/A",
            "N/A",
            "N/A",
            "N/A",
            "N/A",
            "N/A",
            "N/A",
            "N/A",
            "N/A",
            "N/A",
            "N/A",
            "N/A",
            "N/A",
            "N/A",
            "N/A",
            "N/A",
            "N/A",
            "N/A",
            "N/A",
            "N/A",
            "N/A",
            "N/A",
            "N/A",
            "N/A",
            "N/A",
            "N/A",
            "N/A",
            "N/A",
            "N/A",
            "N/A"
        ],