{
    "wolf_id": 3,
    "beta": 0.1,
    "gamma": 1.5,
    "delta": 0.75,
    "alive": false,
    "born_at_step": 0,
    "died_at_step": 2,
    "thetas": [
        0.5,
        0.00398410342692815,
        0.004379026777966091,
        0.004812928640531637
    ],
    "decision_history": {
        "history_steps": [
            0,
            1,
            2
        ],
        "new_thetas": [
            0.00398410342692815,
            0.004379026777966091,
            0.004812928640531637
        ],
        "prompts": [
            "N/A",
            "N/A",
            "N/A"
        ],
        "explanations": [
            "Calculated theta: 0.0040 based on sheep population: 10.00",
            "Calculated theta: 0.0044 based on sheep population: 11.00",
            "Calculated theta: 0.0048 based on sheep population: 12.09"
        ],
        "vocalizations": [
            "Calculated theta: 0.0040 based on sheep population: 10.00",
            "Calculated theta: 0.0044 based on sheep population: 11.00",
            "Calculated theta: 0.0048 based on sheep population: 12.09"
        ]
    }
}