{
    "wolf_id": 56,
    "beta": 0.1,
    "gamma": 1.5,
    "delta": 0.75,
    "alive": false,
    "born_at_step": 139,
    "died_at_step": 158,
    "thetas": [
        0.287709318393664,
        0.9348191445874132,
        0.921839691440223,
        0.9048104937864982,
        0.883960072856058,
        0.8602837304957875,
        0.8356165811668782,
        0.8123864622844529,
        0.7914820043095524,
        0.7735122089590815,
        0.7588348620473688,
        0.7492746096860257,
        0.7431406108835985,
        0.7387494490592809,
        0.7376561717821593,
        0.7397188884263091,
        0.7432571703978186,
        0.7482011693868966,
        0.7544759985177625,
        0.7620006136973392
    ],
    "decision_history": {
        "history_steps": [
            140,
            141,
            142,
            143,
            144,
            145,
            146,
            147,
            148,
            149,
            150,
            151,
            152,
            153,
            154,
            155,
            156,
            157,
            158
        ],
        "new_thetas": [
            0.9348191445874132,
            0.921839691440223,
            0.9048104937864982,
            0.883960072856058,
            0.8602837304957875,
            0.8356165811668782,
            0.8123864622844529,
            0.7914820043095524,
            0.7735122089590815,
            0.7588348620473688,
            0.7492746096860257,
            0.7431406108835985,
            0.7387494490592809,
            0.7376561717821593,
            0.7397188884263091,
            0.7432571703978186,
            0.7482011693868966,
            0.7544759985177625,
            0.7620006136973392
        ],
        "prompts": [
            "N/A",
            "N/A",
            "N/A",
            "N/A",
            "N/A",
            "N/A",
            "N/A",
            "N/A",
            "N/A",
            "N/A",
            "N/A",
            "N/A",
            "N/A",
            "N/A",
            "N/A",
            "N/A",
            "N/A",
            "N/A",
            "N/A"
        ],
        "explanations": [
            "Calculated theta: 0.9348 based on sheep population: 31.55",
            "Calculated theta: 0.9218 based on sheep population: 25.95",
            "Calculated theta: 0.9048 based on sheep population: 20.91",
            "Calculated theta: 0.8840 based on sheep population: 16.76",
            "Calculated theta: 0.8603 based on sheep population: 13.55",
            "Calculated theta: 0.8356 based on sheep population: 11.18",
            "Calculated theta: 0.8124 based on sheep population: 9.53",
            "Calculated theta: 0.7915 based on sheep population: 8.35",
            "Calculated theta: 0.7735 based on sheep population: 7.51",
            "Calculated theta: 0.7588 based on sheep population: 6.92",
            "Calculated theta: 0.7493 based on sheep population: 6.57",
            "Calculated theta: 0.7431 based on sheep population: 6.36",
            "Calculated theta: 0.7387 based on sheep population: 6.22",
            "Calculated theta: 0.7377 based on sheep population: 6.19",
            "Calculated theta: 0.7397 based on sheep population: 6.25",
            "Calculated theta: 0.7433 based on sheep population: 6.37",
            "Calculated theta: 0.7482 based on sheep population: 6.54",
            "Calculated theta: 0.7545 based on sheep population: 6.76",
            "Calculated theta: 0.7620 based on sheep population: 7.04"
        ],
        "vocalizations": [
            "Calculated theta: 0.9348 based on sheep population: 31.55",
            "Calculated theta: 0.9218 based on sheep population: 25.95",
            "Calculated theta: 0.9048 based on sheep population: 20.91",
            "Calculated theta: 0.8840 based on sheep population: 16.76",
            "Calculated theta: 0.8603 based on sheep population: 13.55",
            "Calculated theta: 0.8356 based on sheep population: 11.18",
            "Calculated theta: 0.8124 based on sheep population: 9.53",
            "Calculated theta: 0.7915 based on sheep population: 8.35",
            "Calculated theta: 0.7735 based on sheep population: 7.51",
            "Calculated theta: 0.7588 based on sheep population: 6.92",
            "Calculated theta: 0.7493 based on sheep population: 6.57",
            "Calculated theta: 0.7431 based on sheep population: 6.36",
            "Calculated theta: 0.7387 based on sheep population: 6.22",
            "Calculated theta: 0.7377 based on sheep population: 6.19",
            "Calculated theta: 0.7397 based on sheep population: 6.25",
            "Calculated theta: 0.7433 based on sheep population: 6.37",
            "Calculated theta: 0.7482 based on sheep population: 6.54",
            "Calculated theta: 0.7545 based on sheep population: 6.76",
            "Calculated theta: 0.7620 based on sheep population: 7.04"
        ]
    }
}