{
    "wolf_id": 31,
    "beta": 0.1,
    "gamma": 1.5,
    "delta": 0.75,
    "alive": false,
    "born_at_step": 85,
    "died_at_step": 116,
    "thetas": [
        0.42628312979645777,
        0.9354827097525897,
        0.9298933289792558,
        0.9231511485798054,
        0.9150681603908168,
        0.9054294817755845,
        0.89505795786996,
        0.8839708587481002,
        0.872199570216828,
        0.8597897631691613,
        0.8494756302891932,
        0.8402194602190606,
        0.8321643926981367,
        0.8254144292288763,
        0.8214177723998274,
        0.8188188990132574,
        0.8176116076999218,
        0.8177708785472125,
        0.8192556198092135,
        0.822010647486336,
        0.8259679804678391,
        0.8298076806625548,
        0.8347582841608874,
        0.8407286164408486,
        0.8464738883044309,
        0.8531185865740539,
        0.8594815274031146,
        0.8655735780762607,
        0.8724112389477652,
        0.878919590220271,
        0.8851122291484038,
        0.8910024836128024
    ],
    "decision_history": {
        "history_steps": [
            86,
            87,
            88,
            89,
            90,
            91,
            92,
            93,
            94,
            95,
            96,
            97,
            98,
            99,
            100,
            101,
            102,
            103,
            104,
            105,
            106,
            107,
            108,
            109,
            110,
            111,
            112,
            113,
            114,
            115,
            116
        ],
        "new_thetas": [
            0.9354827097525897,
            0.9298933289792558,
            0.9231511485798054,
            0.9150681603908168,
            0.9054294817755845,
            0.89505795786996,
            0.8839708587481002,
            0.872199570216828,
            0.8597897631691613,
            0.8494756302891932,
            0.8402194602190606,
            0.8321643926981367,
            0.8254144292288763,
            0.8214177723998274,
            0.8188188990132574,
            0.8176116076999218,
            0.8177708785472125,
            0.8192556198092135,
            0.822010647486336,
            0.8259679804678391,
            0.8298076806625548,
            0.8347582841608874,
            0.8407286164408486,
            0.8464738883044309,
            0.8531185865740539,
            0.8594815274031146,
            0.8655735780762607,
            0.8724112389477652,
            0.878919590220271,
            0.8851122291484038,
            0.8910024836128024
        ],
        "prompts": [
            "N/A",
            "N/A",
            "N/A",
            "N/A",
            "N/A",
            "N/A",
            "N/A",
            "N/A",
            "N/A",
            "N/A",
            "N/A",
            "N/A",
            "N/A",
            "N/A",
            "N/A",
            "N/A",
            "N/A",
            "N/A",
            "N/A",
            "N/A",
            "N/A",
            "N/A",
            "N/A",
            "N/A",
            "N/A",
            "N/A",
            "N/A",
            "N/A",
            "N/A",
            "N/A",
            "N/A"
        ],
        "explanations": [
            "Calculated theta: 0.9355 based on sheep population: 31.90",
            "Calculated theta: 0.9299 based on sheep population: 29.18",
            "Calculated theta: 0.9232 based on sheep population: 26.43",
            "Calculated theta: 0.9151 based on sheep population: 23.70",
            "Calculated theta: 0.9054 based on sheep population: 21.06",
            "Calculated theta: 0.8951 based on sheep population: 18.76",
            "Calculated theta: 0.8840 based on sheep population: 16.76",
            "Calculated theta: 0.8722 based on sheep population: 15.01",
            "Calculated theta: 0.8598 based on sheep population: 13.49",
            "Calculated theta: 0.8495 based on sheep population: 12.42",
            "Calculated theta: 0.8402 based on sheep population: 11.57",
            "Calculated theta: 0.8322 based on sheep population: 10.91",
            "Calculated theta: 0.8254 based on sheep population: 10.40",
            "Calculated theta: 0.8214 based on sheep population: 10.12",
            "Calculated theta: 0.8188 based on sheep population: 9.94",
            "Calculated theta: 0.8176 based on sheep population: 9.86",
            "Calculated theta: 0.8178 based on sheep population: 9.87",
            "Calculated theta: 0.8193 based on sheep population: 9.97",
            "Calculated theta: 0.8220 based on sheep population: 10.16",
            "Calculated theta: 0.8260 based on sheep population: 10.44",
            "Calculated theta: 0.8298 based on sheep population: 10.73",
            "Calculated theta: 0.8348 based on sheep population: 11.11",
            "Calculated theta: 0.8407 based on sheep population: 11.61",
            "Calculated theta: 0.8465 based on sheep population: 12.13",
            "Calculated theta: 0.8531 based on sheep population: 12.78",
            "Calculated theta: 0.8595 based on sheep population: 13.46",
            "Calculated theta: 0.8656 based on sheep population: 14.17",
            "Calculated theta: 0.8724 based on sheep population: 15.04",
            "Calculated theta: 0.8789 based on sheep population: 15.97",
            "Calculated theta: 0.8851 based on sheep population: 16.95",
            "Calculated theta: 0.8910 based on sheep population: 17.98"
        ],
        "vocalizations": [
            "Calculated theta: 0.9355 based on sheep population: 31.90",
            "Calculated theta: 0.9299 based on sheep population: 29.18",
            "Calculated theta: 0.9232 based on sheep population: 26.43",
            "Calculated theta: 0.9151 based on sheep population: 23.70",
            "Calculated theta: 0.9054 based on sheep population: 21.06",
            "Calculated theta: 0.8951 based on sheep population: 18.76",
            "Calculated theta: 0.8840 based on sheep population: 16.76",
            "Calculated theta: 0.8722 based on sheep population: 15.01",
            "Calculated theta: 0.8598 based on sheep population: 13.49",
            "Calculated theta: 0.8495 based on sheep population: 12.42",
            "Calculated theta: 0.8402 based on sheep population: 11.57",
            "Calculated theta: 0.8322 based on sheep population: 10.91",
            "Calculated theta: 0.8254 based on sheep population: 10.40",
            "Calculated theta: 0.8214 based on sheep population: 10.12",
            "Calculated theta: 0.8188 based on sheep population: 9.94",
            "Calculated theta: 0.8176 based on sheep population: 9.86",
            "Calculated theta: 0.8178 based on sheep population: 9.87",
            "Calculated theta: 0.8193 based on sheep population: 9.97",
            "Calculated theta: 0.8220 based on sheep population: 10.16",
            "Calculated theta: 0.8260 based on sheep population: 10.44",
            "Calculated theta: 0.8298 based on sheep population: 10.73",
            "Calculated theta: 0.8348 based on sheep population: 11.11",
            "Calculated theta: 0.8407 based on sheep population: 11.61",
            "Calculated theta: 0.8465 based on sheep population: 12.13",
            "Calculated theta: 0.8531 based on sheep population: 12.78",
            "Calculated theta: 0.8595 based on sheep population: 13.46",
            "Calculated theta: 0.8656 based on sheep population: 14.17",
            "Calculated theta: 0.8724 based on sheep population: 15.04",
            "Calculated theta: 0.8789 based on sheep population: 15.97",
            "Calculated theta: 0.8851 based on sheep population: 16.95",
            "Calculated theta: 0.8910 based on sheep population: 17.98"
        ]
    }
}