{
    "wolf_id": 9,
    "beta": 0.1,
    "gamma": 1.5,
    "delta": 0.75,
    "alive": false,
    "born_at_step": 0,
    "died_at_step": 52,
    "thetas": [
        0.5,
        0.8854172634517528,
        0.8856808493958048,
        0.8859409848398804,
        0.8861977259717563,
        0.8874215009319867,
        0.888621924125166,
        0.889799623214661,
        0.8918869019443433,
        0.8939223107626193,
        0.8959075192131217,
        0.8978441316203501,
        0.8997336899630285,
        0.9024305233804664,
        0.9050451610463909,
        0.9075805199854915,
        0.9100393987650502,
        0.9124244826042426,
        0.9147383482873516,
        0.9169834688826864,
        0.919162218270062,
        0.9212768754805317,
        0.9233296288527468,
        0.925322580010818,
        0.9272577476689522,
        0.9291370712684113,
        0.9303177414678704,
        0.9314736777287911,
        0.9326055479346526,
        0.933084327802333,
        0.9335570309683235,
        0.9333896759206788,
        0.9325753094526588,
        0.9317580623409848,
        0.9302641125228907,
        0.9280535994635976,
        0.9250689335234084,
        0.9220053949822639,
        0.9180673189234646,
        0.914002841162932,
        0.9089369983638337,
        0.9036868378620251,
        0.8982577234491022,
        0.8926562541328588,
        0.8868902482464502,
        0.8809687073817885,
        0.8760141908936205,
        0.8709798944701693,
        0.867026988362676,
        0.8642030395947269,
        0.8625309486560783,
        0.8608683968580811,
        0.860367737565155,
        0.8610086473902353
    ],
    "decision_history": {
        "history_steps": [
            0,
            1,
            2,
            3,
            4,
            5,
            6,
            7,
            8,
            9,
            10,
            11,
            12,
            13,
            14,
            15,
            16,
            17,
            18,
            19,
            20,
            21,
            22,
            23,
            24,
            25,
            26,
            27,
            28,
            29,
            30,
            31,
            32,
            33,
            34,
            35,
            36,
            37,
            38,
            39,
            40,
            41,
            42,
            43,
            44,
            45,
            46,
            47,
            48,
            49,
            50,
            51,
            52
        ],
        "new_thetas": [
            0.8854172634517528,
            0.8856808493958048,
            0.8859409848398804,
            0.8861977259717563,
            0.8874215009319867,
            0.888621924125166,
            0.889799623214661,
            0.8918869019443433,
            0.8939223107626193,
            0.8959075192131217,
            0.8978441316203501,
            0.8997336899630285,
            0.9024305233804664,
            0.9050451610463909,
            0.9075805199854915,
            0.9100393987650502,
            0.9124244826042426,
            0.9147383482873516,
            0.9169834688826864,
            0.919162218270062,
            0.9212768754805317,
            0.9233296288527468,
            0.925322580010818,
            0.9272577476689522,
            0.9291370712684113,
            0.9303177414678704,
            0.9314736777287911,
            0.9326055479346526,
            0.933084327802333,
            0.9335570309683235,
            0.9333896759206788,
            0.9325753094526588,
            0.9317580623409848,
            0.9302641125228907,
            0.9280535994635976,
            0.9250689335234084,
            0.9220053949822639,
            0.9180673189234646,
            0.914002841162932,
            0.9089369983638337,
            0.9036868378620251,
            0.8982577234491022,
            0.8926562541328588,
            0.8868902482464502,
            0.8809687073817885,
            0.8760141908936205,
            0.8709798944701693,
            0.867026988362676,
            0.8642030395947269,
            0.8625309486560783,
            0.8608683968580811,
            0.860367737565155,
            0.8610086473902353
        ],
        "prompts": [
            "N/A",
            "N/A",
            "N/A",
            "N/A",
            "N/A",
            "N/A",
            "N/A",
            "N/A",
            "N/A",
            "N/A",
            "N/A",
            "N/A",
            "N/A",
            "N/A",
            "N/A",
            "N/A",
            "N/A",
            "N/A",
            "N/A",
            "N/A",
            "N/A",
            "N/A",
            "N/A",
            "N/A",
            "N/A",
            "N/A",
            "N/A",
            "N/A",
            "N/A",
            "N/A",
            "N/A",
            "N/A",
            "N/A",
            "N/A",
            "N/A",
            "N/A",
            "N/A",
            "N/A",
            "N/A",
            "N/A",
            "N/A",
            "N/A",
            "N/A",
            "N/A",
            "N/A",
            "N/A",
            "N/A",
            "N/A",
            "N/A",
            "N/A",
            "N/A",
            "N/A",
            "N/A"
        ],