{
    "wolf_id": 33,
    "beta": 0.1,
    "gamma": 1.5,
    "delta": 0.75,
    "alive": false,
    "born_at_step": 87,
    "died_at_step": 144,
    "thetas": [
        0.5768195089258443,
        0.9231511485798054,
        0.9150681603908168,
        0.9054294817755845,
        0.89505795786996,
        0.8839708587481002,
        0.872199570216828,
        0.8597897631691613,
        0.8494756302891932,
        0.8402194602190606,
        0.8321643926981367,
        0.8254144292288763,
        0.8214177723998274,
        0.8188188990132574,
        0.8176116076999218,
        0.8177708785472125,
        0.8192556198092135,
        0.822010647486336,
        0.8259679804678391,
        0.8298076806625548,
        0.8347582841608874,
        0.8407286164408486,
        0.8464738883044309,
        0.8531185865740539,
        0.8594815274031146,
        0.8655735780762607,
        0.8724112389477652,
        0.878919590220271,
        0.8851122291484038,
        0.8910024836128024,
        0.8966033742361368,
        0.9027433229898186,
        0.908540124888169,
        0.9140102777593447,
        0.9191698342966057,
        0.9240343631613631,
        0.9286189195984149,
        0.9329380243264448,
        0.9370056495778415,
        0.9408352112704804,
        0.9444395663983377,
        0.9478310148263182,
        0.9505626313189105,
        0.9531532155186442,
        0.9551854505751539,
        0.9567135254424296,
        0.9577772491767633,
        0.958403362429378,
        0.9581859828924431,
        0.9570974049991512,
        0.9545794729050484,
        0.9503620424640945,
        0.9440005019009512,
        0.9348191445874132,
        0.921839691440223,
        0.9048104937864982,
        0.883960072856058,
        0.8602837304957875
    ],
    "decision_history": {
        "history_steps": [
            88,
            89,
            90,
            91,
            92,
            93,
            94,
            95,
            96,
            97,
            98,
            99,
            100,
            101,
            102,
            103,
            104,
            105,
            106,
            107,
            108,
            109,
            110,
            111,
            112,
            113,
            114,
            115,
            116,
            117,
            118,
            119,
            120,
            121,
            122,
            123,
            124,
            125,
            126,
            127,
            128,
            129,
            130,
            131,
            132,
            133,
            134,
            135,
            136,
            137,
            138,
            139,
            140,
            141,
            142,
            143,
            144
        ],
        "new_thetas": [
            0.9231511485798054,
            0.9150681603908168,
            0.9054294817755845,
            0.89505795786996,
            0.8839708587481002,
            0.872199570216828,
            0.8597897631691613,
            0.8494756302891932,
            0.8402194602190606,
            0.8321643926981367,
            0.8254144292288763,
            0.8214177723998274,
            0.8188188990132574,
            0.8176116076999218,
            0.8177708785472125,
            0.8192556198092135,
            0.822010647486336,
            0.8259679804678391,
            0.8298076806625548,
            0.8347582841608874,
            0.8407286164408486,
            0.8464738883044309,
            0.8531185865740539,
            0.8594815274031146,
            0.8655735780762607,
            0.8724112389477652,
            0.878919590220271,
            0.8851122291484038,
            0.8910024836128024,
            0.8966033742361368,
            0.9027433229898186,
            0.908540124888169,
            0.9140102777593447,
            0.9191698342966057,
            0.9240343631613631,
            0.9286189195984149,
            0.9329380243264448,
            0.9370056495778415,
            0.9408352112704804,
            0.9444395663983377,
            0.9478310148263182,
            0.9505626313189105,
            0.9531532155186442,
            0.9551854505751539,
            0.9567135254424296,
            0.9577772491767633,
            0.958403362429378,
            0.9581859828924431,
            0.9570974049991512,
            0.9545794729050484,
            0.9503620424640945,
            0.9440005019009512,
            0.9348191445874132,
            0.921839691440223,
            0.9048104937864982,
            0.883960072856058,
            0.8602837304957875
        ],
        "prompts": [
            "N/A",
            "N/A",
            "N/A",
            "N/A",
            "N/A",
            "N/A",
            "N/A",
            "N/A",
            "N/A",
            "N/A",
            "N/A",
            "N/A",
            "N/A",
            "N/A",
            "N/A",
            "N/A",
            "N/A",
            "N/A",
            "N/A",
            "N/A",
            "N/A",
            "N/A",
            "N/A",
            "N/A",
            "N/A",
            "N/A",
            "N/A",
            "N/A",
            "N/A",
            "N/A",
            "N/A",
            "N/A",
            "N/A",
            "N/A",
            "N/A",
            "N/A",
            "N/A",
            "N/A",
            "N/A",
            "N/A",
            "N/A",
            "N/A",
            "N/A",
            "N/A",
            "N/A",
            "N/A",
            "N/A",
            "N/A",
            "N/A",
            "N/A",
            "N/A",
            "N/A",
            "N/A",
            "N/A",
            "N/A",
            "N/A",
            "N/A"
        ],