{
    "wolf_id": 89,
    "beta": 0.1,
    "gamma": 1.5,
    "delta": 0.75,
    "alive": false,
    "born_at_step": 195,
    "died_at_step": 208,
    "thetas": [
        0.12290728635534498,
        0.9502983106271232,
        0.9334960722010262,
        0.9050408442490508,
        0.8649367413922274,
        0.8156477554247087,
        0.7641122112007157,
        0.7166026150483589,
        0.6778133402538586,
        0.6483334653171801,
        0.6277158222648429,
        0.6151774927924148,
        0.6082926841760312,
        0.6049887210356473
    ],
    "decision_history": {
        "history_steps": [
            196,
            197,
            198,
            199,
            200,
            201,
            202,
            203,
            204,
            205,
            206,
            207,
            208
        ],
        "new_thetas": [
            0.9502983106271232,
            0.9334960722010262,
            0.9050408442490508,
            0.8649367413922274,
            0.8156477554247087,
            0.7641122112007157,
            0.7166026150483589,
            0.6778133402538586,
            0.6483334653171801,
            0.6277158222648429,
            0.6151774927924148,
            0.6082926841760312,
            0.6049887210356473
        ],
        "prompts": [
            "N/A",
            "N/A",
            "N/A",
            "N/A",
            "N/A",
            "N/A",
            "N/A",
            "N/A",
            "N/A",
            "N/A",
            "N/A",
            "N/A",
            "N/A"
        ],
        "explanations": [
            "Calculated theta: 0.9503 based on sheep population: 42.06",
            "Calculated theta: 0.9335 based on sheep population: 30.88",
            "Calculated theta: 0.9050 based on sheep population: 20.97",
            "Calculated theta: 0.8649 based on sheep population: 14.09",
            "Calculated theta: 0.8156 based on sheep population: 9.73",
            "Calculated theta: 0.7641 based on sheep population: 7.13",
            "Calculated theta: 0.7166 based on sheep population: 5.56",
            "Calculated theta: 0.6778 based on sheep population: 4.63",
            "Calculated theta: 0.6483 based on sheep population: 4.06",
            "Calculated theta: 0.6277 based on sheep population: 3.71",
            "Calculated theta: 0.6152 based on sheep population: 3.52",
            "Calculated theta: 0.6083 based on sheep population: 3.42",
            "Calculated theta: 0.6050 based on sheep population: 3.37"
        ],
        "vocalizations": [
            "Calculated theta: 0.9503 based on sheep population: 42.06",
            "Calculated theta: 0.9335 based on sheep population: 30.88",
            "Calculated theta: 0.9050 based on sheep population: 20.97",
            "Calculated theta: 0.8649 based on sheep population: 14.09",
            "Calculated theta: 0.8156 based on sheep population: 9.73",
            "Calculated theta: 0.7641 based on sheep population: 7.13",
            "Calculated theta: 0.7166 based on sheep population: 5.56",
            "Calculated theta: 0.6778 based on sheep population: 4.63",
            "Calculated theta: 0.6483 based on sheep population: 4.06",
            "Calculated theta: 0.6277 based on sheep population: 3.71",
            "Calculated theta: 0.6152 based on sheep population: 3.52",
            "Calculated theta: 0.6083 based on sheep population: 3.42",
            "Calculated theta: 0.6050 based on sheep population: 3.37"
        ]
    }
}