{
    "wolf_id": 10,
    "beta": 0.1,
    "gamma": 1.5,
    "delta": 0.75,
    "alive": false,
    "born_at_step": 23,
    "died_at_step": 53,
    "thetas": [
        0.9588082153355988,
        0.9291370712684113,
        0.9303177414678704,
        0.9314736777287911,
        0.9326055479346526,
        0.933084327802333,
        0.9335570309683235,
        0.9333896759206788,
        0.9325753094526588,
        0.9317580623409848,
        0.9302641125228907,
        0.9280535994635976,
        0.9250689335234084,
        0.9220053949822639,
        0.9180673189234646,
        0.914002841162932,
        0.9089369983638337,
        0.9036868378620251,
        0.8982577234491022,
        0.8926562541328588,
        0.8868902482464502,
        0.8809687073817885,
        0.8760141908936205,
        0.8709798944701693,
        0.867026988362676,
        0.8642030395947269,
        0.8625309486560783,
        0.8608683968580811,
        0.860367737565155,
        0.8610086473902353,
        0.8616387284777296
    ],
    "decision_history": {
        "history_steps": [
            24,
            25,
            26,
            27,
            28,
            29,
            30,
            31,
            32,
            33,
            34,
            35,
            36,
            37,
            38,
            39,
            40,
            41,
            42,
            43,
            44,
            45,
            46,
            47,
            48,
            49,
            50,
            51,
            52,
            53
        ],
        "new_thetas": [
            0.9291370712684113,
            0.9303177414678704,
            0.9314736777287911,
            0.9326055479346526,
            0.933084327802333,
            0.9335570309683235,
            0.9333896759206788,
            0.9325753094526588,
            0.9317580623409848,
            0.9302641125228907,
            0.9280535994635976,
            0.9250689335234084,
            0.9220053949822639,
            0.9180673189234646,
            0.914002841162932,
            0.9089369983638337,
            0.9036868378620251,
            0.8982577234491022,
            0.8926562541328588,
            0.8868902482464502,
            0.8809687073817885,
            0.8760141908936205,
            0.8709798944701693,
            0.867026988362676,
            0.8642030395947269,
            0.8625309486560783,
            0.8608683968580811,
            0.860367737565155,
            0.8610086473902353,
            0.8616387284777296
        ],
        "prompts": [
            "N/A",
            "N/A",
            "N/A",
            "N/A",
            "N/A",
            "N/A",
            "N/A",
            "N/A",
            "N/A",
            "N/A",
            "N/A",
            "N/A",
            "N/A",
            "N/A",
            "N/A",
            "N/A",
            "N/A",
            "N/A",
            "N/A",
            "N/A",
            "N/A",
            "N/A",
            "N/A",
            "N/A",
            "N/A",
            "N/A",
            "N/A",
            "N/A",
            "N/A",
            "N/A"
        ],
        "explanations": [
            "Calculated theta: 0.9291 based on sheep population: 28.85",
            "Calculated theta: 0.9303 based on sheep population: 29.37",
            "Calculated theta: 0.9315 based on sheep population: 29.90",
            "Calculated theta: 0.9326 based on sheep population: 30.44",
            "Calculated theta: 0.9331 based on sheep population: 30.68",
            "Calculated theta: 0.9336 based on sheep population: 30.91",
            "Calculated theta: 0.9334 based on sheep population: 30.83",
            "Calculated theta: 0.9326 based on sheep population: 30.43",
            "Calculated theta: 0.9318 based on sheep population: 30.04",
            "Calculated theta: 0.9303 based on sheep population: 29.35",
            "Calculated theta: 0.9281 based on sheep population: 28.38",
            "Calculated theta: 0.9251 based on sheep population: 27.16",
            "Calculated theta: 0.9220 based on sheep population: 26.01",
            "Calculated theta: 0.9181 based on sheep population: 24.65",
            "Calculated theta: 0.9140 based on sheep population: 23.38",
            "Calculated theta: 0.9089 based on sheep population: 21.96",
            "Calculated theta: 0.9037 based on sheep population: 20.64",
            "Calculated theta: 0.8983 based on sheep population: 19.42",
            "Calculated theta: 0.8927 based on sheep population: 18.29",
            "Calculated theta: 0.8869 based on sheep population: 17.25",
            "Calculated theta: 0.8810 based on sheep population: 16.28",
            "Calculated theta: 0.8760 based on sheep population: 15.54",
            "Calculated theta: 0.8710 based on sheep population: 14.85",
            "Calculated theta: 0.8670 based on sheep population: 14.34",
            "Calculated theta: 0.8642 based on sheep population: 14.00",
            "Calculated theta: 0.8625 based on sheep population: 13.80",
            "Calculated theta: 0.8609 based on sheep population: 13.61",
            "Calculated theta: 0.8604 based on sheep population: 13.56",
            "Calculated theta: 0.8610 based on sheep population: 13.63",
            "Calculated theta: 0.8616 based on sheep population: 13.70"
        ],
        "vocalizations": [
            "Calculated theta: 0.9291 based on sheep population: 28.85",
            "Calculated theta: 0.9303 based on sheep population: 29.37",
            "Calculated theta: 0.9315 based on sheep population: 29.90",
            "Calculated theta: 0.9326 based on sheep population: 30.44",
            "Calculated theta: 0.9331 based on sheep population: 30.68",
            "Calculated theta: 0.9336 based on sheep population: 30.91",
            "Calculated theta: 0.9334 based on sheep population: 30.83",
            "Calculated theta: 0.9326 based on sheep population: 30.43",
            "Calculated theta: 0.9318 based on sheep population: 30.04",
            "Calculated theta: 0.9303 based on sheep population: 29.35",
            "Calculated theta: 0.9281 based on sheep population: 28.38",
            "Calculated theta: 0.9251 based on sheep population: 27.16",
            "Calculated theta: 0.9220 based on sheep population: 26.01",
            "Calculated theta: 0.9181 based on sheep population: 24.65",
            "Calculated theta: 0.9140 based on sheep population: 23.38",
            "Calculated theta: 0.9089 based on sheep population: 21.96",
            "Calculated theta: 0.9037 based on sheep population: 20.64",
            "Calculated theta: 0.8983 based on sheep population: 19.42",
            "Calculated theta: 0.8927 based on sheep population: 18.29",
            "Calculated theta: 0.8869 based on sheep population: 17.25",
            "Calculated theta: 0.8810 based on sheep population: 16.28",
            "Calculated theta: 0.8760 based on sheep population: 15.54",
            "Calculated theta: 0.8710 based on sheep population: 14.85",
            "Calculated theta: 0.8670 based on sheep population: 14.34",
            "Calculated theta: 0.8642 based on sheep population: 14.00",
            "Calculated theta: 0.8625 based on sheep population: 13.80",
            "Calculated theta: 0.8609 based on sheep population: 13.61",
            "Calculated theta: 0.8604 based on sheep population: 13.56",
            "Calculated theta: 0.8610 based on sheep population: 13.63",
            "Calculated theta: 0.8616 based on sheep population: 13.70"
        ]
    }
}