{
    "wolf_id": 24,
    "beta": 0.1,
    "gamma": 1.5,
    "delta": 0.75,
    "alive": false,
    "born_at_step": 81,
    "died_at_step": 101,
    "thetas": [
        0.9472644428007665,
        0.9458175604010443,
        0.9445135434469698,
        0.94261290041592,
        0.9394430969661062,
        0.9354827097525897,
        0.9298933289792558,
        0.9231511485798054,
        0.9150681603908168,
        0.9054294817755845,
        0.89505795786996,
        0.8839708587481002,
        0.872199570216828,
        0.8597897631691613,
        0.8494756302891932,
        0.8402194602190606,
        0.8321643926981367,
        0.8254144292288763,
        0.8214177723998274,
        0.8188188990132574,
        0.8176116076999218
    ],
    "decision_history": {
        "history_steps": [
            82,
            83,
            84,
            85,
            86,
            87,
            88,
            89,
            90,
            91,
            92,
            93,
            94,
            95,
            96,
            97,
            98,
            99,
            100,
            101
        ],
        "new_thetas": [
            0.9458175604010443,
            0.9445135434469698,
            0.94261290041592,
            0.9394430969661062,
            0.9354827097525897,
            0.9298933289792558,
            0.9231511485798054,
            0.9150681603908168,
            0.9054294817755845,
            0.89505795786996,
            0.8839708587481002,
            0.872199570216828,
            0.8597897631691613,
            0.8494756302891932,
            0.8402194602190606,
            0.8321643926981367,
            0.8254144292288763,
            0.8214177723998274,
            0.8188188990132574,
            0.8176116076999218
        ],
        "prompts": [
            "N/A",
            "N/A",
            "N/A",
            "N/A",
            "N/A",
            "N/A",
            "N/A",
            "N/A",
            "N/A",
            "N/A",
            "N/A",
            "N/A",
            "N/A",
            "N/A",
            "N/A",
            "N/A",
            "N/A",
            "N/A",
            "N/A",
            "N/A"
        ],
        "explanations": [
            "Calculated theta: 0.9458 based on sheep population: 38.40",
            "Calculated theta: 0.9445 based on sheep population: 37.45",
            "Calculated theta: 0.9426 based on sheep population: 36.14",
            "Calculated theta: 0.9394 based on sheep population: 34.13",
            "Calculated theta: 0.9355 based on sheep population: 31.90",
            "Calculated theta: 0.9299 based on sheep population: 29.18",
            "Calculated theta: 0.9232 based on sheep population: 26.43",
            "Calculated theta: 0.9151 based on sheep population: 23.70",
            "Calculated theta: 0.9054 based on sheep population: 21.06",
            "Calculated theta: 0.8951 based on sheep population: 18.76",
            "Calculated theta: 0.8840 based on sheep population: 16.76",
            "Calculated theta: 0.8722 based on sheep population: 15.01",
            "Calculated theta: 0.8598 based on sheep population: 13.49",
            "Calculated theta: 0.8495 based on sheep population: 12.42",
            "Calculated theta: 0.8402 based on sheep population: 11.57",
            "Calculated theta: 0.8322 based on sheep population: 10.91",
            "Calculated theta: 0.8254 based on sheep population: 10.40",
            "Calculated theta: 0.8214 based on sheep population: 10.12",
            "Calculated theta: 0.8188 based on sheep population: 9.94",
            "Calculated theta: 0.8176 based on sheep population: 9.86"
        ],
        "vocalizations": [
            "Calculated theta: 0.9458 based on sheep population: 38.40",
            "Calculated theta: 0.9445 based on sheep population: 37.45",
            "Calculated theta: 0.9426 based on sheep population: 36.14",
            "Calculated theta: 0.9394 based on sheep population: 34.13",
            "Calculated theta: 0.9355 based on sheep population: 31.90",
            "Calculated theta: 0.9299 based on sheep population: 29.18",
            "Calculated theta: 0.9232 based on sheep population: 26.43",
            "Calculated theta: 0.9151 based on sheep population: 23.70",
            "Calculated theta: 0.9054 based on sheep population: 21.06",
            "Calculated theta: 0.8951 based on sheep population: 18.76",
            "Calculated theta: 0.8840 based on sheep population: 16.76",
            "Calculated theta: 0.8722 based on sheep population: 15.01",
            "Calculated theta: 0.8598 based on sheep population: 13.49",
            "Calculated theta: 0.8495 based on sheep population: 12.42",
            "Calculated theta: 0.8402 based on sheep population: 11.57",
            "Calculated theta: 0.8322 based on sheep population: 10.91",
            "Calculated theta: 0.8254 based on sheep population: 10.40",
            "Calculated theta: 0.8214 based on sheep population: 10.12",
            "Calculated theta: 0.8188 based on sheep population: 9.94",
            "Calculated theta: 0.8176 based on sheep population: 9.86"
        ]
    }
}