{
    "wolf_id": 113,
    "beta": 0.1,
    "gamma": 1.5,
    "delta": 0.75,
    "alive": false,
    "born_at_step": 254,
    "died_at_step": 262,
    "thetas": [
        0.09840785758360882,
        0.9772595662356269,
        0.9760790789433782,
        0.9727405400838421,
        0.9643295775574788,
        0.9430083188902397,
        0.8918463898092679,
        0.7922054748048869,
        0.6739976133598179
    ],
    "decision_history": {
        "history_steps": [
            255,
            256,
            257,
            258,
            259,
            260,
            261,
            262
        ],
        "new_thetas": [
            0.9772595662356269,
            0.9760790789433782,
            0.9727405400838421,
            0.9643295775574788,
            0.9430083188902397,
            0.8918463898092679,
            0.7922054748048869,
            0.6739976133598179
        ],
        "prompts": [
            "N/A",
            "N/A",
            "N/A",
            "N/A",
            "N/A",
            "N/A",
            "N/A",
            "N/A"
        ],
        "explanations": [
            "Calculated theta: 0.9773 based on sheep population: 94.54",
            "Calculated theta: 0.9761 based on sheep population: 89.77",
            "Calculated theta: 0.9727 based on sheep population: 78.51",
            "Calculated theta: 0.9643 based on sheep population: 59.48",
            "Calculated theta: 0.9430 based on sheep population: 36.40",
            "Calculated theta: 0.8918 based on sheep population: 18.14",
            "Calculated theta: 0.7922 based on sheep population: 8.39",
            "Calculated theta: 0.6740 based on sheep population: 4.55"
        ],
        "vocalizations": [
            "Calculated theta: 0.9773 based on sheep population: 94.54",
            "Calculated theta: 0.9761 based on sheep population: 89.77",
            "Calculated theta: 0.9727 based on sheep population: 78.51",
            "Calculated theta: 0.9643 based on sheep population: 59.48",
            "Calculated theta: 0.9430 based on sheep population: 36.40",
            "Calculated theta: 0.8918 based on sheep population: 18.14",
            "Calculated theta: 0.7922 based on sheep population: 8.39",
            "Calculated theta: 0.6740 based on sheep population: 4.55"
        ]
    }
}