{
    "wolf_id": 102,
    "beta": 0.1,
    "gamma": 1.5,
    "delta": 0.75,
    "alive": false,
    "born_at_step": 197,
    "died_at_step": 260,
    "thetas": [
        0.945188779187922,
        0.9050408442490508,
        0.8649367413922274,
        0.8156477554247087,
        0.7641122112007157,
        0.7166026150483589,
        0.6778133402538586,
        0.6483334653171801,
        0.6277158222648429,
        0.6151774927924148,
        0.6082926841760312,
        0.6049887210356473,
        0.6050309810429487,
        0.608226256470285,
        0.6144185081339345,
        0.6234804540726153,
        0.6337854459125937,
        0.6452949250497387,
        0.6579658540310279,
        0.6717475479178807,
        0.685085847611698,
        0.6994682482737004,
        0.7133475643891698,
        0.7281733238911694,
        0.7424221671562793,
        0.7574859383548109,
        0.771885528925802,
        0.7856228050341595,
        0.7987036468113166,
        0.8111374514380927,
        0.8241299530975019,
        0.8363910037455828,
        0.8479390273787647,
        0.8587954370492106,
        0.8689840419731806,
        0.878530499996675,
        0.8874618199732746,
        0.89580591632783,
        0.9035912162009906,
        0.9108463180800482,
        0.9175996996912116,
        0.9238794721172581,
        0.9297131765675817,
        0.9351276199190428,
        0.940148745021588,
        0.9448015317817973,
        0.9491099251644491,
        0.9530967864560863,
        0.9567838643897505,
        0.9601917830157296,
        0.9633400435028954,
        0.966247037356494,
        0.9689300688317799,
        0.971405384602177,
        0.9734344755881441,
        0.9750809612343592,
        0.9763951290180443,
        0.9771871576696395,
        0.9772595662356269,
        0.9760790789433782,
        0.9727405400838421,
        0.9643295775574788,
        0.9430083188902397,
        0.8918463898092679
    ],
    "decision_history": {
        "history_steps": [
            198,
            199,
            200,
            201,
            202,
            203,
            204,
            205,
            206,
            207,
            208,
            209,
            210,
            211,
            212,
            213,
            214,
            215,
            216,
            217,
            218,
            219,
            220,
            221,
            222,
            223,
            224,
            225,
            226,
            227,
            228,
            229,
            230,
            231,
            232,
            233,
            234,
            235,
            236,
            237,
            238,
            239,
            240,
            241,
            242,
            243,
            244,
            245,
            246,
            247,
            248,
            249,
            250,
            251,
            252,
            253,
            254,
            255,
            256,
            257,
            258,
            259,
            260
        ],
        "new_thetas": [
            0.9050408442490508,
            0.8649367413922274,
            0.8156477554247087,
            0.7641122112007157,
            0.7166026150483589,
            0.6778133402538586,
            0.6483334653171801,
            0.6277158222648429,
            0.6151774927924148,
            0.6082926841760312,
            0.6049887210356473,
            0.6050309810429487,
            0.608226256470285,
            0.6144185081339345,
            0.6234804540726153,
            0.6337854459125937,
            0.6452949250497387,
            0.6579658540310279,
            0.6717475479178807,
            0.685085847611698,
            0.6994682482737004,
            0.7133475643891698,
            0.7281733238911694,
            0.7424221671562793,
            0.7574859383548109,
            0.771885528925802,
            0.7856228050341595,
            0.7987036468113166,
            0.8111374514380927,
            0.8241299530975019,
            0.8363910037455828,
            0.8479390273787647,
            0.8587954370492106,
            0.8689840419731806,
            0.878530499996675,
            0.8874618199732746,
            0.89580591632783,
            0.9035912162009906,
            0.9108463180800482,
            0.9175996996912116,
            0.9238794721172581,
            0.9297131765675817,
            0.9351276199190428,
            0.940148745021588,
            0.9448015317817973,
            0.9491099251644491,
            0.9530967864560863,
            0.9567838643897505,
            0.9601917830157296,
            0.9633400435028954,
            0.966247037356494,
            0.9689300688317799,
            0.971405384602177,
            0.9734344755881441,
            0.9750809612343592,
            0.9763951290180443,
            0.9771871576696395,
            0.9772595662356269,
            0.9760790789433782,
            0.9727405400838421,
            0.9643295775574788,
            0.9430083188902397,
            0.8918463898092679
        ],
        "prompts": [
            "N/A",
            "N/A",
            "N/A",
            "N/A",
            "N/A",
            "N/A",
            "N/A",
            "N/A",
            "N/A",
            "N/A",
            "N/A",
            "N/A",
            "N/A",
            "N/A",
            "N/A",
            "N/A",
            "N/A",
            "N/A",
            "N/A",
            "N/A",
            "N/A",
            "N/A",
            "N/A",
            "N/A",
            "N/A",
            "N/A",
            "N/A",
            "N/A",
            "N/A",
            "N/A",
            "N/A",
            "N/A",
            "N/A",
            "N/A",
            "N/A",
            "N/A",
            "N/A",
            "N/A",
            "N/A",
            "N/A",
            "N/A",
            "N/A",
            "N/A",
            "N/A",
            "N/A",
            "N/A",
            "N/A",
            "N/A",
            "N/A",
            "N/A",
            "N/A",
            "N/A",
            "N/A",
            "N/A",
            "N/A",
            "N/A",
            "N/A",
            "N/A",
            "N/A",
            "N/A",
            "N/A",
            "N/A",
            "N/A"
        ],