{
    "wolf_id": 63,
    "beta": 0.1,
    "gamma": 1.5,
    "delta": 0.75,
    "alive": false,
    "born_at_step": 187,
    "died_at_step": 200,
    "thetas": [
        0.8262893200802234,
        0.964667487416008,
        0.9665259971408322,
        0.9679758287513975,
        0.9687462432628886,
        0.9688697109517432,
        0.9680051291163506,
        0.9652824122177301,
        0.9601423762150568,
        0.9502983106271232,
        0.9334960722010262,
        0.9050408442490508,
        0.8649367413922274,
        0.8156477554247087
    ],
    "decision_history": {
        "history_steps": [
            188,
            189,
            190,
            191,
            192,
            193,
            194,
            195,
            196,
            197,
            198,
            199,
            200
        ],
        "new_thetas": [
            0.964667487416008,
            0.9665259971408322,
            0.9679758287513975,
            0.9687462432628886,
            0.9688697109517432,
            0.9680051291163506,
            0.9652824122177301,
            0.9601423762150568,
            0.9502983106271232,
            0.9334960722010262,
            0.9050408442490508,
            0.8649367413922274,
            0.8156477554247087
        ],
        "prompts": [
            "N/A",
            "N/A",
            "N/A",
            "N/A",
            "N/A",
            "N/A",
            "N/A",
            "N/A",
            "N/A",
            "N/A",
            "N/A",
            "N/A",
            "N/A"
        ],
        "explanations": [
            "Calculated theta: 0.9647 based on sheep population: 60.07",
            "Calculated theta: 0.9665 based on sheep population: 63.52",
            "Calculated theta: 0.9680 based on sheep population: 66.50",
            "Calculated theta: 0.9687 based on sheep population: 68.19",
            "Calculated theta: 0.9689 based on sheep population: 68.47",
            "Calculated theta: 0.9680 based on sheep population: 66.56",
            "Calculated theta: 0.9653 based on sheep population: 61.17",
            "Calculated theta: 0.9601 based on sheep population: 53.00",
            "Calculated theta: 0.9503 based on sheep population: 42.06",
            "Calculated theta: 0.9335 based on sheep population: 30.88",
            "Calculated theta: 0.9050 based on sheep population: 20.97",
            "Calculated theta: 0.8649 based on sheep population: 14.09",
            "Calculated theta: 0.8156 based on sheep population: 9.73"
        ],
        "vocalizations": [
            "Calculated theta: 0.9647 based on sheep population: 60.07",
            "Calculated theta: 0.9665 based on sheep population: 63.52",
            "Calculated theta: 0.9680 based on sheep population: 66.50",
            "Calculated theta: 0.9687 based on sheep population: 68.19",
            "Calculated theta: 0.9689 based on sheep population: 68.47",
            "Calculated theta: 0.9680 based on sheep population: 66.56",
            "Calculated theta: 0.9653 based on sheep population: 61.17",
            "Calculated theta: 0.9601 based on sheep population: 53.00",
            "Calculated theta: 0.9503 based on sheep population: 42.06",
            "Calculated theta: 0.9335 based on sheep population: 30.88",
            "Calculated theta: 0.9050 based on sheep population: 20.97",
            "Calculated theta: 0.8649 based on sheep population: 14.09",
            "Calculated theta: 0.8156 based on sheep population: 9.73"
        ]
    }
}