{
    "wolf_id": 137,
    "beta": 0.1,
    "gamma": 1.5,
    "delta": 0.75,
    "alive": false,
    "born_at_step": 257,
    "died_at_step": 266,
    "thetas": [
        0.2893371370952571,
        0.9643295775574788,
        0.9430083188902397,
        0.8918463898092679,
        0.7922054748048869,
        0.6739976133598179,
        0.5834237287125786,
        0.521800979905373,
        0.48213041792187084,
        0.456936771333892
    ],
    "decision_history": {
        "history_steps": [
            258,
            259,
            260,
            261,
            262,
            263,
            264,
            265,
            266
        ],
        "new_thetas": [
            0.9643295775574788,
            0.9430083188902397,
            0.8918463898092679,
            0.7922054748048869,
            0.6739976133598179,
            0.5834237287125786,
            0.521800979905373,
            0.48213041792187084,
            0.456936771333892
        ],
        "prompts": [
            "N/A",
            "N/A",
            "N/A",
            "N/A",
            "N/A",
            "N/A",
            "N/A",
            "N/A",
            "N/A"
        ],
        "explanations": [
            "Calculated theta: 0.9643 based on sheep population: 59.48",
            "Calculated theta: 0.9430 based on sheep population: 36.40",
            "Calculated theta: 0.8918 based on sheep population: 18.14",
            "Calculated theta: 0.7922 based on sheep population: 8.39",
            "Calculated theta: 0.6740 based on sheep population: 4.55",
            "Calculated theta: 0.5834 based on sheep population: 3.08",
            "Calculated theta: 0.5218 based on sheep population: 2.40",
            "Calculated theta: 0.4821 based on sheep population: 2.05",
            "Calculated theta: 0.4569 based on sheep population: 1.85"
        ],
        "vocalizations": [
            "Calculated theta: 0.9643 based on sheep population: 59.48",
            "Calculated theta: 0.9430 based on sheep population: 36.40",
            "Calculated theta: 0.8918 based on sheep population: 18.14",
            "Calculated theta: 0.7922 based on sheep population: 8.39",
            "Calculated theta: 0.6740 based on sheep population: 4.55",
            "Calculated theta: 0.5834 based on sheep population: 3.08",
            "Calculated theta: 0.5218 based on sheep population: 2.40",
            "Calculated theta: 0.4821 based on sheep population: 2.05",
            "Calculated theta: 0.4569 based on sheep population: 1.85"
        ]
    }
}