{
    "wolf_id": 2,
    "beta": 0.1,
    "gamma": 1.5,
    "delta": 0.75,
    "alive": false,
    "born_at_step": 0,
    "died_at_step": 25,
    "thetas": [
        0.5,
        0.13385894971736242,
        0.13486044277966072,
        0.13586707598421294,
        0.13687884332488323,
        0.13789573833103014,
        0.1389177540653457,
        0.13994488312179032,
        0.14097711762362397,
        0.14201444922153553,
        0.1430743031805354,
        0.14413955982727972,
        0.14521021229884126,
        0.14628625324058095,
        0.14736767480397653,
        0.14845446864455336,
        0.14954662591991869,
        0.15064413728790088,
        0.15174699290479582,
        0.15287485853072535,
        0.15400840807797148,
        0.15514763331937179,
        0.15629252550328399,
        0.15744307535146243,
        0.15859927305704602,
        0.15976110828265794,
        0.16092857015861964
    ],
    "decision_history": {
        "history_steps": [
            0,
            1,
            2,
            3,
            4,
            5,
            6,
            7,
            8,
            9,
            10,
            11,
            12,
            13,
            14,
            15,
            16,
            17,
            18,
            19,
            20,
            21,
            22,
            23,
            24,
            25
        ],
        "new_thetas": [
            0.13385894971736242,
            0.13486044277966072,
            0.13586707598421294,
            0.13687884332488323,
            0.13789573833103014,
            0.1389177540653457,
            0.13994488312179032,
            0.14097711762362397,
            0.14201444922153553,
            0.1430743031805354,
            0.14413955982727972,
            0.14521021229884126,
            0.14628625324058095,
            0.14736767480397653,
            0.14845446864455336,
            0.14954662591991869,
            0.15064413728790088,
            0.15174699290479582,
            0.15287485853072535,
            0.15400840807797148,
            0.15514763331937179,
            0.15629252550328399,
            0.15744307535146243,
            0.15859927305704602,
            0.15976110828265794,
            0.16092857015861964
        ],
        "prompts": [
            "N/A",
            "N/A",
            "N/A",
            "N/A",
            "N/A",
            "N/A",
            "N/A",
            "N/A",
            "N/A",
            "N/A",
            "N/A",
            "N/A",
            "N/A",
            "N/A",
            "N/A",
            "N/A",
            "N/A",
            "N/A",
            "N/A",
            "N/A",
            "N/A",
            "N/A",
            "N/A",
            "N/A",
            "N/A",
            "N/A"
        ],
        "explanations": [
            "Calculated theta: 0.1339 based on sheep population: 17.00",
            "Calculated theta: 0.1349 based on sheep population: 17.15",
            "Calculated theta: 0.1359 based on sheep population: 17.30",
            "Calculated theta: 0.1369 based on sheep population: 17.44",
            "Calculated theta: 0.1379 based on sheep population: 17.59",
            "Calculated theta: 0.1389 based on sheep population: 17.75",
            "Calculated theta: 0.1399 based on sheep population: 17.90",
            "Calculated theta: 0.1410 based on sheep population: 18.05",
            "Calculated theta: 0.1420 based on sheep population: 18.21",
            "Calculated theta: 0.1431 based on sheep population: 18.37",
            "Calculated theta: 0.1441 based on sheep population: 18.53",
            "Calculated theta: 0.1452 based on sheep population: 18.69",
            "Calculated theta: 0.1463 based on sheep population: 18.85",
            "Calculated theta: 0.1474 based on sheep population: 19.01",
            "Calculated theta: 0.1485 based on sheep population: 19.18",
            "Calculated theta: 0.1495 based on sheep population: 19.34",
            "Calculated theta: 0.1506 based on sheep population: 19.51",
            "Calculated theta: 0.1517 based on sheep population: 19.68",
            "Calculated theta: 0.1529 based on sheep population: 19.85",
            "Calculated theta: 0.1540 based on sheep population: 20.02",
            "Calculated theta: 0.1551 based on sheep population: 20.20",
            "Calculated theta: 0.1563 based on sheep population: 20.38",
            "Calculated theta: 0.1574 based on sheep population: 20.55",
            "Calculated theta: 0.1586 based on sheep population: 20.73",
            "Calculated theta: 0.1598 based on sheep population: 20.92",
            "Calculated theta: 0.1609 based on sheep population: 21.10"
        ],
        "vocalizations": [
            "Calculated theta: 0.1339 based on sheep population: 17.00",
            "Calculated theta: 0.1349 based on sheep population: 17.15",
            "Calculated theta: 0.1359 based on sheep population: 17.30",
            "Calculated theta: 0.1369 based on sheep population: 17.44",
            "Calculated theta: 0.1379 based on sheep population: 17.59",
            "Calculated theta: 0.1389 based on sheep population: 17.75",
            "Calculated theta: 0.1399 based on sheep population: 17.90",
            "Calculated theta: 0.1410 based on sheep population: 18.05",
            "Calculated theta: 0.1420 based on sheep population: 18.21",
            "Calculated theta: 0.1431 based on sheep population: 18.37",
            "Calculated theta: 0.1441 based on sheep population: 18.53",
            "Calculated theta: 0.1452 based on sheep population: 18.69",
            "Calculated theta: 0.1463 based on sheep population: 18.85",
            "Calculated theta: 0.1474 based on sheep population: 19.01",
            "Calculated theta: 0.1485 based on sheep population: 19.18",
            "Calculated theta: 0.1495 based on sheep population: 19.34",
            "Calculated theta: 0.1506 based on sheep population: 19.51",
            "Calculated theta: 0.1517 based on sheep population: 19.68",
            "Calculated theta: 0.1529 based on sheep population: 19.85",
            "Calculated theta: 0.1540 based on sheep population: 20.02",
            "Calculated theta: 0.1551 based on sheep population: 20.20",
            "Calculated theta: 0.1563 based on sheep population: 20.38",
            "Calculated theta: 0.1574 based on sheep population: 20.55",
            "Calculated theta: 0.1586 based on sheep population: 20.73",
            "Calculated theta: 0.1598 based on sheep population: 20.92",
            "Calculated theta: 0.1609 based on sheep population: 21.10"
        ]
    }
}