{
    "wolf_id": 9,
    "beta": 0.1,
    "gamma": 1.5,
    "delta": 0.75,
    "alive": false,
    "born_at_step": 0,
    "died_at_step": 18,
    "thetas": [
        0.07256703291645927,
        0.011858098079803132,
        0.013013171926969028,
        0.014279343220807816,
        0.01566720542987072,
        0.017191032188164413,
        0.018858540249019794,
        0.020686189286870667,
        0.022689433284264357,
        0.024885309449152054,
        0.027286022082803087,
        0.029917065437675253,
        0.032791586903319736,
        0.03593008175906715,
        0.039354368973570183,
        0.04310383474443609,
        0.047191296456454014,
        0.05164344594577293,
        0.05648834937687706,
        0.06175537059022059
    ],
    "decision_history": {
        "history_steps": [
            0,
            1,
            2,
            3,
            4,
            5,
            6,
            7,
            8,
            9,
            10,
            11,
            12,
            13,
            14,
            15,
            16,
            17,
            18
        ],
        "new_thetas": [
            0.011858098079803132,
            0.013013171926969028,
            0.014279343220807816,
            0.01566720542987072,
            0.017191032188164413,
            0.018858540249019794,
            0.020686189286870667,
            0.022689433284264357,
            0.024885309449152054,
            0.027286022082803087,
            0.029917065437675253,
            0.032791586903319736,
            0.03593008175906715,
            0.039354368973570183,
            0.04310383474443609,
            0.047191296456454014,
            0.05164344594577293,
            0.05648834937687706,
            0.06175537059022059
        ],
        "prompts": [
            "N/A",
            "N/A",
            "N/A",
            "N/A",
            "N/A",
            "N/A",
            "N/A",
            "N/A",
            "N/A",
            "N/A",
            "N/A",
            "N/A",
            "N/A",
            "N/A",
            "N/A",
            "N/A",
            "N/A",
            "N/A",
            "N/A"
        ],
        "explanations": [
            "Calculated theta: 0.0119 based on sheep population: 3.00",
            "Calculated theta: 0.0130 based on sheep population: 3.30",
            "Calculated theta: 0.0143 based on sheep population: 3.62",
            "Calculated theta: 0.0157 based on sheep population: 3.98",
            "Calculated theta: 0.0172 based on sheep population: 4.37",
            "Calculated theta: 0.0189 based on sheep population: 4.81",
            "Calculated theta: 0.0207 based on sheep population: 5.28",
            "Calculated theta: 0.0227 based on sheep population: 5.80",
            "Calculated theta: 0.0249 based on sheep population: 6.38",
            "Calculated theta: 0.0273 based on sheep population: 7.01",
            "Calculated theta: 0.0299 based on sheep population: 7.71",
            "Calculated theta: 0.0328 based on sheep population: 8.48",
            "Calculated theta: 0.0359 based on sheep population: 9.32",
            "Calculated theta: 0.0394 based on sheep population: 10.24",
            "Calculated theta: 0.0431 based on sheep population: 11.26",
            "Calculated theta: 0.0472 based on sheep population: 12.38",
            "Calculated theta: 0.0516 based on sheep population: 13.61",
            "Calculated theta: 0.0565 based on sheep population: 14.97",
            "Calculated theta: 0.0618 based on sheep population: 16.45"
        ],
        "vocalizations": [
            "Calculated theta: 0.0119 based on sheep population: 3.00",
            "Calculated theta: 0.0130 based on sheep population: 3.30",
            "Calculated theta: 0.0143 based on sheep population: 3.62",
            "Calculated theta: 0.0157 based on sheep population: 3.98",
            "Calculated theta: 0.0172 based on sheep population: 4.37",
            "Calculated theta: 0.0189 based on sheep population: 4.81",
            "Calculated theta: 0.0207 based on sheep population: 5.28",
            "Calculated theta: 0.0227 based on sheep population: 5.80",
            "Calculated theta: 0.0249 based on sheep population: 6.38",
            "Calculated theta: 0.0273 based on sheep population: 7.01",
            "Calculated theta: 0.0299 based on sheep population: 7.71",
            "Calculated theta: 0.0328 based on sheep population: 8.48",
            "Calculated theta: 0.0359 based on sheep population: 9.32",
            "Calculated theta: 0.0394 based on sheep population: 10.24",
            "Calculated theta: 0.0431 based on sheep population: 11.26",
            "Calculated theta: 0.0472 based on sheep population: 12.38",
            "Calculated theta: 0.0516 based on sheep population: 13.61",
            "Calculated theta: 0.0565 based on sheep population: 14.97",
            "Calculated theta: 0.0618 based on sheep population: 16.45"
        ]
    }
}