{
    "wolf_id": 99,
    "beta": 0.1,
    "gamma": 1.5,
    "delta": 0.75,
    "alive": false,
    "born_at_step": 133,
    "died_at_step": 149,
    "thetas": [
        0.5,
        0.8289539317578561,
        0.8053657718838517,
        0.7716163284560221,
        0.7306593863192101,
        0.68741538170013,
        0.6454414150928177,
        0.6058591167125577,
        0.5731190557711994,
        0.5484201648363539,
        0.530683183875881,
        0.5189561810172486,
        0.5110145401157141,
        0.5078904443679697,
        0.5077498635941086,
        0.5103939260585196,
        0.515683622765148
    ],
    "decision_history": {
        "history_steps": [
            134,
            135,
            136,
            137,
            138,
            139,
            140,
            141,
            142,
            143,
            144,
            145,
            146,
            147,
            148,
            149
        ],
        "new_thetas": [
            0.8289539317578561,
            0.8053657718838517,
            0.7716163284560221,
            0.7306593863192101,
            0.68741538170013,
            0.6454414150928177,
            0.6058591167125577,
            0.5731190557711994,
            0.5484201648363539,
            0.530683183875881,
            0.5189561810172486,
            0.5110145401157141,
            0.5078904443679697,
            0.5077498635941086,
            0.5103939260585196,
            0.515683622765148
        ],
        "prompts": [
            "N/A",
            "N/A",
            "N/A",
            "N/A",
            "N/A",
            "N/A",
            "N/A",
            "N/A",
            "N/A",
            "N/A",
            "N/A",
            "N/A",
            "N/A",
            "N/A",
            "N/A",
            "N/A"
        ],
        "explanations": [
            "Calculated theta: 0.8290 based on sheep population: 48.46",
            "Calculated theta: 0.8054 based on sheep population: 41.38",
            "Calculated theta: 0.7716 based on sheep population: 33.79",
            "Calculated theta: 0.7307 based on sheep population: 27.13",
            "Calculated theta: 0.6874 based on sheep population: 21.99",
            "Calculated theta: 0.6454 based on sheep population: 18.20",
            "Calculated theta: 0.6059 based on sheep population: 15.37",
            "Calculated theta: 0.5731 based on sheep population: 13.43",
            "Calculated theta: 0.5484 based on sheep population: 12.14",
            "Calculated theta: 0.5307 based on sheep population: 11.31",
            "Calculated theta: 0.5190 based on sheep population: 10.79",
            "Calculated theta: 0.5110 based on sheep population: 10.45",
            "Calculated theta: 0.5079 based on sheep population: 10.32",
            "Calculated theta: 0.5077 based on sheep population: 10.31",
            "Calculated theta: 0.5104 based on sheep population: 10.42",
            "Calculated theta: 0.5157 based on sheep population: 10.65"
        ],
        "vocalizations": [
            "Calculated theta: 0.8290 based on sheep population: 48.46",
            "Calculated theta: 0.8054 based on sheep population: 41.38",
            "Calculated theta: 0.7716 based on sheep population: 33.79",
            "Calculated theta: 0.7307 based on sheep population: 27.13",
            "Calculated theta: 0.6874 based on sheep population: 21.99",
            "Calculated theta: 0.6454 based on sheep population: 18.20",
            "Calculated theta: 0.6059 based on sheep population: 15.37",
            "Calculated theta: 0.5731 based on sheep population: 13.43",
            "Calculated theta: 0.5484 based on sheep population: 12.14",
            "Calculated theta: 0.5307 based on sheep population: 11.31",
            "Calculated theta: 0.5190 based on sheep population: 10.79",
            "Calculated theta: 0.5110 based on sheep population: 10.45",
            "Calculated theta: 0.5079 based on sheep population: 10.32",
            "Calculated theta: 0.5077 based on sheep population: 10.31",
            "Calculated theta: 0.5104 based on sheep population: 10.42",
            "Calculated theta: 0.5157 based on sheep population: 10.65"
        ]
    }
}