{
    "wolf_id": 279,
    "beta": 0.1,
    "gamma": 1.5,
    "delta": 0.75,
    "alive": false,
    "born_at_step": 430,
    "died_at_step": 483,
    "thetas": [
        0.5,
        0.7720075097395589,
        0.7410713804727693,
        0.7060281097444452,
        0.6715910867643992,
        0.6384735987800744,
        0.6090928765323914,
        0.5852719455574434,
        0.5682435148850912,
        0.5556135107963155,
        0.5469394684108403,
        0.5418459994355841,
        0.5400302273957892,
        0.5412576632399619,
        0.5453539657348079,
        0.5507474807501139,
        0.5588524815807229,
        0.5681503376574135,
        0.5786249457570364,
        0.590261234515997,
        0.6015632878797943,
        0.6140269291644717,
        0.6276255038686225,
        0.6408300367438367,
        0.653638161371053,
        0.6675560081333197,
        0.6810310688395077,
        0.6940621034626502,
        0.7081330725063086,
        0.7216999756616552,
        0.7347635018145459,
        0.7473268083222615,
        0.7593952141441671,
        0.7709759074343174,
        0.7820776706692742,
        0.7927106253438587,
        0.802885997391121,
        0.8126159037650601,
        0.820675213943559,
        0.828401355998796,
        0.834611310410755,
        0.8394011263518808,
        0.8428483694105128,
        0.845011370102222,
        0.8447166096806189,
        0.8419402255242532,
        0.8352572978249133,
        0.8243149305647436,
        0.8086206471213284,
        0.7876037816371918,
        0.760734831571043,
        0.7316039110812724,
        0.7006279301349032,
        0.6703215647870063
    ],
    "decision_history": {
        "history_steps": [
            431,
            432,
            433,
            434,
            435,
            436,
            437,
            438,
            439,
            440,
            441,
            442,
            443,
            444,
            445,
            446,
            447,
            448,
            449,
            450,
            451,
            452,
            453,
            454,
            455,
            456,
            457,
            458,
            459,
            460,
            461,
            462,
            463,
            464,
            465,
            466,
            467,
            468,
            469,
            470,
            471,
            472,
            473,
            474,
            475,
            476,
            477,
            478,
            479,
            480,
            481,
            482,
            483
        ],
        "new_thetas": [
            0.7720075097395589,
            0.7410713804727693,
            0.7060281097444452,
            0.6715910867643992,
            0.6384735987800744,
            0.6090928765323914,
            0.5852719455574434,
            0.5682435148850912,
            0.5556135107963155,
            0.5469394684108403,
            0.5418459994355841,
            0.5400302273957892,
            0.5412576632399619,
            0.5453539657348079,
            0.5507474807501139,
            0.5588524815807229,
            0.5681503376574135,
            0.5786249457570364,
            0.590261234515997,
            0.6015632878797943,
            0.6140269291644717,
            0.6276255038686225,
            0.6408300367438367,
            0.653638161371053,
            0.6675560081333197,
            0.6810310688395077,
            0.6940621034626502,
            0.7081330725063086,
            0.7216999756616552,
            0.7347635018145459,
            0.7473268083222615,
            0.7593952141441671,
            0.7709759074343174,
            0.7820776706692742,
            0.7927106253438587,
            0.802885997391121,
            0.8126159037650601,
            0.820675213943559,
            0.828401355998796,
            0.834611310410755,
            0.8394011263518808,
            0.8428483694105128,
            0.845011370102222,
            0.8447166096806189,
            0.8419402255242532,
            0.8352572978249133,
            0.8243149305647436,
            0.8086206471213284,
            0.7876037816371918,
            0.760734831571043,
            0.7316039110812724,
            0.7006279301349032,
            0.6703215647870063
        ],
        "prompts": [
            "N/A",
            "N/A",
            "N/A",
            "N/A",
            "N/A",
            "N/A",
            "N/A",
            "N/A",
            "N/A",
            "N/A",
            "N/A",
            "N/A",
            "N/A",
            "N/A",
            "N/A",
            "N/A",
            "N/A",
            "N/A",
            "N/A",
            "N/A",
            "N/A",
            "N/A",
            "N/A",
            "N/A",
            "N/A",
            "N/A",
            "N/A",
            "N/A",
            "N/A",
            "N/A",
            "N/A",
            "N/A",
            "N/A",
            "N/A",
            "N/A",
            "N/A",
            "N/A",
            "N/A",
            "N/A",
            "N/A",
            "N/A",
            "N/A",
            "N/A",
            "N/A",
            "N/A",
            "N/A",
            "N/A",
            "N/A",
            "N/A",
            "N/A",
            "N/A",
            "N/A",
            "N/A"
        ],