{
    "wolf_id": 127,
    "beta": 0.1,
    "gamma": 1.5,
    "delta": 0.75,
    "alive": false,
    "born_at_step": 182,
    "died_at_step": 197,
    "thetas": [
        0.5,
        0.8388107578712432,
        0.8220613135748046,
        0.7981406360450033,
        0.7659839530804199,
        0.7269871471780553,
        0.6859115142505332,
        0.6460811083371386,
        0.6084541945839664,
        0.5792226471681716,
        0.5557709139090102,
        0.539104772756147,
        0.5267949887871618,
        0.5198430325642178,
        0.5162303769400821,
        0.5170941409647971
    ],
    "decision_history": {
        "history_steps": [
            183,
            184,
            185,
            186,
            187,
            188,
            189,
            190,
            191,
            192,
            193,
            194,
            195,
            196,
            197
        ],
        "new_thetas": [
            0.8388107578712432,
            0.8220613135748046,
            0.7981406360450033,
            0.7659839530804199,
            0.7269871471780553,
            0.6859115142505332,
            0.6460811083371386,
            0.6084541945839664,
            0.5792226471681716,
            0.5557709139090102,
            0.539104772756147,
            0.5267949887871618,
            0.5198430325642178,
            0.5162303769400821,
            0.5170941409647971
        ],
        "prompts": [
            "N/A",
            "N/A",
            "N/A",
            "N/A",
            "N/A",
            "N/A",
            "N/A",
            "N/A",
            "N/A",
            "N/A",
            "N/A",
            "N/A",
            "N/A",
            "N/A",
            "N/A"
        ],
        "explanations": [
            "Calculated theta: 0.8388 based on sheep population: 52.04",
            "Calculated theta: 0.8221 based on sheep population: 46.20",
            "Calculated theta: 0.7981 based on sheep population: 39.54",
            "Calculated theta: 0.7660 based on sheep population: 32.73",
            "Calculated theta: 0.7270 based on sheep population: 26.63",
            "Calculated theta: 0.6859 based on sheep population: 21.84",
            "Calculated theta: 0.6461 based on sheep population: 18.25",
            "Calculated theta: 0.6085 based on sheep population: 15.54",
            "Calculated theta: 0.5792 based on sheep population: 13.77",
            "Calculated theta: 0.5558 based on sheep population: 12.51",
            "Calculated theta: 0.5391 based on sheep population: 11.70",
            "Calculated theta: 0.5268 based on sheep population: 11.13",
            "Calculated theta: 0.5198 based on sheep population: 10.83",
            "Calculated theta: 0.5162 based on sheep population: 10.67",
            "Calculated theta: 0.5171 based on sheep population: 10.71"
        ],
        "vocalizations": [
            "Calculated theta: 0.8388 based on sheep population: 52.04",
            "Calculated theta: 0.8221 based on sheep population: 46.20",
            "Calculated theta: 0.7981 based on sheep population: 39.54",
            "Calculated theta: 0.7660 based on sheep population: 32.73",
            "Calculated theta: 0.7270 based on sheep population: 26.63",
            "Calculated theta: 0.6859 based on sheep population: 21.84",
            "Calculated theta: 0.6461 based on sheep population: 18.25",
            "Calculated theta: 0.6085 based on sheep population: 15.54",
            "Calculated theta: 0.5792 based on sheep population: 13.77",
            "Calculated theta: 0.5558 based on sheep population: 12.51",
            "Calculated theta: 0.5391 based on sheep population: 11.70",
            "Calculated theta: 0.5268 based on sheep population: 11.13",
            "Calculated theta: 0.5198 based on sheep population: 10.83",
            "Calculated theta: 0.5162 based on sheep population: 10.67",
            "Calculated theta: 0.5171 based on sheep population: 10.71"
        ]
    }
}