{
    "wolf_id": 43,
    "beta": 0.1,
    "gamma": 1.5,
    "delta": 0.75,
    "alive": false,
    "born_at_step": 36,
    "died_at_step": 89,
    "thetas": [
        0.5,
        0.7407167431079942,
        0.6952358970392701,
        0.6508200285527995,
        0.6088456143421335,
        0.5739839958322211,
        0.54747977273324,
        0.5281987349124218,
        0.5151204960781786,
        0.5059610409485475,
        0.5017060986909677,
        0.5004890157473515,
        0.502086014558293,
        0.5063382224308929,
        0.5131404178256359,
        0.521069852130042,
        0.5314896459991689,
        0.5429983636655059,
        0.5555984981647423,
        0.56929094962854,
        0.5826356548567865,
        0.59708369540376,
        0.6111516588814493,
        0.6263129132217822,
        0.6410500740109459,
        0.6568432331443618,
        0.6721538408564928,
        0.6869714715395513,
        0.7012892790223535,
        0.7151036817366131,
        0.7298625936603232,
        0.7440443231678753,
        0.7576487986632834,
        0.7706791861312868,
        0.783141505184829,
        0.7950442565609703,
        0.8063980665852353,
        0.8172153526400953,
        0.8275100123722339,
        0.8361328473670677,
        0.8443587937632162,
        0.8510929652811364,
        0.8564476850741517,
        0.8605157456608475,
        0.8622708701633125,
        0.8617541424709553,
        0.8577442294634705,
        0.849971856986593,
        0.8351636014474908,
        0.8135402548908556,
        0.7820877292649904,
        0.7434659955368856,
        0.7001220542106328,
        0.6555159149700365
    ],
    "decision_history": {
        "history_steps": [
            37,
            38,
            39,
            40,
            41,
            42,
            43,
            44,
            45,
            46,
            47,
            48,
            49,
            50,
            51,
            52,
            53,
            54,
            55,
            56,
            57,
            58,
            59,
            60,
            61,
            62,
            63,
            64,
            65,
            66,
            67,
            68,
            69,
            70,
            71,
            72,
            73,
            74,
            75,
            76,
            77,
            78,
            79,
            80,
            81,
            82,
            83,
            84,
            85,
            86,
            87,
            88,
            89
        ],
        "new_thetas": [
            0.7407167431079942,
            0.6952358970392701,
            0.6508200285527995,
            0.6088456143421335,
            0.5739839958322211,
            0.54747977273324,
            0.5281987349124218,
            0.5151204960781786,
            0.5059610409485475,
            0.5017060986909677,
            0.5004890157473515,
            0.502086014558293,
            0.5063382224308929,
            0.5131404178256359,
            0.521069852130042,
            0.5314896459991689,
            0.5429983636655059,
            0.5555984981647423,
            0.56929094962854,
            0.5826356548567865,
            0.59708369540376,
            0.6111516588814493,
            0.6263129132217822,
            0.6410500740109459,
            0.6568432331443618,
            0.6721538408564928,
            0.6869714715395513,
            0.7012892790223535,
            0.7151036817366131,
            0.7298625936603232,
            0.7440443231678753,
            0.7576487986632834,
            0.7706791861312868,
            0.783141505184829,
            0.7950442565609703,
            0.8063980665852353,
            0.8172153526400953,
            0.8275100123722339,
            0.8361328473670677,
            0.8443587937632162,
            0.8510929652811364,
            0.8564476850741517,
            0.8605157456608475,
            0.8622708701633125,
            0.8617541424709553,
            0.8577442294634705,
            0.849971856986593,
            0.8351636014474908,
            0.8135402548908556,
            0.7820877292649904,
            0.7434659955368856,
            0.7001220542106328,
            0.6555159149700365
        ],
        "prompts": [
            "N/A",
            "N/A",
            "N/A",
            "N/A",
            "N/A",
            "N/A",
            "N/A",
            "N/A",
            "N/A",
            "N/A",
            "N/A",
            "N/A",
            "N/A",
            "N/A",
            "N/A",
            "N/A",
            "N/A",
            "N/A",
            "N/A",
            "N/A",
            "N/A",
            "N/A",
            "N/A",
            "N/A",
            "N/A",
            "N/A",
            "N/A",
            "N/A",
            "N/A",
            "N/A",
            "N/A",
            "N/A",
            "N/A",
            "N/A",
            "N/A",
            "N/A",
            "N/A",
            "N/A",
            "N/A",
            "N/A",
            "N/A",
            "N/A",
            "N/A",
            "N/A",
            "N/A",
            "N/A",
            "N/A",
            "N/A",
            "N/A",
            "N/A",
            "N/A",
            "N/A",
            "N/A"
        ],