{
    "wolf_id": 24,
    "beta": 0.1,
    "gamma": 1.5,
    "delta": 0.75,
    "alive": false,
    "born_at_step": 31,
    "died_at_step": 45,
    "thetas": [
        0.5,
        0.8598772998782177,
        0.8508680623888913,
        0.8360979759200824,
        0.8128949415106073,
        0.7814085080763271,
        0.7407167431079942,
        0.6952358970392701,
        0.6508200285527995,
        0.6088456143421335,
        0.5739839958322211,
        0.54747977273324,
        0.5281987349124218,
        0.5151204960781786,
        0.5059610409485475
    ],
    "decision_history": {
        "history_steps": [
            32,
            33,
            34,
            35,
            36,
            37,
            38,
            39,
            40,
            41,
            42,
            43,
            44,
            45
        ],
        "new_thetas": [
            0.8598772998782177,
            0.8508680623888913,
            0.8360979759200824,
            0.8128949415106073,
            0.7814085080763271,
            0.7407167431079942,
            0.6952358970392701,
            0.6508200285527995,
            0.6088456143421335,
            0.5739839958322211,
            0.54747977273324,
            0.5281987349124218,
            0.5151204960781786,
            0.5059610409485475
        ],
        "prompts": [
            "N/A",
            "N/A",
            "N/A",
            "N/A",
            "N/A",
            "N/A",
            "N/A",
            "N/A",
            "N/A",
            "N/A",
            "N/A",
            "N/A",
            "N/A",
            "N/A"
        ],
        "explanations": [
            "Calculated theta: 0.8599 based on sheep population: 61.37",
            "Calculated theta: 0.8509 based on sheep population: 57.05",
            "Calculated theta: 0.8361 based on sheep population: 51.01",
            "Calculated theta: 0.8129 based on sheep population: 43.45",
            "Calculated theta: 0.7814 based on sheep population: 35.75",
            "Calculated theta: 0.7407 based on sheep population: 28.57",
            "Calculated theta: 0.6952 based on sheep population: 22.81",
            "Calculated theta: 0.6508 based on sheep population: 18.64",
            "Calculated theta: 0.6088 based on sheep population: 15.57",
            "Calculated theta: 0.5740 based on sheep population: 13.47",
            "Calculated theta: 0.5475 based on sheep population: 12.10",
            "Calculated theta: 0.5282 based on sheep population: 11.20",
            "Calculated theta: 0.5151 based on sheep population: 10.62",
            "Calculated theta: 0.5060 based on sheep population: 10.24"
        ],
        "vocalizations": [
            "Calculated theta: 0.8599 based on sheep population: 61.37",
            "Calculated theta: 0.8509 based on sheep population: 57.05",
            "Calculated theta: 0.8361 based on sheep population: 51.01",
            "Calculated theta: 0.8129 based on sheep population: 43.45",
            "Calculated theta: 0.7814 based on sheep population: 35.75",
            "Calculated theta: 0.7407 based on sheep population: 28.57",
            "Calculated theta: 0.6952 based on sheep population: 22.81",
            "Calculated theta: 0.6508 based on sheep population: 18.64",
            "Calculated theta: 0.6088 based on sheep population: 15.57",
            "Calculated theta: 0.5740 based on sheep population: 13.47",
            "Calculated theta: 0.5475 based on sheep population: 12.10",
            "Calculated theta: 0.5282 based on sheep population: 11.20",
            "Calculated theta: 0.5151 based on sheep population: 10.62",
            "Calculated theta: 0.5060 based on sheep population: 10.24"
        ]
    }
}