{
    "wolf_id": 8,
    "beta": 0.1,
    "gamma": 1.5,
    "delta": 0.75,
    "alive": false,
    "born_at_step": 0,
    "died_at_step": 2,
    "thetas": [
        0.5,
        0.23611217206642765,
        0.29022797312742277,
        0.36259073802208847
    ],
    "decision_history": {
        "history_steps": [
            0,
            1,
            2
        ],
        "new_thetas": [
            0.23611217206642765,
            0.29022797312742277,
            0.36259073802208847
        ],
        "prompts": [
            "N/A",
            "N/A",
            "N/A"
        ],
        "explanations": [
            "Calculated theta: 0.2361 based on sheep population: 17.00",
            "Calculated theta: 0.2902 based on sheep population: 22.49",
            "Calculated theta: 0.3626 based on sheep population: 31.29"
        ],
        "vocalizations": [
            "Calculated theta: 0.2361 based on sheep population: 17.00",
            "Calculated theta: 0.2902 based on sheep population: 22.49",
            "Calculated theta: 0.3626 based on sheep population: 31.29"
        ]
    }
}