{
    "wolf_id": 38,
    "beta": 0.1,
    "gamma": 1.5,
    "delta": 0.75,
    "alive": false,
    "born_at_step": 35,
    "died_at_step": 42,
    "thetas": [
        0.5,
        0.6112990225634624,
        0.5665244181136951,
        0.46452838640609995,
        0.322272354285566,
        0.23109871925956355,
        0.186832832074821,
        0.16359999775760442
    ],
    "decision_history": {
        "history_steps": [
            36,
            37,
            38,
            39,
            40,
            41,
            42
        ],
        "new_thetas": [
            0.6112990225634624,
            0.5665244181136951,
            0.46452838640609995,
            0.322272354285566,
            0.23109871925956355,
            0.186832832074821,
            0.16359999775760442
        ],
        "prompts": [
            "N/A",
            "N/A",
            "N/A",
            "N/A",
            "N/A",
            "N/A",
            "N/A"
        ],
        "explanations": [
            "Calculated theta: 0.6113 based on sheep population: 196.58",
            "Calculated theta: 0.5665 based on sheep population: 163.37",
            "Calculated theta: 0.4645 based on sheep population: 108.44",
            "Calculated theta: 0.3223 based on sheep population: 59.44",
            "Calculated theta: 0.2311 based on sheep population: 37.57",
            "Calculated theta: 0.1868 based on sheep population: 28.72",
            "Calculated theta: 0.1636 based on sheep population: 24.45"
        ],
        "vocalizations": [
            "Calculated theta: 0.6113 based on sheep population: 196.58",
            "Calculated theta: 0.5665 based on sheep population: 163.37",
            "Calculated theta: 0.4645 based on sheep population: 108.44",
            "Calculated theta: 0.3223 based on sheep population: 59.44",
            "Calculated theta: 0.2311 based on sheep population: 37.57",
            "Calculated theta: 0.1868 based on sheep population: 28.72",
            "Calculated theta: 0.1636 based on sheep population: 24.45"
        ]
    }
}