{
    "wolf_id": 165,
    "beta": 0.1,
    "gamma": 1.5,
    "delta": 0.75,
    "alive": false,
    "born_at_step": 79,
    "died_at_step": 98,
    "thetas": [
        0.5,
        0.4481186632043892,
        0.430879332534131,
        0.40676842562862164,
        0.3789021172681868,
        0.350159715165068,
        0.32272121932946113,
        0.29958711658146064,
        0.2806568688840402,
        0.26563504416992767,
        0.25418660283706856,
        0.2465638847607027,
        0.2414253277432198,
        0.23832686242948103,
        0.23744292466844882,
        0.23805094434102242,
        0.24003533478720238,
        0.24333148756659453,
        0.24742929324950166,
        0.2523341313152026
    ],
    "decision_history": {
        "history_steps": [
            80,
            81,
            82,
            83,
            84,
            85,
            86,
            87,
            88,
            89,
            90,
            91,
            92,
            93,
            94,
            95,
            96,
            97,
            98
        ],
        "new_thetas": [
            0.4481186632043892,
            0.430879332534131,
            0.40676842562862164,
            0.3789021172681868,
            0.350159715165068,
            0.32272121932946113,
            0.29958711658146064,
            0.2806568688840402,
            0.26563504416992767,
            0.25418660283706856,
            0.2465638847607027,
            0.2414253277432198,
            0.23832686242948103,
            0.23744292466844882,
            0.23805094434102242,
            0.24003533478720238,
            0.24333148756659453,
            0.24742929324950166,
            0.2523341313152026
        ],
        "prompts": [
            "N/A",
            "N/A",
            "N/A",
            "N/A",
            "N/A",
            "N/A",
            "N/A",
            "N/A",
            "N/A",
            "N/A",
            "N/A",
            "N/A",
            "N/A",
            "N/A",
            "N/A",
            "N/A",
            "N/A",
            "N/A",
            "N/A"
        ],
        "explanations": [
            "Calculated theta: 0.4481 based on sheep population: 101.50",
            "Calculated theta: 0.4309 based on sheep population: 94.64",
            "Calculated theta: 0.4068 based on sheep population: 85.71",
            "Calculated theta: 0.3789 based on sheep population: 76.26",
            "Calculated theta: 0.3502 based on sheep population: 67.35",
            "Calculated theta: 0.3227 based on sheep population: 59.56",
            "Calculated theta: 0.2996 based on sheep population: 53.47",
            "Calculated theta: 0.2807 based on sheep population: 48.77",
            "Calculated theta: 0.2656 based on sheep population: 45.21",
            "Calculated theta: 0.2542 based on sheep population: 42.60",
            "Calculated theta: 0.2466 based on sheep population: 40.91",
            "Calculated theta: 0.2414 based on sheep population: 39.78",
            "Calculated theta: 0.2383 based on sheep population: 39.11",
            "Calculated theta: 0.2374 based on sheep population: 38.92",
            "Calculated theta: 0.2381 based on sheep population: 39.05",
            "Calculated theta: 0.2400 based on sheep population: 39.48",
            "Calculated theta: 0.2433 based on sheep population: 40.20",
            "Calculated theta: 0.2474 based on sheep population: 41.10",
            "Calculated theta: 0.2523 based on sheep population: 42.19"
        ],
        "vocalizations": [
            "Calculated theta: 0.4481 based on sheep population: 101.50",
            "Calculated theta: 0.4309 based on sheep population: 94.64",
            "Calculated theta: 0.4068 based on sheep population: 85.71",
            "Calculated theta: 0.3789 based on sheep population: 76.26",
            "Calculated theta: 0.3502 based on sheep population: 67.35",
            "Calculated theta: 0.3227 based on sheep population: 59.56",
            "Calculated theta: 0.2996 based on sheep population: 53.47",
            "Calculated theta: 0.2807 based on sheep population: 48.77",
            "Calculated theta: 0.2656 based on sheep population: 45.21",
            "Calculated theta: 0.2542 based on sheep population: 42.60",
            "Calculated theta: 0.2466 based on sheep population: 40.91",
            "Calculated theta: 0.2414 based on sheep population: 39.78",
            "Calculated theta: 0.2383 based on sheep population: 39.11",
            "Calculated theta: 0.2374 based on sheep population: 38.92",
            "Calculated theta: 0.2381 based on sheep population: 39.05",
            "Calculated theta: 0.2400 based on sheep population: 39.48",
            "Calculated theta: 0.2433 based on sheep population: 40.20",
            "Calculated theta: 0.2474 based on sheep population: 41.10",
            "Calculated theta: 0.2523 based on sheep population: 42.19"
        ]
    }
}