{
    "wolf_id": 4,
    "beta": 0.1,
    "gamma": 1.5,
    "delta": 0.75,
    "alive": false,
    "born_at_step": 0,
    "died_at_step": 62,
    "thetas": [
        0.5,
        0.23611217206642765,
        0.23748321283652812,
        0.2388572270079516,
        0.24023417245537426,
        0.24161400680894765,
        0.24299668746110104,
        0.24438217157339442,
        0.2457704160834185,
        0.24716137771173927,
        0.24855501296888496,
        0.24999798911789095,
        0.2514440894683933,
        0.2528932696159748,
        0.2543454848987149,
        0.2558006904043577,
        0.2572588409775329,
        0.258719891227026,
        0.2601837955330962,
        0.26165050805483825,
        0.2631199827375865,
        0.26464348972679136,
        0.26617024607017425,
        0.26770020448761045,
        0.269233317430342,
        0.27076953708860685,
        0.2723088153993226,
        0.2738511040538216,
        0.2753963545056344,
        0.2769445179783188,
        0.27849554547333283,
        0.28004938777794564,
        0.28166277306478704,
        0.2832794984734364,
        0.2848995130991758,
        0.2865227657591746,
        0.2881492050006989,
        0.28977877910937605,
        0.2914114361175123,
        0.29304712381245857,
        0.29468578974502335,
        0.2963273812379283,
        0.2979718453943033,
        0.29961912910621963,
        0.301269179063255,
        0.30292194176109083,
        0.3046416555346795,
        0.30636464480288467,
        0.3080908535389219,
        0.3098202254473273,
        0.31155270397300683,
        0.3132882323103356,
        0.31502675341230296,
        0.31676820999970035,
        0.3185125445703489,
        0.320259699408363,
        0.32200961659344596,
        0.3237622380102157,
        0.32551750535755575,
        0.32727536015798886,
        0.32903574376706946,
        0.330798597382792,
        0.3325638620550114,
        0.33433147869487245
    ],
    "decision_history": {
        "history_steps": [
            0,
            1,
            2,
            3,
            4,
            5,
            6,
            7,
            8,
            9,
            10,
            11,
            12,
            13,
            14,
            15,
            16,
            17,
            18,
            19,
            20,
            21,
            22,
            23,
            24,
            25,
            26,
            27,
            28,
            29,
            30,
            31,
            32,
            33,
            34,
            35,
            36,
            37,
            38,
            39,
            40,
            41,
            42,
            43,
            44,
            45,
            46,
            47,
            48,
            49,
            50,
            51,
            52,
            53,
            54,
            55,
            56,
            57,
            58,
            59,
            60,
            61,
            62
        ],
        "new_thetas": [
            0.23611217206642765,
            0.23748321283652812,
            0.2388572270079516,
            0.24023417245537426,
            0.24161400680894765,
            0.24299668746110104,
            0.24438217157339442,
            0.2457704160834185,
            0.24716137771173927,
            0.24855501296888496,
            0.24999798911789095,
            0.2514440894683933,
            0.2528932696159748,
            0.2543454848987149,
            0.2558006904043577,
            0.2572588409775329,
            0.258719891227026,
            0.2601837955330962,
            0.26165050805483825,
            0.2631199827375865,
            0.26464348972679136,
            0.26617024607017425,
            0.26770020448761045,
            0.269233317430342,
            0.27076953708860685,
            0.2723088153993226,
            0.2738511040538216,
            0.2753963545056344,
            0.2769445179783188,
            0.27849554547333283,
            0.28004938777794564,
            0.28166277306478704,
            0.2832794984734364,
            0.2848995130991758,
            0.2865227657591746,
            0.2881492050006989,
            0.28977877910937605,
            0.2914114361175123,
            0.29304712381245857,
            0.29468578974502335,
            0.2963273812379283,
            0.2979718453943033,
            0.29961912910621963,
            0.301269179063255,
            0.30292194176109083,
            0.3046416555346795,
            0.30636464480288467,
            0.3080908535389219,
            0.3098202254473273,
            0.31155270397300683,
            0.3132882323103356,
            0.31502675341230296,
            0.31676820999970035,
            0.3185125445703489,
            0.320259699408363,
            0.32200961659344596,
            0.3237622380102157,
            0.32551750535755575,
            0.32727536015798886,
            0.32903574376706946,
            0.330798597382792,
            0.3325638620550114,
            0.33433147869487245
        ],
        "prompts": [
            "N/A",
            "N/A",
            "N/A",
            "N/A",
            "N/A",
            "N/A",
            "N/A",
            "N/A",
            "N/A",
            "N/A",
            "N/A",
            "N/A",
            "N/A",
            "N/A",
            "N/A",
            "N/A",
            "N/A",
            "N/A",
            "N/A",
            "N/A",
            "N/A",
            "N/A",
            "N/A",
            "N/A",
            "N/A",
            "N/A",
            "N/A",
            "N/A",
            "N/A",
            "N/A",
            "N/A",
            "N/A",
            "N/A",
            "N/A",
            "N/A",
            "N/A",
            "N/A",
            "N/A",
            "N/A",
            "N/A",
            "N/A",
            "N/A",
            "N/A",
            "N/A",
            "N/A",
            "N/A",
            "N/A",
            "N/A",
            "N/A",
            "N/A",
            "N/A",
            "N/A",
            "N/A",
            "N/A",
            "N/A",
            "N/A",
            "N/A",
            "N/A",
            "N/A",
            "N/A",
            "N/A",
            "N/A",
            "N/A"
        ],