{
    "wolf_id": 50,
    "beta": 0.1,
    "gamma": 1.5,
    "delta": 0.75,
    "alive": false,
    "born_at_step": 85,
    "died_at_step": 139,
    "thetas": [
        0.5,
        0.744706923673152,
        0.7249173548005006,
        0.7035677185137955,
        0.6808385933001584,
        0.6588374725101613,
        0.6377320609808022,
        0.6176416618851254,
        0.6021465910200181,
        0.5891989448279764,
        0.5786260091944174,
        0.5718635599005013,
        0.5685999629412487,
        0.5670420987978934,
        0.5670913389660799,
        0.570179099959219,
        0.5746570867739001,
        0.5804780235124133,
        0.5876026737196304,
        0.5944889276596923,
        0.6026632963818216,
        0.6120929670766464,
        0.6227463341143331,
        0.6330741780868627,
        0.6430815959561085,
        0.6543043836367981,
        0.6651746576971601,
        0.6756976593078644,
        0.6874002012122696,
        0.6987145621888505,
        0.7096463738162806,
        0.7202023143875257,
        0.7303899307758945,
        0.7402174770182884,
        0.7496937693254512,
        0.7588280569245388,
        0.7676299079209651,
        0.7747020615232428,
        0.7815308734743555,
        0.7867352724766913,
        0.7903820387045184,
        0.7925233569183712,
        0.7931960989128071,
        0.790969874726873,
        0.7858007184787492,
        0.7775964458488728,
        0.7662321989800782,
        0.7515752748636443,
        0.7352847697207828,
        0.7156042240992601,
        0.6944399284449982,
        0.6738348847798735,
        0.6539431978096548,
        0.6348814814773106,
        0.6167309636378511
    ],
    "decision_history": {
        "history_steps": [
            86,
            87,
            88,
            89,
            90,
            91,
            92,
            93,
            94,
            95,
            96,
            97,
            98,
            99,
            100,
            101,
            102,
            103,
            104,
            105,
            106,
            107,
            108,
            109,
            110,
            111,
            112,
            113,
            114,
            115,
            116,
            117,
            118,
            119,
            120,
            121,
            122,
            123,
            124,
            125,
            126,
            127,
            128,
            129,
            130,
            131,
            132,
            133,
            134,
            135,
            136,
            137,
            138,
            139
        ],
        "new_thetas": [
            0.744706923673152,
            0.7249173548005006,
            0.7035677185137955,
            0.6808385933001584,
            0.6588374725101613,
            0.6377320609808022,
            0.6176416618851254,
            0.6021465910200181,
            0.5891989448279764,
            0.5786260091944174,
            0.5718635599005013,
            0.5685999629412487,
            0.5670420987978934,
            0.5670913389660799,
            0.570179099959219,
            0.5746570867739001,
            0.5804780235124133,
            0.5876026737196304,
            0.5944889276596923,
            0.6026632963818216,
            0.6120929670766464,
            0.6227463341143331,
            0.6330741780868627,
            0.6430815959561085,
            0.6543043836367981,
            0.6651746576971601,
            0.6756976593078644,
            0.6874002012122696,
            0.6987145621888505,
            0.7096463738162806,
            0.7202023143875257,
            0.7303899307758945,
            0.7402174770182884,
            0.7496937693254512,
            0.7588280569245388,
            0.7676299079209651,
            0.7747020615232428,
            0.7815308734743555,
            0.7867352724766913,
            0.7903820387045184,
            0.7925233569183712,
            0.7931960989128071,
            0.790969874726873,
            0.7858007184787492,
            0.7775964458488728,
            0.7662321989800782,
            0.7515752748636443,
            0.7352847697207828,
            0.7156042240992601,
            0.6944399284449982,
            0.6738348847798735,
            0.6539431978096548,
            0.6348814814773106,
            0.6167309636378511
        ],
        "prompts": [
            "N/A",
            "N/A",
            "N/A",
            "N/A",
            "N/A",
            "N/A",
            "N/A",
            "N/A",
            "N/A",
            "N/A",
            "N/A",
            "N/A",
            "N/A",
            "N/A",
            "N/A",
            "N/A",
            "N/A",
            "N/A",
            "N/A",
            "N/A",
            "N/A",
            "N/A",
            "N/A",
            "N/A",
            "N/A",
            "N/A",
            "N/A",
            "N/A",
            "N/A",
            "N/A",
            "N/A",
            "N/A",
            "N/A",
            "N/A",
            "N/A",
            "N/A",
            "N/A",
            "N/A",
            "N/A",
            "N/A",
            "N/A",
            "N/A",
            "N/A",
            "N/A",
            "N/A",
            "N/A",
            "N/A",
            "N/A",
            "N/A",
            "N/A",
            "N/A",
            "N/A",
            "N/A",
            "N/A"
        ],