{
    "wolf_id": 82,
    "beta": 0.1,
    "gamma": 1.5,
    "delta": 0.75,
    "alive": false,
    "born_at_step": 175,
    "died_at_step": 199,
    "thetas": [
        0.5,
        0.7785432336818016,
        0.7703941013441375,
        0.7590695369959739,
        0.7444543722461948,
        0.7282372628677729,
        0.7104750653850491,
        0.691267968032877,
        0.6725975937130625,
        0.6545767437625567,
        0.6372905965464023,
        0.6207985495760333,
        0.6068724567856122,
        0.5953647108138324,
        0.5877611972865898,
        0.582151320122328,
        0.5784045811701588,
        0.5779653853239777,
        0.5790931064685081,
        0.5817139010342363,
        0.5857656973615094,
        0.5911964331742716,
        0.5979621078567264,
        0.6060246733094559,
        0.6138265784837866
    ],
    "decision_history": {
        "history_steps": [
            176,
            177,
            178,
            179,
            180,
            181,
            182,
            183,
            184,
            185,
            186,
            187,
            188,
            189,
            190,
            191,
            192,
            193,
            194,
            195,
            196,
            197,
            198,
            199
        ],
        "new_thetas": [
            0.7785432336818016,
            0.7703941013441375,
            0.7590695369959739,
            0.7444543722461948,
            0.7282372628677729,
            0.7104750653850491,
            0.691267968032877,
            0.6725975937130625,
            0.6545767437625567,
            0.6372905965464023,
            0.6207985495760333,
            0.6068724567856122,
            0.5953647108138324,
            0.5877611972865898,
            0.582151320122328,
            0.5784045811701588,
            0.5779653853239777,
            0.5790931064685081,
            0.5817139010342363,
            0.5857656973615094,
            0.5911964331742716,
            0.5979621078567264,
            0.6060246733094559,
            0.6138265784837866
        ],
        "prompts": [
            "N/A",
            "N/A",
            "N/A",
            "N/A",
            "N/A",
            "N/A",
            "N/A",
            "N/A",
            "N/A",
            "N/A",
            "N/A",
            "N/A",
            "N/A",
            "N/A",
            "N/A",
            "N/A",
            "N/A",
            "N/A",
            "N/A",
            "N/A",
            "N/A",
            "N/A",
            "N/A",
            "N/A"
        ],
        "explanations": [
            "Calculated theta: 0.7785 based on sheep population: 43.94",
            "Calculated theta: 0.7704 based on sheep population: 41.94",
            "Calculated theta: 0.7591 based on sheep population: 39.38",
            "Calculated theta: 0.7445 based on sheep population: 36.41",
            "Calculated theta: 0.7282 based on sheep population: 33.50",
            "Calculated theta: 0.7105 based on sheep population: 30.67",
            "Calculated theta: 0.6913 based on sheep population: 27.99",
            "Calculated theta: 0.6726 based on sheep population: 25.68",
            "Calculated theta: 0.6546 based on sheep population: 23.69",
            "Calculated theta: 0.6373 based on sheep population: 21.96",
            "Calculated theta: 0.6208 based on sheep population: 20.46",
            "Calculated theta: 0.6069 based on sheep population: 19.30",
            "Calculated theta: 0.5954 based on sheep population: 18.39",
            "Calculated theta: 0.5878 based on sheep population: 17.82",
            "Calculated theta: 0.5822 based on sheep population: 17.42",
            "Calculated theta: 0.5784 based on sheep population: 17.15",
            "Calculated theta: 0.5780 based on sheep population: 17.12",
            "Calculated theta: 0.5791 based on sheep population: 17.20",
            "Calculated theta: 0.5817 based on sheep population: 17.38",
            "Calculated theta: 0.5858 based on sheep population: 17.68",
            "Calculated theta: 0.5912 based on sheep population: 18.08",
            "Calculated theta: 0.5980 based on sheep population: 18.59",
            "Calculated theta: 0.6060 based on sheep population: 19.23",
            "Calculated theta: 0.6138 based on sheep population: 19.87"
        ],
        "vocalizations": [
            "Calculated theta: 0.7785 based on sheep population: 43.94",
            "Calculated theta: 0.7704 based on sheep population: 41.94",
            "Calculated theta: 0.7591 based on sheep population: 39.38",
            "Calculated theta: 0.7445 based on sheep population: 36.41",
            "Calculated theta: 0.7282 based on sheep population: 33.50",
            "Calculated theta: 0.7105 based on sheep population: 30.67",
            "Calculated theta: 0.6913 based on sheep population: 27.99",
            "Calculated theta: 0.6726 based on sheep population: 25.68",
            "Calculated theta: 0.6546 based on sheep population: 23.69",
            "Calculated theta: 0.6373 based on sheep population: 21.96",
            "Calculated theta: 0.6208 based on sheep population: 20.46",
            "Calculated theta: 0.6069 based on sheep population: 19.30",
            "Calculated theta: 0.5954 based on sheep population: 18.39",
            "Calculated theta: 0.5878 based on sheep population: 17.82",
            "Calculated theta: 0.5822 based on sheep population: 17.42",
            "Calculated theta: 0.5784 based on sheep population: 17.15",
            "Calculated theta: 0.5780 based on sheep population: 17.12",
            "Calculated theta: 0.5791 based on sheep population: 17.20",
            "Calculated theta: 0.5817 based on sheep population: 17.38",
            "Calculated theta: 0.5858 based on sheep population: 17.68",
            "Calculated theta: 0.5912 based on sheep population: 18.08",
            "Calculated theta: 0.5980 based on sheep population: 18.59",
            "Calculated theta: 0.6060 based on sheep population: 19.23",
            "Calculated theta: 0.6138 based on sheep population: 19.87"
        ]
    }
}