{
    "wolf_id": 144,
    "beta": 0.1,
    "gamma": 1.5,
    "delta": 0.75,
    "alive": false,
    "born_at_step": 360,
    "died_at_step": 383,
    "thetas": [
        0.5,
        0.7817123278102089,
        0.7796826871699769,
        0.7761801117939112,
        0.7696344822735559,
        0.7615748702908494,
        0.7503240674798265,
        0.7375080478927541,
        0.7213824392524039,
        0.7055415757809417,
        0.688276372047224,
        0.6715156408870466,
        0.6553392049892326,
        0.6398070831306186,
        0.6249609959037258,
        0.6125537270748638,
        0.602447629159038,
        0.5961433164132899,
        0.5917537683752193,
        0.5891626790007792,
        0.5882669337324844,
        0.5889768184967235,
        0.5912153325731274,
        0.5949169395630035
    ],
    "decision_history": {
        "history_steps": [
            361,
            362,
            363,
            364,
            365,
            366,
            367,
            368,
            369,
            370,
            371,
            372,
            373,
            374,
            375,
            376,
            377,
            378,
            379,
            380,
            381,
            382,
            383
        ],
        "new_thetas": [
            0.7817123278102089,
            0.7796826871699769,
            0.7761801117939112,
            0.7696344822735559,
            0.7615748702908494,
            0.7503240674798265,
            0.7375080478927541,
            0.7213824392524039,
            0.7055415757809417,
            0.688276372047224,
            0.6715156408870466,
            0.6553392049892326,
            0.6398070831306186,
            0.6249609959037258,
            0.6125537270748638,
            0.602447629159038,
            0.5961433164132899,
            0.5917537683752193,
            0.5891626790007792,
            0.5882669337324844,
            0.5889768184967235,
            0.5912153325731274,
            0.5949169395630035
        ],
        "prompts": [
            "N/A",
            "N/A",
            "N/A",
            "N/A",
            "N/A",
            "N/A",
            "N/A",
            "N/A",
            "N/A",
            "N/A",
            "N/A",
            "N/A",
            "N/A",
            "N/A",
            "N/A",
            "N/A",
            "N/A",
            "N/A",
            "N/A",
            "N/A",
            "N/A",
            "N/A",
            "N/A"
        ],
        "explanations": [
            "Calculated theta: 0.7817 based on sheep population: 44.76",
            "Calculated theta: 0.7797 based on sheep population: 44.24",
            "Calculated theta: 0.7762 based on sheep population: 43.35",
            "Calculated theta: 0.7696 based on sheep population: 41.76",
            "Calculated theta: 0.7616 based on sheep population: 39.93",
            "Calculated theta: 0.7503 based on sheep population: 37.56",
            "Calculated theta: 0.7375 based on sheep population: 35.12",
            "Calculated theta: 0.7214 based on sheep population: 32.36",
            "Calculated theta: 0.7055 based on sheep population: 29.95",
            "Calculated theta: 0.6883 based on sheep population: 27.60",
            "Calculated theta: 0.6715 based on sheep population: 25.55",
            "Calculated theta: 0.6553 based on sheep population: 23.77",
            "Calculated theta: 0.6398 based on sheep population: 22.20",
            "Calculated theta: 0.6250 based on sheep population: 20.83",
            "Calculated theta: 0.6126 based on sheep population: 19.76",
            "Calculated theta: 0.6024 based on sheep population: 18.94",
            "Calculated theta: 0.5961 based on sheep population: 18.45",
            "Calculated theta: 0.5918 based on sheep population: 18.12",
            "Calculated theta: 0.5892 based on sheep population: 17.93",
            "Calculated theta: 0.5883 based on sheep population: 17.86",
            "Calculated theta: 0.5890 based on sheep population: 17.91",
            "Calculated theta: 0.5912 based on sheep population: 18.08",
            "Calculated theta: 0.5949 based on sheep population: 18.36"
        ],
        "vocalizations": [
            "Calculated theta: 0.7817 based on sheep population: 44.76",
            "Calculated theta: 0.7797 based on sheep population: 44.24",
            "Calculated theta: 0.7762 based on sheep population: 43.35",
            "Calculated theta: 0.7696 based on sheep population: 41.76",
            "Calculated theta: 0.7616 based on sheep population: 39.93",
            "Calculated theta: 0.7503 based on sheep population: 37.56",
            "Calculated theta: 0.7375 based on sheep population: 35.12",
            "Calculated theta: 0.7214 based on sheep population: 32.36",
            "Calculated theta: 0.7055 based on sheep population: 29.95",
            "Calculated theta: 0.6883 based on sheep population: 27.60",
            "Calculated theta: 0.6715 based on sheep population: 25.55",
            "Calculated theta: 0.6553 based on sheep population: 23.77",
            "Calculated theta: 0.6398 based on sheep population: 22.20",
            "Calculated theta: 0.6250 based on sheep population: 20.83",
            "Calculated theta: 0.6126 based on sheep population: 19.76",
            "Calculated theta: 0.6024 based on sheep population: 18.94",
            "Calculated theta: 0.5961 based on sheep population: 18.45",
            "Calculated theta: 0.5918 based on sheep population: 18.12",
            "Calculated theta: 0.5892 based on sheep population: 17.93",
            "Calculated theta: 0.5883 based on sheep population: 17.86",
            "Calculated theta: 0.5890 based on sheep population: 17.91",
            "Calculated theta: 0.5912 based on sheep population: 18.08",
            "Calculated theta: 0.5949 based on sheep population: 18.36"
        ]
    }
}