{
    "wolf_id": 132,
    "beta": 0.1,
    "gamma": 1.5,
    "delta": 0.75,
    "alive": false,
    "born_at_step": 316,
    "died_at_step": 344,
    "thetas": [
        0.5,
        0.7714594551080238,
        0.763379585931672,
        0.7537650655977212,
        0.7409092537595897,
        0.7264910737734999,
        0.7105493681836297,
        0.6931576607369796,
        0.676243884583918,
        0.6598936840733075,
        0.6441726082705219,
        0.6291274117246826,
        0.6165221026866868,
        0.606224622654442,
        0.5980943703426187,
        0.5919933201279146,
        0.5893917381739036,
        0.5884863442556021,
        0.5891873777604378,
        0.5914177771829211,
        0.5951119370513678,
        0.6002141004563979,
        0.6066764959208001,
        0.6129211404805214,
        0.6204990375111826,
        0.629369304929141,
        0.6379577975864787,
        0.6478121952865878,
        0.657355183077693
    ],
    "decision_history": {
        "history_steps": [
            317,
            318,
            319,
            320,
            321,
            322,
            323,
            324,
            325,
            326,
            327,
            328,
            329,
            330,
            331,
            332,
            333,
            334,
            335,
            336,
            337,
            338,
            339,
            340,
            341,
            342,
            343,
            344
        ],
        "new_thetas": [
            0.7714594551080238,
            0.763379585931672,
            0.7537650655977212,
            0.7409092537595897,
            0.7264910737734999,
            0.7105493681836297,
            0.6931576607369796,
            0.676243884583918,
            0.6598936840733075,
            0.6441726082705219,
            0.6291274117246826,
            0.6165221026866868,
            0.606224622654442,
            0.5980943703426187,
            0.5919933201279146,
            0.5893917381739036,
            0.5884863442556021,
            0.5891873777604378,
            0.5914177771829211,
            0.5951119370513678,
            0.6002141004563979,
            0.6066764959208001,
            0.6129211404805214,
            0.6204990375111826,
            0.629369304929141,
            0.6379577975864787,
            0.6478121952865878,
            0.657355183077693
        ],
        "prompts": [
            "N/A",
            "N/A",
            "N/A",
            "N/A",
            "N/A",
            "N/A",
            "N/A",
            "N/A",
            "N/A",
            "N/A",
            "N/A",
            "N/A",
            "N/A",
            "N/A",
            "N/A",
            "N/A",
            "N/A",
            "N/A",
            "N/A",
            "N/A",
            "N/A",
            "N/A",
            "N/A",
            "N/A",
            "N/A",
            "N/A",
            "N/A",
            "N/A"
        ],
        "explanations": [
            "Calculated theta: 0.7715 based on sheep population: 42.19",
            "Calculated theta: 0.7634 based on sheep population: 40.33",
            "Calculated theta: 0.7538 based on sheep population: 38.26",
            "Calculated theta: 0.7409 based on sheep population: 35.75",
            "Calculated theta: 0.7265 based on sheep population: 33.20",
            "Calculated theta: 0.7105 based on sheep population: 30.69",
            "Calculated theta: 0.6932 based on sheep population: 28.24",
            "Calculated theta: 0.6762 based on sheep population: 26.11",
            "Calculated theta: 0.6599 based on sheep population: 24.25",
            "Calculated theta: 0.6442 based on sheep population: 22.63",
            "Calculated theta: 0.6291 based on sheep population: 21.20",
            "Calculated theta: 0.6165 based on sheep population: 20.10",
            "Calculated theta: 0.6062 based on sheep population: 19.24",
            "Calculated theta: 0.5981 based on sheep population: 18.60",
            "Calculated theta: 0.5920 based on sheep population: 18.14",
            "Calculated theta: 0.5894 based on sheep population: 17.94",
            "Calculated theta: 0.5885 based on sheep population: 17.88",
            "Calculated theta: 0.5892 based on sheep population: 17.93",
            "Calculated theta: 0.5914 based on sheep population: 18.09",
            "Calculated theta: 0.5951 based on sheep population: 18.37",
            "Calculated theta: 0.6002 based on sheep population: 18.77",
            "Calculated theta: 0.6067 based on sheep population: 19.28",
            "Calculated theta: 0.6129 based on sheep population: 19.79",
            "Calculated theta: 0.6205 based on sheep population: 20.44",
            "Calculated theta: 0.6294 based on sheep population: 21.23",
            "Calculated theta: 0.6380 based on sheep population: 22.03",
            "Calculated theta: 0.6478 based on sheep population: 22.99",
            "Calculated theta: 0.6574 based on sheep population: 23.98"
        ],
        "vocalizations": [
            "Calculated theta: 0.7715 based on sheep population: 42.19",
            "Calculated theta: 0.7634 based on sheep population: 40.33",
            "Calculated theta: 0.7538 based on sheep population: 38.26",
            "Calculated theta: 0.7409 based on sheep population: 35.75",
            "Calculated theta: 0.7265 based on sheep population: 33.20",
            "Calculated theta: 0.7105 based on sheep population: 30.69",
            "Calculated theta: 0.6932 based on sheep population: 28.24",
            "Calculated theta: 0.6762 based on sheep population: 26.11",
            "Calculated theta: 0.6599 based on sheep population: 24.25",
            "Calculated theta: 0.6442 based on sheep population: 22.63",
            "Calculated theta: 0.6291 based on sheep population: 21.20",
            "Calculated theta: 0.6165 based on sheep population: 20.10",
            "Calculated theta: 0.6062 based on sheep population: 19.24",
            "Calculated theta: 0.5981 based on sheep population: 18.60",
            "Calculated theta: 0.5920 based on sheep population: 18.14",
            "Calculated theta: 0.5894 based on sheep population: 17.94",
            "Calculated theta: 0.5885 based on sheep population: 17.88",
            "Calculated theta: 0.5892 based on sheep population: 17.93",
            "Calculated theta: 0.5914 based on sheep population: 18.09",
            "Calculated theta: 0.5951 based on sheep population: 18.37",
            "Calculated theta: 0.6002 based on sheep population: 18.77",
            "Calculated theta: 0.6067 based on sheep population: 19.28",
            "Calculated theta: 0.6129 based on sheep population: 19.79",
            "Calculated theta: 0.6205 based on sheep population: 20.44",
            "Calculated theta: 0.6294 based on sheep population: 21.23",
            "Calculated theta: 0.6380 based on sheep population: 22.03",
            "Calculated theta: 0.6478 based on sheep population: 22.99",
            "Calculated theta: 0.6574 based on sheep population: 23.98"
        ]
    }
}