{
    "wolf_id": 34,
    "beta": 0.1,
    "gamma": 1.5,
    "delta": 0.75,
    "alive": false,
    "born_at_step": 74,
    "died_at_step": 95,
    "thetas": [
        0.5,
        0.7737215255827395,
        0.7805840691718321,
        0.7858184396717866,
        0.7908875056479607,
        0.7944161292471692,
        0.7950471526651975,
        0.7942379990866663,
        0.7905257979857392,
        0.7838388044546125,
        0.774062990903687,
        0.7610619544418843,
        0.744706923673152,
        0.7249173548005006,
        0.7035677185137955,
        0.6808385933001584,
        0.6588374725101613,
        0.6377320609808022,
        0.6176416618851254,
        0.6021465910200181,
        0.5891989448279764,
        0.5786260091944174
    ],
    "decision_history": {
        "history_steps": [
            75,
            76,
            77,
            78,
            79,
            80,
            81,
            82,
            83,
            84,
            85,
            86,
            87,
            88,
            89,
            90,
            91,
            92,
            93,
            94,
            95
        ],
        "new_thetas": [
            0.7737215255827395,
            0.7805840691718321,
            0.7858184396717866,
            0.7908875056479607,
            0.7944161292471692,
            0.7950471526651975,
            0.7942379990866663,
            0.7905257979857392,
            0.7838388044546125,
            0.774062990903687,
            0.7610619544418843,
            0.744706923673152,
            0.7249173548005006,
            0.7035677185137955,
            0.6808385933001584,
            0.6588374725101613,
            0.6377320609808022,
            0.6176416618851254,
            0.6021465910200181,
            0.5891989448279764,
            0.5786260091944174
        ],
        "prompts": [
            "N/A",
            "N/A",
            "N/A",
            "N/A",
            "N/A",
            "N/A",
            "N/A",
            "N/A",
            "N/A",
            "N/A",
            "N/A",
            "N/A",
            "N/A",
            "N/A",
            "N/A",
            "N/A",
            "N/A",
            "N/A",
            "N/A",
            "N/A",
            "N/A"
        ],
        "explanations": [
            "Calculated theta: 0.7737 based on sheep population: 42.74",
            "Calculated theta: 0.7806 based on sheep population: 44.47",
            "Calculated theta: 0.7858 based on sheep population: 45.86",
            "Calculated theta: 0.7909 based on sheep population: 47.28",
            "Calculated theta: 0.7944 based on sheep population: 48.30",
            "Calculated theta: 0.7950 based on sheep population: 48.49",
            "Calculated theta: 0.7942 based on sheep population: 48.25",
            "Calculated theta: 0.7905 based on sheep population: 47.17",
            "Calculated theta: 0.7838 based on sheep population: 45.33",
            "Calculated theta: 0.7741 based on sheep population: 42.83",
            "Calculated theta: 0.7611 based on sheep population: 39.81",
            "Calculated theta: 0.7447 based on sheep population: 36.46",
            "Calculated theta: 0.7249 based on sheep population: 32.94",
            "Calculated theta: 0.7036 based on sheep population: 29.67",
            "Calculated theta: 0.6808 based on sheep population: 26.67",
            "Calculated theta: 0.6588 based on sheep population: 24.14",
            "Calculated theta: 0.6377 based on sheep population: 22.00",
            "Calculated theta: 0.6176 based on sheep population: 20.19",
            "Calculated theta: 0.6021 based on sheep population: 18.92",
            "Calculated theta: 0.5892 based on sheep population: 17.93",
            "Calculated theta: 0.5786 based on sheep population: 17.16"
        ],
        "vocalizations": [
            "Calculated theta: 0.7737 based on sheep population: 42.74",
            "Calculated theta: 0.7806 based on sheep population: 44.47",
            "Calculated theta: 0.7858 based on sheep population: 45.86",
            "Calculated theta: 0.7909 based on sheep population: 47.28",
            "Calculated theta: 0.7944 based on sheep population: 48.30",
            "Calculated theta: 0.7950 based on sheep population: 48.49",
            "Calculated theta: 0.7942 based on sheep population: 48.25",
            "Calculated theta: 0.7905 based on sheep population: 47.17",
            "Calculated theta: 0.7838 based on sheep population: 45.33",
            "Calculated theta: 0.7741 based on sheep population: 42.83",
            "Calculated theta: 0.7611 based on sheep population: 39.81",
            "Calculated theta: 0.7447 based on sheep population: 36.46",
            "Calculated theta: 0.7249 based on sheep population: 32.94",
            "Calculated theta: 0.7036 based on sheep population: 29.67",
            "Calculated theta: 0.6808 based on sheep population: 26.67",
            "Calculated theta: 0.6588 based on sheep population: 24.14",
            "Calculated theta: 0.6377 based on sheep population: 22.00",
            "Calculated theta: 0.6176 based on sheep population: 20.19",
            "Calculated theta: 0.6021 based on sheep population: 18.92",
            "Calculated theta: 0.5892 based on sheep population: 17.93",
            "Calculated theta: 0.5786 based on sheep population: 17.16"
        ]
    }
}