{
    "wolf_id": 45,
    "beta": 0.1,
    "gamma": 1.5,
    "delta": 0.75,
    "alive": false,
    "born_at_step": 82,
    "died_at_step": 105,
    "thetas": [
        0.5,
        0.7838388044546125,
        0.774062990903687,
        0.7610619544418843,
        0.744706923673152,
        0.7249173548005006,
        0.7035677185137955,
        0.6808385933001584,
        0.6588374725101613,
        0.6377320609808022,
        0.6176416618851254,
        0.6021465910200181,
        0.5891989448279764,
        0.5786260091944174,
        0.5718635599005013,
        0.5685999629412487,
        0.5670420987978934,
        0.5670913389660799,
        0.570179099959219,
        0.5746570867739001,
        0.5804780235124133,
        0.5876026737196304,
        0.5944889276596923,
        0.6026632963818216
    ],
    "decision_history": {
        "history_steps": [
            83,
            84,
            85,
            86,
            87,
            88,
            89,
            90,
            91,
            92,
            93,
            94,
            95,
            96,
            97,
            98,
            99,
            100,
            101,
            102,
            103,
            104,
            105
        ],
        "new_thetas": [
            0.7838388044546125,
            0.774062990903687,
            0.7610619544418843,
            0.744706923673152,
            0.7249173548005006,
            0.7035677185137955,
            0.6808385933001584,
            0.6588374725101613,
            0.6377320609808022,
            0.6176416618851254,
            0.6021465910200181,
            0.5891989448279764,
            0.5786260091944174,
            0.5718635599005013,
            0.5685999629412487,
            0.5670420987978934,
            0.5670913389660799,
            0.570179099959219,
            0.5746570867739001,
            0.5804780235124133,
            0.5876026737196304,
            0.5944889276596923,
            0.6026632963818216
        ],
        "prompts": [
            "N/A",
            "N/A",
            "N/A",
            "N/A",
            "N/A",
            "N/A",
            "N/A",
            "N/A",
            "N/A",
            "N/A",
            "N/A",
            "N/A",
            "N/A",
            "N/A",
            "N/A",
            "N/A",
            "N/A",
            "N/A",
            "N/A",
            "N/A",
            "N/A",
            "N/A",
            "N/A"
        ],
        "explanations": [
            "Calculated theta: 0.7838 based on sheep population: 45.33",
            "Calculated theta: 0.7741 based on sheep population: 42.83",
            "Calculated theta: 0.7611 based on sheep population: 39.81",
            "Calculated theta: 0.7447 based on sheep population: 36.46",
            "Calculated theta: 0.7249 based on sheep population: 32.94",
            "Calculated theta: 0.7036 based on sheep population: 29.67",
            "Calculated theta: 0.6808 based on sheep population: 26.67",
            "Calculated theta: 0.6588 based on sheep population: 24.14",
            "Calculated theta: 0.6377 based on sheep population: 22.00",
            "Calculated theta: 0.6176 based on sheep population: 20.19",
            "Calculated theta: 0.6021 based on sheep population: 18.92",
            "Calculated theta: 0.5892 based on sheep population: 17.93",
            "Calculated theta: 0.5786 based on sheep population: 17.16",
            "Calculated theta: 0.5719 based on sheep population: 16.70",
            "Calculated theta: 0.5686 based on sheep population: 16.48",
            "Calculated theta: 0.5670 based on sheep population: 16.37",
            "Calculated theta: 0.5671 based on sheep population: 16.37",
            "Calculated theta: 0.5702 based on sheep population: 16.58",
            "Calculated theta: 0.5747 based on sheep population: 16.89",
            "Calculated theta: 0.5805 based on sheep population: 17.30",
            "Calculated theta: 0.5876 based on sheep population: 17.81",
            "Calculated theta: 0.5945 based on sheep population: 18.33",
            "Calculated theta: 0.6027 based on sheep population: 18.96"
        ],
        "vocalizations": [
            "Calculated theta: 0.7838 based on sheep population: 45.33",
            "Calculated theta: 0.7741 based on sheep population: 42.83",
            "Calculated theta: 0.7611 based on sheep population: 39.81",
            "Calculated theta: 0.7447 based on sheep population: 36.46",
            "Calculated theta: 0.7249 based on sheep population: 32.94",
            "Calculated theta: 0.7036 based on sheep population: 29.67",
            "Calculated theta: 0.6808 based on sheep population: 26.67",
            "Calculated theta: 0.6588 based on sheep population: 24.14",
            "Calculated theta: 0.6377 based on sheep population: 22.00",
            "Calculated theta: 0.6176 based on sheep population: 20.19",
            "Calculated theta: 0.6021 based on sheep population: 18.92",
            "Calculated theta: 0.5892 based on sheep population: 17.93",
            "Calculated theta: 0.5786 based on sheep population: 17.16",
            "Calculated theta: 0.5719 based on sheep population: 16.70",
            "Calculated theta: 0.5686 based on sheep population: 16.48",
            "Calculated theta: 0.5670 based on sheep population: 16.37",
            "Calculated theta: 0.5671 based on sheep population: 16.37",
            "Calculated theta: 0.5702 based on sheep population: 16.58",
            "Calculated theta: 0.5747 based on sheep population: 16.89",
            "Calculated theta: 0.5805 based on sheep population: 17.30",
            "Calculated theta: 0.5876 based on sheep population: 17.81",
            "Calculated theta: 0.5945 based on sheep population: 18.33",
            "Calculated theta: 0.6027 based on sheep population: 18.96"
        ]
    }
}