{
    "wolf_id": 2,
    "beta": 0.1,
    "gamma": 1.5,
    "delta": 0.75,
    "alive": false,
    "born_at_step": 0,
    "died_at_step": 2,
    "thetas": [
        0.5,
        0.444446913569273,
        0.4567864587817136,
        0.47004677601396383
    ],
    "decision_history": {
        "history_steps": [
            0,
            1,
            2
        ],
        "new_thetas": [
            0.444446913569273,
            0.4567864587817136,
            0.47004677601396383
        ],
        "prompts": [
            "N/A",
            "N/A",
            "N/A"
        ],
        "explanations": [
            "Calculated theta: 0.4444 based on sheep population: 10.00",
            "Calculated theta: 0.4568 based on sheep population: 10.51",
            "Calculated theta: 0.4700 based on sheep population: 11.09"
        ],
        "vocalizations": [
            "Calculated theta: 0.4444 based on sheep population: 10.00",
            "Calculated theta: 0.4568 based on sheep population: 10.51",
            "Calculated theta: 0.4700 based on sheep population: 11.09"
        ]
    }
}