{
    "wolf_id": 28,
    "beta": 0.1,
    "gamma": 1.5,
    "delta": 0.75,
    "alive": false,
    "born_at_step": 37,
    "died_at_step": 91,
    "thetas": [
        0.5,
        0.764135789088778,
        0.7460237710829937,
        0.7244034826210535,
        0.7012047533090577,
        0.6766597934261219,
        0.6529490292572657,
        0.6302742915672328,
        0.6087747916576394,
        0.5920321308558373,
        0.5779661028375748,
        0.5680121964133193,
        0.5602156927085223,
        0.5559657208705984,
        0.5549845874218057,
        0.5555575011060959,
        0.5590955396756578,
        0.5639830389395664,
        0.5701776676867124,
        0.5776450090273314,
        0.5863564515674792,
        0.59479127634567,
        0.6044641470701088,
        0.6153471677144184,
        0.6259016739831997,
        0.6376508588822818,
        0.6490418529787861,
        0.6600782240383966,
        0.6722859820472316,
        0.6841001728560734,
        0.69552479431498,
        0.706565144272971,
        0.7172276211938026,
        0.7275195412516523,
        0.737448972157292,
        0.7470245835292529,
        0.7562555132927904,
        0.7651512493479705,
        0.7737215255827395,
        0.7805840691718321,
        0.7858184396717866,
        0.7908875056479607,
        0.7944161292471692,
        0.7950471526651975,
        0.7942379990866663,
        0.7905257979857392,
        0.7838388044546125,
        0.774062990903687,
        0.7610619544418843,
        0.744706923673152,
        0.7249173548005006,
        0.7035677185137955,
        0.6808385933001584,
        0.6588374725101613,
        0.6377320609808022
    ],
    "decision_history": {
        "history_steps": [
            38,
            39,
            40,
            41,
            42,
            43,
            44,
            45,
            46,
            47,
            48,
            49,
            50,
            51,
            52,
            53,
            54,
            55,
            56,
            57,
            58,
            59,
            60,
            61,
            62,
            63,
            64,
            65,
            66,
            67,
            68,
            69,
            70,
            71,
            72,
            73,
            74,
            75,
            76,
            77,
            78,
            79,
            80,
            81,
            82,
            83,
            84,
            85,
            86,
            87,
            88,
            89,
            90,
            91
        ],
        "new_thetas": [
            0.764135789088778,
            0.7460237710829937,
            0.7244034826210535,
            0.7012047533090577,
            0.6766597934261219,
            0.6529490292572657,
            0.6302742915672328,
            0.6087747916576394,
            0.5920321308558373,
            0.5779661028375748,
            0.5680121964133193,
            0.5602156927085223,
            0.5559657208705984,
            0.5549845874218057,
            0.5555575011060959,
            0.5590955396756578,
            0.5639830389395664,
            0.5701776676867124,
            0.5776450090273314,
            0.5863564515674792,
            0.59479127634567,
            0.6044641470701088,
            0.6153471677144184,
            0.6259016739831997,
            0.6376508588822818,
            0.6490418529787861,
            0.6600782240383966,
            0.6722859820472316,
            0.6841001728560734,
            0.69552479431498,
            0.706565144272971,
            0.7172276211938026,
            0.7275195412516523,
            0.737448972157292,
            0.7470245835292529,
            0.7562555132927904,
            0.7651512493479705,
            0.7737215255827395,
            0.7805840691718321,
            0.7858184396717866,
            0.7908875056479607,
            0.7944161292471692,
            0.7950471526651975,
            0.7942379990866663,
            0.7905257979857392,
            0.7838388044546125,
            0.774062990903687,
            0.7610619544418843,
            0.744706923673152,
            0.7249173548005006,
            0.7035677185137955,
            0.6808385933001584,
            0.6588374725101613,
            0.6377320609808022
        ],
        "prompts": [
            "N/A",
            "N/A",
            "N/A",
            "N/A",
            "N/A",
            "N/A",
            "N/A",
            "N/A",
            "N/A",
            "N/A",
            "N/A",
            "N/A",
            "N/A",
            "N/A",
            "N/A",
            "N/A",
            "N/A",
            "N/A",
            "N/A",
            "N/A",
            "N/A",
            "N/A",
            "N/A",
            "N/A",
            "N/A",
            "N/A",
            "N/A",
            "N/A",
            "N/A",
            "N/A",
            "N/A",
            "N/A",
            "N/A",
            "N/A",
            "N/A",
            "N/A",
            "N/A",
            "N/A",
            "N/A",
            "N/A",
            "N/A",
            "N/A",
            "N/A",
            "N/A",
            "N/A",
            "N/A",
            "N/A",
            "N/A",
            "N/A",
            "N/A",
            "N/A",
            "N/A",
            "N/A",
            "N/A"
        ],