{
    "wolf_id": 172,
    "beta": 0.1,
    "gamma": 1.5,
    "delta": 0.75,
    "alive": false,
    "born_at_step": 448,
    "died_at_step": 472,
    "thetas": [
        0.5,
        0.761230268705141,
        0.7670833408746033,
        0.7713039316023709,
        0.775399363434703,
        0.7779316204719371,
        0.7789411214922746,
        0.7784544331591959,
        0.7749716280143546,
        0.770004024042948,
        0.7619402313310379,
        0.7523421633619122,
        0.7395022899413071,
        0.7251046099327844,
        0.7091893167436322,
        0.6918310524626947,
        0.6749580769361252,
        0.6586544527394322,
        0.642984219029257,
        0.6279927503280667,
        0.6154410163109645,
        0.60519540494112,
        0.5987639828768694,
        0.5942561004029707,
        0.5915556327484068
    ],
    "decision_history": {
        "history_steps": [
            449,
            450,
            451,
            452,
            453,
            454,
            455,
            456,
            457,
            458,
            459,
            460,
            461,
            462,
            463,
            464,
            465,
            466,
            467,
            468,
            469,
            470,
            471,
            472
        ],
        "new_thetas": [
            0.761230268705141,
            0.7670833408746033,
            0.7713039316023709,
            0.775399363434703,
            0.7779316204719371,
            0.7789411214922746,
            0.7784544331591959,
            0.7749716280143546,
            0.770004024042948,
            0.7619402313310379,
            0.7523421633619122,
            0.7395022899413071,
            0.7251046099327844,
            0.7091893167436322,
            0.6918310524626947,
            0.6749580769361252,
            0.6586544527394322,
            0.642984219029257,
            0.6279927503280667,
            0.6154410163109645,
            0.60519540494112,
            0.5987639828768694,
            0.5942561004029707,
            0.5915556327484068
        ],
        "prompts": [
            "N/A",
            "N/A",
            "N/A",
            "N/A",
            "N/A",
            "N/A",
            "N/A",
            "N/A",
            "N/A",
            "N/A",
            "N/A",
            "N/A",
            "N/A",
            "N/A",
            "N/A",
            "N/A",
            "N/A",
            "N/A",
            "N/A",
            "N/A",
            "N/A",
            "N/A",
            "N/A",
            "N/A"
        ],
        "explanations": [
            "Calculated theta: 0.7612 based on sheep population: 39.85",
            "Calculated theta: 0.7671 based on sheep population: 41.17",
            "Calculated theta: 0.7713 based on sheep population: 42.16",
            "Calculated theta: 0.7754 based on sheep population: 43.15",
            "Calculated theta: 0.7779 based on sheep population: 43.79",
            "Calculated theta: 0.7789 based on sheep population: 44.05",
            "Calculated theta: 0.7785 based on sheep population: 43.92",
            "Calculated theta: 0.7750 based on sheep population: 43.05",
            "Calculated theta: 0.7700 based on sheep population: 41.85",
            "Calculated theta: 0.7619 based on sheep population: 40.01",
            "Calculated theta: 0.7523 based on sheep population: 37.97",
            "Calculated theta: 0.7395 based on sheep population: 35.48",
            "Calculated theta: 0.7251 based on sheep population: 32.97",
            "Calculated theta: 0.7092 based on sheep population: 30.48",
            "Calculated theta: 0.6918 based on sheep population: 28.06",
            "Calculated theta: 0.6750 based on sheep population: 25.96",
            "Calculated theta: 0.6587 based on sheep population: 24.12",
            "Calculated theta: 0.6430 based on sheep population: 22.51",
            "Calculated theta: 0.6280 based on sheep population: 21.10",
            "Calculated theta: 0.6154 based on sheep population: 20.00",
            "Calculated theta: 0.6052 based on sheep population: 19.16",
            "Calculated theta: 0.5988 based on sheep population: 18.65",
            "Calculated theta: 0.5943 based on sheep population: 18.31",
            "Calculated theta: 0.5916 based on sheep population: 18.10"
        ],
        "vocalizations": [
            "Calculated theta: 0.7612 based on sheep population: 39.85",
            "Calculated theta: 0.7671 based on sheep population: 41.17",
            "Calculated theta: 0.7713 based on sheep population: 42.16",
            "Calculated theta: 0.7754 based on sheep population: 43.15",
            "Calculated theta: 0.7779 based on sheep population: 43.79",
            "Calculated theta: 0.7789 based on sheep population: 44.05",
            "Calculated theta: 0.7785 based on sheep population: 43.92",
            "Calculated theta: 0.7750 based on sheep population: 43.05",
            "Calculated theta: 0.7700 based on sheep population: 41.85",
            "Calculated theta: 0.7619 based on sheep population: 40.01",
            "Calculated theta: 0.7523 based on sheep population: 37.97",
            "Calculated theta: 0.7395 based on sheep population: 35.48",
            "Calculated theta: 0.7251 based on sheep population: 32.97",
            "Calculated theta: 0.7092 based on sheep population: 30.48",
            "Calculated theta: 0.6918 based on sheep population: 28.06",
            "Calculated theta: 0.6750 based on sheep population: 25.96",
            "Calculated theta: 0.6587 based on sheep population: 24.12",
            "Calculated theta: 0.6430 based on sheep population: 22.51",
            "Calculated theta: 0.6280 based on sheep population: 21.10",
            "Calculated theta: 0.6154 based on sheep population: 20.00",
            "Calculated theta: 0.6052 based on sheep population: 19.16",
            "Calculated theta: 0.5988 based on sheep population: 18.65",
            "Calculated theta: 0.5943 based on sheep population: 18.31",
            "Calculated theta: 0.5916 based on sheep population: 18.10"
        ]
    }
}