{
    "wolf_id": 0,
    "beta": 0.1,
    "gamma": 1.5,
    "delta": 0.75,
    "alive": false,
    "born_at_step": 0,
    "died_at_step": 3,
    "thetas": [
        0.5,
        0.7555566419704801,
        0.7574503073685569,
        0.7593159921782126,
        0.7611542243878089
    ],
    "decision_history": {
        "history_steps": [
            0,
            1,
            2,
            3
        ],
        "new_thetas": [
            0.7555566419704801,
            0.7574503073685569,
            0.7593159921782126,
            0.7611542243878089
        ],
        "prompts": [
            "N/A",
            "N/A",
            "N/A",
            "N/A"
        ],
        "explanations": [
            "Calculated theta: 0.7556 based on sheep population: 17.00",
            "Calculated theta: 0.7575 based on sheep population: 17.18",
            "Calculated theta: 0.7593 based on sheep population: 17.35",
            "Calculated theta: 0.7612 based on sheep population: 17.53"
        ],
        "vocalizations": [
            "Calculated theta: 0.7556 based on sheep population: 17.00",
            "Calculated theta: 0.7575 based on sheep population: 17.18",
            "Calculated theta: 0.7593 based on sheep population: 17.35",
            "Calculated theta: 0.7612 based on sheep population: 17.53"
        ]
    }
}