{
    "wolf_id": 1,
    "beta": 0.1,
    "gamma": 1.5,
    "delta": 0.75,
    "alive": false,
    "born_at_step": 0,
    "died_at_step": 8,
    "thetas": [
        0.5,
        0.7555566419704801,
        0.7574503073685569,
        0.7593159921782126,
        0.7611542243878089,
        0.7629655211236993,
        0.7654617624056057,
        0.7679189795877922,
        0.7703379154578949,
        0.7727192990411509
    ],
    "decision_history": {
        "history_steps": [
            0,
            1,
            2,
            3,
            4,
            5,
            6,
            7,
            8
        ],
        "new_thetas": [
            0.7555566419704801,
            0.7574503073685569,
            0.7593159921782126,
            0.7611542243878089,
            0.7629655211236993,
            0.7654617624056057,
            0.7679189795877922,
            0.7703379154578949,
            0.7727192990411509
        ],
        "prompts": [
            "N/A",
            "N/A",
            "N/A",
            "N/A",
            "N/A",
            "N/A",
            "N/A",
            "N/A",
            "N/A"
        ],
        "explanations": [
            "Calculated theta: 0.7556 based on sheep population: 17.00",
            "Calculated theta: 0.7575 based on sheep population: 17.18",
            "Calculated theta: 0.7593 based on sheep population: 17.35",
            "Calculated theta: 0.7612 based on sheep population: 17.53",
            "Calculated theta: 0.7630 based on sheep population: 17.70",
            "Calculated theta: 0.7655 based on sheep population: 17.95",
            "Calculated theta: 0.7679 based on sheep population: 18.20",
            "Calculated theta: 0.7703 based on sheep population: 18.45",
            "Calculated theta: 0.7727 based on sheep population: 18.70"
        ],
        "vocalizations": [
            "Calculated theta: 0.7556 based on sheep population: 17.00",
            "Calculated theta: 0.7575 based on sheep population: 17.18",
            "Calculated theta: 0.7593 based on sheep population: 17.35",
            "Calculated theta: 0.7612 based on sheep population: 17.53",
            "Calculated theta: 0.7630 based on sheep population: 17.70",
            "Calculated theta: 0.7655 based on sheep population: 17.95",
            "Calculated theta: 0.7679 based on sheep population: 18.20",
            "Calculated theta: 0.7703 based on sheep population: 18.45",
            "Calculated theta: 0.7727 based on sheep population: 18.70"
        ]
    }
}