{
    "wolf_id": 70,
    "beta": 0.1,
    "gamma": 1.5,
    "delta": 0.75,
    "alive": false,
    "born_at_step": 35,
    "died_at_step": 47,
    "thetas": [
        0.2861991781620714,
        0.2861991781620714,
        0.2861991781620714,
        0.2861991781620714,
        0.2861991781620714,
        0.2861991781620714,
        0.2861991781620714,
        0.2861991781620714,
        0.2861991781620714,
        0.2861991781620714,
        0.2861991781620714,
        0.2861991781620714,
        0.2861991781620714
    ],
    "decision_history": {
        "history_steps": [],
        "new_thetas": [],
        "prompts": [],
        "explanations": [],
        "vocalizations": []
    }
}