{
    "wolf_id": 59,
    "beta": 0.1,
    "gamma": 1.5,
    "delta": 0.75,
    "alive": false,
    "born_at_step": 35,
    "died_at_step": 62,
    "thetas": [
        0.5,
        0.5935150512550998,
        0.5196545144705155,
        0.4576171629637506,
        0.41133035689081987,
        0.379091134714037,
        0.3577510235403396,
        0.34428359217013343,
        0.33597672915042914,
        0.3318770154851878,
        0.33138482286511917,
        0.33334418154082945,
        0.33761242657102436,
        0.34413103942642237,
        0.3520792876788187,
        0.36150000335690397,
        0.37245833352859936,
        0.38411940319839977,
        0.39748413848973896,
        0.41166702118018783,
        0.42671752927820483,
        0.4415977644523934,
        0.4574109619836356,
        0.4742008379625561,
        0.4907902572172205,
        0.5084044918914595,
        0.5257726766237956,
        0.5428575099506316
    ],
    "decision_history": {
        "history_steps": [
            36,
            37,
            38,
            39,
            40,
            41,
            42,
            43,
            44,
            45,
            46,
            47,
            48,
            49,
            50,
            51,
            52,
            53,
            54,
            55,
            56,
            57,
            58,
            59,
            60,
            61,
            62
        ],
        "new_thetas": [
            0.5935150512550998,
            0.5196545144705155,
            0.4576171629637506,
            0.41133035689081987,
            0.379091134714037,
            0.3577510235403396,
            0.34428359217013343,
            0.33597672915042914,
            0.3318770154851878,
            0.33138482286511917,
            0.33334418154082945,
            0.33761242657102436,
            0.34413103942642237,
            0.3520792876788187,
            0.36150000335690397,
            0.37245833352859936,
            0.38411940319839977,
            0.39748413848973896,
            0.41166702118018783,
            0.42671752927820483,
            0.4415977644523934,
            0.4574109619836356,
            0.4742008379625561,
            0.4907902572172205,
            0.5084044918914595,
            0.5257726766237956,
            0.5428575099506316
        ],
        "prompts": [
            "N/A",
            "N/A",
            "N/A",
            "N/A",
            "N/A",
            "N/A",
            "N/A",
            "N/A",
            "N/A",
            "N/A",
            "N/A",
            "N/A",
            "N/A",
            "N/A",
            "N/A",
            "N/A",
            "N/A",
            "N/A",
            "N/A",
            "N/A",
            "N/A",
            "N/A",
            "N/A",
            "N/A",
            "N/A",
            "N/A",
            "N/A"
        ],
        "explanations": [
            "Calculated theta: 0.5935 based on sheep population: 36.50",
            "Calculated theta: 0.5197 based on sheep population: 27.05",
            "Calculated theta: 0.4576 based on sheep population: 21.09",
            "Calculated theta: 0.4113 based on sheep population: 17.47",
            "Calculated theta: 0.3791 based on sheep population: 15.26",
            "Calculated theta: 0.3578 based on sheep population: 13.93",
            "Calculated theta: 0.3443 based on sheep population: 13.13",
            "Calculated theta: 0.3360 based on sheep population: 12.65",
            "Calculated theta: 0.3319 based on sheep population: 12.42",
            "Calculated theta: 0.3314 based on sheep population: 12.39",
            "Calculated theta: 0.3333 based on sheep population: 12.50",
            "Calculated theta: 0.3376 based on sheep population: 12.74",
            "Calculated theta: 0.3441 based on sheep population: 13.12",
            "Calculated theta: 0.3521 based on sheep population: 13.58",
            "Calculated theta: 0.3615 based on sheep population: 14.15",
            "Calculated theta: 0.3725 based on sheep population: 14.84",
            "Calculated theta: 0.3841 based on sheep population: 15.59",
            "Calculated theta: 0.3975 based on sheep population: 16.49",
            "Calculated theta: 0.4117 based on sheep population: 17.49",
            "Calculated theta: 0.4267 based on sheep population: 18.61",
            "Calculated theta: 0.4416 based on sheep population: 19.77",
            "Calculated theta: 0.4574 based on sheep population: 21.08",
            "Calculated theta: 0.4742 based on sheep population: 22.55",
            "Calculated theta: 0.4908 based on sheep population: 24.10",
            "Calculated theta: 0.5084 based on sheep population: 25.85",
            "Calculated theta: 0.5258 based on sheep population: 27.72",
            "Calculated theta: 0.5429 based on sheep population: 29.69"
        ],
        "vocalizations": [
            "Calculated theta: 0.5935 based on sheep population: 36.50",
            "Calculated theta: 0.5197 based on sheep population: 27.05",
            "Calculated theta: 0.4576 based on sheep population: 21.09",
            "Calculated theta: 0.4113 based on sheep population: 17.47",
            "Calculated theta: 0.3791 based on sheep population: 15.26",
            "Calculated theta: 0.3578 based on sheep population: 13.93",
            "Calculated theta: 0.3443 based on sheep population: 13.13",
            "Calculated theta: 0.3360 based on sheep population: 12.65",
            "Calculated theta: 0.3319 based on sheep population: 12.42",
            "Calculated theta: 0.3314 based on sheep population: 12.39",
            "Calculated theta: 0.3333 based on sheep population: 12.50",
            "Calculated theta: 0.3376 based on sheep population: 12.74",
            "Calculated theta: 0.3441 based on sheep population: 13.12",
            "Calculated theta: 0.3521 based on sheep population: 13.58",
            "Calculated theta: 0.3615 based on sheep population: 14.15",
            "Calculated theta: 0.3725 based on sheep population: 14.84",
            "Calculated theta: 0.3841 based on sheep population: 15.59",
            "Calculated theta: 0.3975 based on sheep population: 16.49",
            "Calculated theta: 0.4117 based on sheep population: 17.49",
            "Calculated theta: 0.4267 based on sheep population: 18.61",
            "Calculated theta: 0.4416 based on sheep population: 19.77",
            "Calculated theta: 0.4574 based on sheep population: 21.08",
            "Calculated theta: 0.4742 based on sheep population: 22.55",
            "Calculated theta: 0.4908 based on sheep population: 24.10",
            "Calculated theta: 0.5084 based on sheep population: 25.85",
            "Calculated theta: 0.5258 based on sheep population: 27.72",
            "Calculated theta: 0.5429 based on sheep population: 29.69"
        ]
    }
}