{
    "wolf_id": 140,
    "beta": 0.1,
    "gamma": 1.5,
    "delta": 0.75,
    "alive": false,
    "born_at_step": 171,
    "died_at_step": 228,
    "thetas": [
        0.5,
        0.6290910378951058,
        0.6112376886642621,
        0.5926080596762371,
        0.5733933502093648,
        0.5554753689491703,
        0.5388305867361939,
        0.5234143093919953,
        0.5106864012242002,
        0.5003682839005487,
        0.492213037286666,
        0.4860071461706529,
        0.48292426789460796,
        0.4813605455779087,
        0.48120962378719045,
        0.48369753888248607,
        0.487384363210303,
        0.4922303722205207,
        0.49820683629399753,
        0.503959070243368,
        0.5108451298961645,
        0.5188501956272551,
        0.5279656876859282,
        0.5367980324035142,
        0.5453514853373775,
        0.5550601481388848,
        0.5644744045253302,
        0.5735985118208848,
        0.5824375205001096,
        0.5924866244066865,
        0.6022302317277665,
        0.6116733703602264,
        0.6208217986080292,
        0.6296818711269502,
        0.6382604184816787,
        0.6450104032921142,
        0.6499669967327669,
        0.6547587250397222,
        0.6577996091974977,
        0.6591302984512332,
        0.6587915837043766,
        0.6568245439848684,
        0.6516010789810429,
        0.6448867840328387,
        0.6350309277258609,
        0.6238785942176528,
        0.6115233295344523,
        0.5980750576114487,
        0.5836598815197597,
        0.5700884952830247,
        0.5573438496001257,
        0.5454004167906205,
        0.5342266326662727,
        0.5237869193260558,
        0.5155352795215918,
        0.5092714399961118,
        0.5048225775295612,
        0.5020420780979598
    ],
    "decision_history": {
        "history_steps": [
            172,
            173,
            174,
            175,
            176,
            177,
            178,
            179,
            180,
            181,
            182,
            183,
            184,
            185,
            186,
            187,
            188,
            189,
            190,
            191,
            192,
            193,
            194,
            195,
            196,
            197,
            198,
            199,
            200,
            201,
            202,
            203,
            204,
            205,
            206,
            207,
            208,
            209,
            210,
            211,
            212,
            213,
            214,
            215,
            216,
            217,
            218,
            219,
            220,
            221,
            222,
            223,
            224,
            225,
            226,
            227,
            228
        ],
        "new_thetas": [
            0.6290910378951058,
            0.6112376886642621,
            0.5926080596762371,
            0.5733933502093648,
            0.5554753689491703,
            0.5388305867361939,
            0.5234143093919953,
            0.5106864012242002,
            0.5003682839005487,
            0.492213037286666,
            0.4860071461706529,
            0.48292426789460796,
            0.4813605455779087,
            0.48120962378719045,
            0.48369753888248607,
            0.487384363210303,
            0.4922303722205207,
            0.49820683629399753,
            0.503959070243368,
            0.5108451298961645,
            0.5188501956272551,
            0.5279656876859282,
            0.5367980324035142,
            0.5453514853373775,
            0.5550601481388848,
            0.5644744045253302,
            0.5735985118208848,
            0.5824375205001096,
            0.5924866244066865,
            0.6022302317277665,
            0.6116733703602264,
            0.6208217986080292,
            0.6296818711269502,
            0.6382604184816787,
            0.6450104032921142,
            0.6499669967327669,
            0.6547587250397222,
            0.6577996091974977,
            0.6591302984512332,
            0.6587915837043766,
            0.6568245439848684,
            0.6516010789810429,
            0.6448867840328387,
            0.6350309277258609,
            0.6238785942176528,
            0.6115233295344523,
            0.5980750576114487,
            0.5836598815197597,
            0.5700884952830247,
            0.5573438496001257,
            0.5454004167906205,
            0.5342266326662727,
            0.5237869193260558,
            0.5155352795215918,
            0.5092714399961118,
            0.5048225775295612,
            0.5020420780979598
        ],
        "prompts": [
            "N/A",
            "N/A",
            "N/A",
            "N/A",
            "N/A",
            "N/A",
            "N/A",
            "N/A",
            "N/A",
            "N/A",
            "N/A",
            "N/A",
            "N/A",
            "N/A",
            "N/A",
            "N/A",
            "N/A",
            "N/A",
            "N/A",
            "N/A",
            "N/A",
            "N/A",
            "N/A",
            "N/A",
            "N/A",
            "N/A",
            "N/A",
            "N/A",
            "N/A",
            "N/A",
            "N/A",
            "N/A",
            "N/A",
            "N/A",
            "N/A",
            "N/A",
            "N/A",
            "N/A",
            "N/A",
            "N/A",
            "N/A",
            "N/A",
            "N/A",
            "N/A",
            "N/A",
            "N/A",
            "N/A",
            "N/A",
            "N/A",
            "N/A",
            "N/A",
            "N/A",
            "N/A",
            "N/A",
            "N/A",
            "N/A",
            "N/A"
        ],