{
    "wolf_id": 12,
    "beta": 0.1,
    "gamma": 1.5,
    "delta": 0.75,
    "alive": false,
    "born_at_step": 26,
    "died_at_step": 38,
    "thetas": [
        0.5,
        0.7649710990756302,
        0.7749438140859323,
        0.7817643176406465,
        0.7855540119969008,
        0.7849300619335466,
        0.7767315330041795,
        0.7568938028916702,
        0.7218569219509563,
        0.6654715437857431,
        0.5935150512550998,
        0.5196545144705155,
        0.4576171629637506
    ],
    "decision_history": {
        "history_steps": [
            27,
            28,
            29,
            30,
            31,
            32,
            33,
            34,
            35,
            36,
            37,
            38
        ],
        "new_thetas": [
            0.7649710990756302,
            0.7749438140859323,
            0.7817643176406465,
            0.7855540119969008,
            0.7849300619335466,
            0.7767315330041795,
            0.7568938028916702,
            0.7218569219509563,
            0.6654715437857431,
            0.5935150512550998,
            0.5196545144705155,
            0.4576171629637506
        ],
        "prompts": [
            "N/A",
            "N/A",
            "N/A",
            "N/A",
            "N/A",
            "N/A",
            "N/A",
            "N/A",
            "N/A",
            "N/A",
            "N/A",
            "N/A"
        ],
        "explanations": [
            "Calculated theta: 0.7650 based on sheep population: 81.37",
            "Calculated theta: 0.7749 based on sheep population: 86.08",
            "Calculated theta: 0.7818 based on sheep population: 89.55",
            "Calculated theta: 0.7856 based on sheep population: 91.58",
            "Calculated theta: 0.7849 based on sheep population: 91.24",
            "Calculated theta: 0.7767 based on sheep population: 86.97",
            "Calculated theta: 0.7569 based on sheep population: 77.84",
            "Calculated theta: 0.7219 based on sheep population: 64.88",
            "Calculated theta: 0.6655 based on sheep population: 49.73",
            "Calculated theta: 0.5935 based on sheep population: 36.50",
            "Calculated theta: 0.5197 based on sheep population: 27.05",
            "Calculated theta: 0.4576 based on sheep population: 21.09"
        ],
        "vocalizations": [
            "Calculated theta: 0.7650 based on sheep population: 81.37",
            "Calculated theta: 0.7749 based on sheep population: 86.08",
            "Calculated theta: 0.7818 based on sheep population: 89.55",
            "Calculated theta: 0.7856 based on sheep population: 91.58",
            "Calculated theta: 0.7849 based on sheep population: 91.24",
            "Calculated theta: 0.7767 based on sheep population: 86.97",
            "Calculated theta: 0.7569 based on sheep population: 77.84",
            "Calculated theta: 0.7219 based on sheep population: 64.88",
            "Calculated theta: 0.6655 based on sheep population: 49.73",
            "Calculated theta: 0.5935 based on sheep population: 36.50",
            "Calculated theta: 0.5197 based on sheep population: 27.05",
            "Calculated theta: 0.4576 based on sheep population: 21.09"
        ]
    }
}