{
    "wolf_id": 9,
    "beta": 0.1,
    "gamma": 1.5,
    "delta": 0.75,
    "alive": false,
    "born_at_step": 0,
    "died_at_step": 37,
    "thetas": [
        0.5,
        0.28571632652478135,
        0.2994414707054647,
        0.3138956957266839,
        0.32913682570255304,
        0.3452259285426314,
        0.3622266996561084,
        0.37933395392694774,
        0.39742273017895463,
        0.41655534021798013,
        0.43575138065926927,
        0.45494824936179756,
        0.47523784670048924,
        0.4954552205573621,
        0.5155337542308347,
        0.5354101342287154,
        0.5563649014840008,
        0.5770176139600429,
        0.5973041152124355,
        0.6171660326441631,
        0.6365512288294501,
        0.6554140869289469,
        0.6737156387497962,
        0.691423548940617,
        0.7085119723879633,
        0.7249613041100424,
        0.7393374370136256,
        0.7531359546605954,
        0.7649710990756302,
        0.7749438140859323,
        0.7817643176406465,
        0.7855540119969008,
        0.7849300619335466,
        0.7767315330041795,
        0.7568938028916702,
        0.7218569219509563,
        0.6654715437857431,
        0.5935150512550998,
        0.5196545144705155
    ],
    "decision_history": {
        "history_steps": [
            0,
            1,
            2,
            3,
            4,
            5,
            6,
            7,
            8,
            9,
            10,
            11,
            12,
            13,
            14,
            15,
            16,
            17,
            18,
            19,
            20,
            21,
            22,
            23,
            24,
            25,
            26,
            27,
            28,
            29,
            30,
            31,
            32,
            33,
            34,
            35,
            36,
            37
        ],
        "new_thetas": [
            0.28571632652478135,
            0.2994414707054647,
            0.3138956957266839,
            0.32913682570255304,
            0.3452259285426314,
            0.3622266996561084,
            0.37933395392694774,
            0.39742273017895463,
            0.41655534021798013,
            0.43575138065926927,
            0.45494824936179756,
            0.47523784670048924,
            0.4954552205573621,
            0.5155337542308347,
            0.5354101342287154,
            0.5563649014840008,
            0.5770176139600429,
            0.5973041152124355,
            0.6171660326441631,
            0.6365512288294501,
            0.6554140869289469,
            0.6737156387497962,
            0.691423548940617,
            0.7085119723879633,
            0.7249613041100424,
            0.7393374370136256,
            0.7531359546605954,
            0.7649710990756302,
            0.7749438140859323,
            0.7817643176406465,
            0.7855540119969008,
            0.7849300619335466,
            0.7767315330041795,
            0.7568938028916702,
            0.7218569219509563,
            0.6654715437857431,
            0.5935150512550998,
            0.5196545144705155
        ],
        "prompts": [
            "N/A",
            "N/A",
            "N/A",
            "N/A",
            "N/A",
            "N/A",
            "N/A",
            "N/A",
            "N/A",
            "N/A",
            "N/A",
            "N/A",
            "N/A",
            "N/A",
            "N/A",
            "N/A",
            "N/A",
            "N/A",
            "N/A",
            "N/A",
            "N/A",
            "N/A",
            "N/A",
            "N/A",
            "N/A",
            "N/A",
            "N/A",
            "N/A",
            "N/A",
            "N/A",
            "N/A",
            "N/A",
            "N/A",
            "N/A",
            "N/A",
            "N/A",
            "N/A",
            "N/A"
        ],
        "explanations": [
            "Calculated theta: 0.2857 based on sheep population: 10.00",
            "Calculated theta: 0.2994 based on sheep population: 10.69",
            "Calculated theta: 0.3139 based on sheep population: 11.44",
            "Calculated theta: 0.3291 based on sheep population: 12.27",
            "Calculated theta: 0.3452 based on sheep population: 13.18",
            "Calculated theta: 0.3622 based on sheep population: 14.20",
            "Calculated theta: 0.3793 based on sheep population: 15.28",
            "Calculated theta: 0.3974 based on sheep population: 16.49",
            "Calculated theta: 0.4166 based on sheep population: 17.85",
            "Calculated theta: 0.4358 based on sheep population: 19.31",
            "Calculated theta: 0.4549 based on sheep population: 20.87",
            "Calculated theta: 0.4752 based on sheep population: 22.64",
            "Calculated theta: 0.4955 based on sheep population: 24.55",
            "Calculated theta: 0.5155 based on sheep population: 26.60",
            "Calculated theta: 0.5354 based on sheep population: 28.81",
            "Calculated theta: 0.5564 based on sheep population: 31.35",
            "Calculated theta: 0.5770 based on sheep population: 34.10",
            "Calculated theta: 0.5973 based on sheep population: 37.08",
            "Calculated theta: 0.6172 based on sheep population: 40.30",
            "Calculated theta: 0.6366 based on sheep population: 43.79",
            "Calculated theta: 0.6554 based on sheep population: 47.55",
            "Calculated theta: 0.6737 based on sheep population: 51.62",
            "Calculated theta: 0.6914 based on sheep population: 56.02",
            "Calculated theta: 0.7085 based on sheep population: 60.77",
            "Calculated theta: 0.7250 based on sheep population: 65.90",
            "Calculated theta: 0.7393 based on sheep population: 70.91",
            "Calculated theta: 0.7531 based on sheep population: 76.27",
            "Calculated theta: 0.7650 based on sheep population: 81.37",
            "Calculated theta: 0.7749 based on sheep population: 86.08",
            "Calculated theta: 0.7818 based on sheep population: 89.55",
            "Calculated theta: 0.7856 based on sheep population: 91.58",
            "Calculated theta: 0.7849 based on sheep population: 91.24",
            "Calculated theta: 0.7767 based on sheep population: 86.97",
            "Calculated theta: 0.7569 based on sheep population: 77.84",
            "Calculated theta: 0.7219 based on sheep population: 64.88",
            "Calculated theta: 0.6655 based on sheep population: 49.73",
            "Calculated theta: 0.5935 based on sheep population: 36.50",
            "Calculated theta: 0.5197 based on sheep population: 27.05"
        ],