{
    "wolf_id": 26,
    "beta": 0.1,
    "gamma": 1.5,
    "delta": 0.75,
    "alive": false,
    "born_at_step": 45,
    "died_at_step": 51,
    "thetas": [
        0.5364675172256022,
        0.9817138373628295,
        0.9814949257181927,
        0.9787936516083768,
        0.9692624108079777,
        0.937889874817805,
        0.8388225086570388
    ],
    "decision_history": {
        "history_steps": [
            46,
            47,
            48,
            49,
            50,
            51
        ],
        "new_thetas": [
            0.9817138373628295,
            0.9814949257181927,
            0.9787936516083768,
            0.9692624108079777,
            0.937889874817805,
            0.8388225086570388
        ],
        "prompts": [
            "N/A",
            "N/A",
            "N/A",
            "N/A",
            "N/A",
            "N/A"
        ],
        "explanations": [
            "Calculated theta: 0.9817 based on sheep population: 59.05",
            "Calculated theta: 0.9815 based on sheep population: 58.34",
            "Calculated theta: 0.9788 based on sheep population: 50.77",
            "Calculated theta: 0.9693 based on sheep population: 34.69",
            "Calculated theta: 0.9379 based on sheep population: 16.61",
            "Calculated theta: 0.8388 based on sheep population: 5.72"
        ],
        "vocalizations": [
            "Calculated theta: 0.9817 based on sheep population: 59.05",
            "Calculated theta: 0.9815 based on sheep population: 58.34",
            "Calculated theta: 0.9788 based on sheep population: 50.77",
            "Calculated theta: 0.9693 based on sheep population: 34.69",
            "Calculated theta: 0.9379 based on sheep population: 16.61",
            "Calculated theta: 0.8388 based on sheep population: 5.72"
        ]
    }
}