{
    "wolf_id": 43,
    "beta": 0.1,
    "gamma": 1.5,
    "delta": 0.75,
    "alive": false,
    "born_at_step": 48,
    "died_at_step": 54,
    "thetas": [
        0.5537634496911426,
        0.9692624108079777,
        0.937889874817805,
        0.8388225086570388,
        0.7121016915395544,
        0.6408740702252905,
        0.6142715070710466
    ],
    "decision_history": {
        "history_steps": [
            49,
            50,
            51,
            52,
            53,
            54
        ],
        "new_thetas": [
            0.9692624108079777,
            0.937889874817805,
            0.8388225086570388,
            0.7121016915395544,
            0.6408740702252905,
            0.6142715070710466
        ],
        "prompts": [
            "N/A",
            "N/A",
            "N/A",
            "N/A",
            "N/A",
            "N/A"
        ],
        "explanations": [
            "Calculated theta: 0.9693 based on sheep population: 34.69",
            "Calculated theta: 0.9379 based on sheep population: 16.61",
            "Calculated theta: 0.8388 based on sheep population: 5.72",
            "Calculated theta: 0.7121 based on sheep population: 2.72",
            "Calculated theta: 0.6409 based on sheep population: 1.96",
            "Calculated theta: 0.6143 based on sheep population: 1.75"
        ],
        "vocalizations": [
            "Calculated theta: 0.9693 based on sheep population: 34.69",
            "Calculated theta: 0.9379 based on sheep population: 16.61",
            "Calculated theta: 0.8388 based on sheep population: 5.72",
            "Calculated theta: 0.7121 based on sheep population: 2.72",
            "Calculated theta: 0.6409 based on sheep population: 1.96",
            "Calculated theta: 0.6143 based on sheep population: 1.75"
        ]
    }
}