{
    "wolf_id": 52,
    "beta": 0.1,
    "gamma": 1.5,
    "delta": 0.75,
    "alive": false,
    "born_at_step": 9,
    "died_at_step": 11,
    "thetas": [
        0.36827946509327303,
        0.4160585820913547,
        9.090900826453794e-07
    ],
    "decision_history": {
        "history_steps": [
            10,
            11
        ],
        "new_thetas": [
            0.4160585820913547,
            9.090900826453794e-07
        ],
        "prompts": [
            "N/A",
            "N/A"
        ],
        "explanations": [
            "Calculated theta: 0.4161 based on sheep population: 78.37",
            "Calculated theta: 0.0000 based on sheep population: 0.00"
        ],
        "vocalizations": [
            "Calculated theta: 0.4161 based on sheep population: 78.37",
            "Calculated theta: 0.0000 based on sheep population: 0.00"
        ]
    }
}