{
    "wolf_id": 81,
    "beta": 0.1,
    "gamma": 1.5,
    "delta": 0.75,
    "alive": false,
    "born_at_step": 36,
    "died_at_step": 49,
    "thetas": [
        0.24052584794040277,
        0.24052584794040277,
        0.24052584794040277,
        0.24052584794040277,
        0.24052584794040277,
        0.24052584794040277,
        0.24052584794040277,
        0.24052584794040277,
        0.24052584794040277,
        0.24052584794040277,
        0.24052584794040277,
        0.24052584794040277,
        0.24052584794040277,
        0.24052584794040277
    ],
    "decision_history": {
        "history_steps": [],
        "new_thetas": [],
        "prompts": [],
        "explanations": [],
        "vocalizations": []
    }
}