{
    "wolf_id": 92,
    "beta": 0.1,
    "gamma": 1.5,
    "delta": 0.75,
    "alive": false,
    "born_at_step": 37,
    "died_at_step": 53,
    "thetas": [
        0.5160760531344614,
        0.5160760531344614,
        0.5160760531344614,
        0.5160760531344614,
        0.5160760531344614,
        0.5160760531344614,
        0.5160760531344614,
        0.5160760531344614,
        0.5160760531344614,
        0.5160760531344614,
        0.5160760531344614,
        0.5160760531344614,
        0.5160760531344614,
        0.5160760531344614,
        0.5160760531344614,
        0.5160760531344614,
        0.5160760531344614
    ],
    "decision_history": {
        "history_steps": [],
        "new_thetas": [],
        "prompts": [],
        "explanations": [],
        "vocalizations": []
    }
}