{
    "wolf_id": 55,
    "beta": 0.1,
    "gamma": 1.5,
    "delta": 0.75,
    "alive": false,
    "born_at_step": 34,
    "died_at_step": 45,
    "thetas": [
        0.1244996310406552,
        0.1244996310406552,
        0.1244996310406552,
        0.1244996310406552,
        0.1244996310406552,
        0.1244996310406552,
        0.1244996310406552,
        0.1244996310406552,
        0.1244996310406552,
        0.1244996310406552,
        0.1244996310406552,
        0.1244996310406552
    ],
    "decision_history": {
        "history_steps": [],
        "new_thetas": [],
        "prompts": [],
        "explanations": [],
        "vocalizations": []
    }
}