{
    "wolf_id": 5,
    "beta": 0.1,
    "gamma": 1.5,
    "delta": 0.75,
    "alive": false,
    "born_at_step": 0,
    "died_at_step": 5,
    "thetas": [
        0.5,
        0.0009990109790308592,
        0.0010986916577184528,
        0.001208307710307594,
        0.0013288486092018295,
        0.0014614218979118836,
        0.0016071874806202508
    ],
    "decision_history": {
        "history_steps": [
            0,
            1,
            2,
            3,
            4,
            5
        ],
        "new_thetas": [
            0.0009990109790308592,
            0.0010986916577184528,
            0.001208307710307594,
            0.0013288486092018295,
            0.0014614218979118836,
            0.0016071874806202508
        ],
        "prompts": [
            "N/A",
            "N/A",
            "N/A",
            "N/A",
            "N/A",
            "N/A"
        ],
        "explanations": [
            "Calculated theta: 0.0010 based on sheep population: 10.00",
            "Calculated theta: 0.0011 based on sheep population: 11.00",
            "Calculated theta: 0.0012 based on sheep population: 12.10",
            "Calculated theta: 0.0013 based on sheep population: 13.31",
            "Calculated theta: 0.0015 based on sheep population: 14.64",
            "Calculated theta: 0.0016 based on sheep population: 16.10"
        ],
        "vocalizations": [
            "Calculated theta: 0.0010 based on sheep population: 10.00",
            "Calculated theta: 0.0011 based on sheep population: 11.00",
            "Calculated theta: 0.0012 based on sheep population: 12.10",
            "Calculated theta: 0.0013 based on sheep population: 13.31",
            "Calculated theta: 0.0015 based on sheep population: 14.64",
            "Calculated theta: 0.0016 based on sheep population: 16.10"
        ]
    }
}