{
    "wolf_id": 4,
    "beta": 0.1,
    "gamma": 1.5,
    "delta": 0.75,
    "alive": false,
    "born_at_step": 0,
    "died_at_step": 25,
    "thetas": [
        0.5,
        0.13385894971736242,
        0.13585653291272592,
        0.13787441919689333,
        0.13991255470772987,
        0.1419708782105688,
        0.14408442886624243,
        0.14621932073097008,
        0.14837549306177128,
        0.15055287731893266,
        0.15275139710640304,
        0.15501108342774977,
        0.15729318755499636,
        0.15959763377179748,
        0.1619243380267882,
        0.16431778116458812,
        0.16673489778588407,
        0.16917560487525543,
        0.17163981053031085,
        0.17412741390458805,
        0.17663830515824344,
        0.17922444695803874,
        0.1818354633698395,
        0.18447124498720255,
        0.18713167275290762,
        0.18981661791267448,
        0.19252594197761908
    ],
    "decision_history": {
        "history_steps": [
            0,
            1,
            2,
            3,
            4,
            5,
            6,
            7,
            8,
            9,
            10,
            11,
            12,
            13,
            14,
            15,
            16,
            17,
            18,
            19,
            20,
            21,
            22,
            23,
            24,
            25
        ],
        "new_thetas": [
            0.13385894971736242,
            0.13585653291272592,
            0.13787441919689333,
            0.13991255470772987,
            0.1419708782105688,
            0.14408442886624243,
            0.14621932073097008,
            0.14837549306177128,
            0.15055287731893266,
            0.15275139710640304,
            0.15501108342774977,
            0.15729318755499636,
            0.15959763377179748,
            0.1619243380267882,
            0.16431778116458812,
            0.16673489778588407,
            0.16917560487525543,
            0.17163981053031085,
            0.17412741390458805,
            0.17663830515824344,
            0.17922444695803874,
            0.1818354633698395,
            0.18447124498720255,
            0.18713167275290762,
            0.18981661791267448,
            0.19252594197761908
        ],
        "prompts": [
            "N/A",
            "N/A",
            "N/A",
            "N/A",
            "N/A",
            "N/A",
            "N/A",
            "N/A",
            "N/A",
            "N/A",
            "N/A",
            "N/A",
            "N/A",
            "N/A",
            "N/A",
            "N/A",
            "N/A",
            "N/A",
            "N/A",
            "N/A",
            "N/A",
            "N/A",
            "N/A",
            "N/A",
            "N/A",
            "N/A"
        ],
        "explanations": [
            "Calculated theta: 0.1339 based on sheep population: 17.00",
            "Calculated theta: 0.1359 based on sheep population: 17.29",
            "Calculated theta: 0.1379 based on sheep population: 17.59",
            "Calculated theta: 0.1399 based on sheep population: 17.89",
            "Calculated theta: 0.1420 based on sheep population: 18.20",
            "Calculated theta: 0.1441 based on sheep population: 18.52",
            "Calculated theta: 0.1462 based on sheep population: 18.84",
            "Calculated theta: 0.1484 based on sheep population: 19.16",
            "Calculated theta: 0.1506 based on sheep population: 19.50",
            "Calculated theta: 0.1528 based on sheep population: 19.83",
            "Calculated theta: 0.1550 based on sheep population: 20.18",
            "Calculated theta: 0.1573 based on sheep population: 20.53",
            "Calculated theta: 0.1596 based on sheep population: 20.89",
            "Calculated theta: 0.1619 based on sheep population: 21.25",
            "Calculated theta: 0.1643 based on sheep population: 21.63",
            "Calculated theta: 0.1667 based on sheep population: 22.01",
            "Calculated theta: 0.1692 based on sheep population: 22.40",
            "Calculated theta: 0.1716 based on sheep population: 22.79",
            "Calculated theta: 0.1741 based on sheep population: 23.19",
            "Calculated theta: 0.1766 based on sheep population: 23.60",
            "Calculated theta: 0.1792 based on sheep population: 24.02",
            "Calculated theta: 0.1818 based on sheep population: 24.45",
            "Calculated theta: 0.1845 based on sheep population: 24.88",
            "Calculated theta: 0.1871 based on sheep population: 25.32",
            "Calculated theta: 0.1898 based on sheep population: 25.77",
            "Calculated theta: 0.1925 based on sheep population: 26.23"
        ],
        "vocalizations": [
            "Calculated theta: 0.1339 based on sheep population: 17.00",
            "Calculated theta: 0.1359 based on sheep population: 17.29",
            "Calculated theta: 0.1379 based on sheep population: 17.59",
            "Calculated theta: 0.1399 based on sheep population: 17.89",
            "Calculated theta: 0.1420 based on sheep population: 18.20",
            "Calculated theta: 0.1441 based on sheep population: 18.52",
            "Calculated theta: 0.1462 based on sheep population: 18.84",
            "Calculated theta: 0.1484 based on sheep population: 19.16",
            "Calculated theta: 0.1506 based on sheep population: 19.50",
            "Calculated theta: 0.1528 based on sheep population: 19.83",
            "Calculated theta: 0.1550 based on sheep population: 20.18",
            "Calculated theta: 0.1573 based on sheep population: 20.53",
            "Calculated theta: 0.1596 based on sheep population: 20.89",
            "Calculated theta: 0.1619 based on sheep population: 21.25",
            "Calculated theta: 0.1643 based on sheep population: 21.63",
            "Calculated theta: 0.1667 based on sheep population: 22.01",
            "Calculated theta: 0.1692 based on sheep population: 22.40",
            "Calculated theta: 0.1716 based on sheep population: 22.79",
            "Calculated theta: 0.1741 based on sheep population: 23.19",
            "Calculated theta: 0.1766 based on sheep population: 23.60",
            "Calculated theta: 0.1792 based on sheep population: 24.02",
            "Calculated theta: 0.1818 based on sheep population: 24.45",
            "Calculated theta: 0.1845 based on sheep population: 24.88",
            "Calculated theta: 0.1871 based on sheep population: 25.32",
            "Calculated theta: 0.1898 based on sheep population: 25.77",
            "Calculated theta: 0.1925 based on sheep population: 26.23"
        ]
    }
}