{
    "wolf_id": 9,
    "beta": 0.1,
    "gamma": 1.5,
    "delta": 0.75,
    "alive": false,
    "born_at_step": 0,
    "died_at_step": 19,
    "thetas": [
        0.5,
        0.009901088128605136,
        0.010869758754466824,
        0.01193219750817171,
        0.013097414411064063,
        0.01437715683670468,
        0.015778750440200898,
        0.01731583748627153,
        0.019001566667592028,
        0.02085042817646923,
        0.022873750468272443,
        0.025092498325659823,
        0.027519215401169517,
        0.030171938687646338,
        0.03306997940517777,
        0.03624551040197086,
        0.0397122359765478,
        0.04349413234805573,
        0.047616613911611136,
        0.05210651157302539,
        0.05699202443307199
    ],
    "decision_history": {
        "history_steps": [
            0,
            1,
            2,
            3,
            4,
            5,
            6,
            7,
            8,
            9,
            10,
            11,
            12,
            13,
            14,
            15,
            16,
            17,
            18,
            19
        ],
        "new_thetas": [
            0.009901088128605136,
            0.010869758754466824,
            0.01193219750817171,
            0.013097414411064063,
            0.01437715683670468,
            0.015778750440200898,
            0.01731583748627153,
            0.019001566667592028,
            0.02085042817646923,
            0.022873750468272443,
            0.025092498325659823,
            0.027519215401169517,
            0.030171938687646338,
            0.03306997940517777,
            0.03624551040197086,
            0.0397122359765478,
            0.04349413234805573,
            0.047616613911611136,
            0.05210651157302539,
            0.05699202443307199
        ],
        "prompts": [
            "N/A",
            "N/A",
            "N/A",
            "N/A",
            "N/A",
            "N/A",
            "N/A",
            "N/A",
            "N/A",
            "N/A",
            "N/A",
            "N/A",
            "N/A",
            "N/A",
            "N/A",
            "N/A",
            "N/A",
            "N/A",
            "N/A",
            "N/A"
        ],
        "explanations": [
            "Calculated theta: 0.0099 based on sheep population: 10.00",
            "Calculated theta: 0.0109 based on sheep population: 10.99",
            "Calculated theta: 0.0119 based on sheep population: 12.08",
            "Calculated theta: 0.0131 based on sheep population: 13.27",
            "Calculated theta: 0.0144 based on sheep population: 14.59",
            "Calculated theta: 0.0158 based on sheep population: 16.03",
            "Calculated theta: 0.0173 based on sheep population: 17.62",
            "Calculated theta: 0.0190 based on sheep population: 19.37",
            "Calculated theta: 0.0209 based on sheep population: 21.29",
            "Calculated theta: 0.0229 based on sheep population: 23.41",
            "Calculated theta: 0.0251 based on sheep population: 25.74",
            "Calculated theta: 0.0275 based on sheep population: 28.30",
            "Calculated theta: 0.0302 based on sheep population: 31.11",
            "Calculated theta: 0.0331 based on sheep population: 34.20",
            "Calculated theta: 0.0362 based on sheep population: 37.61",
            "Calculated theta: 0.0397 based on sheep population: 41.35",
            "Calculated theta: 0.0435 based on sheep population: 45.47",
            "Calculated theta: 0.0476 based on sheep population: 50.00",
            "Calculated theta: 0.0521 based on sheep population: 54.97",
            "Calculated theta: 0.0570 based on sheep population: 60.44"
        ],
        "vocalizations": [
            "Calculated theta: 0.0099 based on sheep population: 10.00",
            "Calculated theta: 0.0109 based on sheep population: 10.99",
            "Calculated theta: 0.0119 based on sheep population: 12.08",
            "Calculated theta: 0.0131 based on sheep population: 13.27",
            "Calculated theta: 0.0144 based on sheep population: 14.59",
            "Calculated theta: 0.0158 based on sheep population: 16.03",
            "Calculated theta: 0.0173 based on sheep population: 17.62",
            "Calculated theta: 0.0190 based on sheep population: 19.37",
            "Calculated theta: 0.0209 based on sheep population: 21.29",
            "Calculated theta: 0.0229 based on sheep population: 23.41",
            "Calculated theta: 0.0251 based on sheep population: 25.74",
            "Calculated theta: 0.0275 based on sheep population: 28.30",
            "Calculated theta: 0.0302 based on sheep population: 31.11",
            "Calculated theta: 0.0331 based on sheep population: 34.20",
            "Calculated theta: 0.0362 based on sheep population: 37.61",
            "Calculated theta: 0.0397 based on sheep population: 41.35",
            "Calculated theta: 0.0435 based on sheep population: 45.47",
            "Calculated theta: 0.0476 based on sheep population: 50.00",
            "Calculated theta: 0.0521 based on sheep population: 54.97",
            "Calculated theta: 0.0570 based on sheep population: 60.44"
        ]
    }
}