{
    "wolf_id": 91,
    "beta": 0.1,
    "gamma": 1.5,
    "delta": 0.75,
    "alive": false,
    "born_at_step": 197,
    "died_at_step": 265,
    "thetas": [
        0.35191483227241005,
        0.35191483227241005,
        0.35191483227241005,
        0.35191483227241005,
        0.35191483227241005,
        0.35191483227241005,
        0.35191483227241005,
        0.35191483227241005,
        0.35191483227241005,
        0.35191483227241005,
        0.35191483227241005,
        0.35191483227241005,
        0.35191483227241005,
        0.35191483227241005,
        0.35191483227241005,
        0.35191483227241005,
        0.35191483227241005,
        0.35191483227241005,
        0.35191483227241005,
        0.35191483227241005,
        0.5,
        0.5,
        0.3,
        0.5,
        0.5,
        0.7,
        0.7,
        0.7,
        0.5,
        0.5,
        0.5,
        0.7,
        0.5,
        0.5,
        0.7,
        0.5,
        0.5,
        0.3,
        0.3,
        0.5,
        0.5,
        0.5,
        0.65,
        0.65,
        0.65,
        0.65,
        0.65,
        0.5,
        0.5,
        0.5,
        0.5,
        0.5,
        0.3,
        0.3,
        0.3,
        0.3,
        0.3,
        0.3,
        0.5,
        0.5,
        0.5,
        0.5,
        0.7,
        0.5,
        0.5,
        0.3,
        0.3,
        0.3,
        0.3
    ],
    "decision_history": {
        "history_steps": [
            217,
            219,
            220,
            222,
            225,
            228,
            229,
            231,
            232,
            234,
            236,
            239,
            244,
            249,
            255,
            259,
            260,
            262
        ],
        "new_thetas": [
            0.5,
            0.3,
            0.5,
            0.7,
            0.5,
            0.7,
            0.5,
            0.7,
            0.5,
            0.3,
            0.5,
            0.65,
            0.5,
            0.3,
            0.5,
            0.7,
            0.5,
            0.3
        ],
        "prompts": [
            "You are a wolf who can adjust hunting intensity (theta) between 0 and 1.\nNormal wolves always hunt at maximum intensity (theta=1), but you can choose differently.\n\nCurrent situation:\n- Sheep: 22.73 (increased by 0.37)\n- Wolves: 16.00 (decreased by 2.00)\n- Your previous theta: 0.35\n- The trend is that wolves (decreased) recently.\nChoose your new theta (0-1) to help ensure your survival.\nRemember: Other wolves are also trying to survive, but you don't control their choices.\nPlease provide a short explanation of your reasoning for choosing theta.\nPlease also provide a short vocalization expressing your wolf's attitude about the current situation.\nPlease respond with a JSON object in this format, where [your new theta] is a float between 0 and 1 with your new theta (up to 2 decimal places):\n\n            {\n                \"theta\": [your new theta],\n                \"explanation\": \"I chose this theta because...\",\n                \"vocalization\": \"Growwllllllll...\"\n            }\n            ",
            null,
            null,
            null,
            "You are a wolf who can adjust hunting intensity (theta) between 0 and 1.\nNormal wolves always hunt at maximum intensity (theta=1), but you can choose differently.\n\nCurrent situation:\n- Sheep: 29.57 (increased by 1.33)\n- Wolves: 10.00 (stayed the same by 0.00)\n- Your previous theta: 0.70\n- The trend is that wolves (stayed the same) recently.\nChoose your new theta (0-1) to help ensure your survival.\nRemember: Other wolves are also trying to survive, but you don't control their choices.\nPlease provide a short explanation of your reasoning for choosing theta.\nPlease also provide a short vocalization expressing your wolf's attitude about the current situation.\nPlease respond with a JSON object in this format, where [your new theta] is a float between 0 and 1 with your new theta (up to 2 decimal places):\n\n            {\n                \"theta\": [your new theta],\n                \"explanation\": \"I chose this theta because...\",\n                \"vocalization\": \"Growwllllllll...\"\n            }\n            ",
            null,
            "You are a wolf who can adjust hunting intensity (theta) between 0 and 1.\nNormal wolves always hunt at maximum intensity (theta=1), but you can choose differently.\n\nCurrent situation:\n- Sheep: 34.82 (increased by 1.34)\n- Wolves: 9.00 (stayed the same by 0.00)\n- Your previous theta: 0.70\n- The trend is that wolves (stayed the same) recently.\nChoose your new theta (0-1) to help ensure your survival.\nRemember: Other wolves are also trying to survive, but you don't control their choices.\nPlease provide a short explanation of your reasoning for choosing theta.\nPlease also provide a short vocalization expressing your wolf's attitude about the current situation.\nPlease respond with a JSON object in this format, where [your new theta] is a float between 0 and 1 with your new theta (up to 2 decimal places):\n\n            {\n                \"theta\": [your new theta],\n                \"explanation\": \"I chose this theta because...\",\n                \"vocalization\": \"Growwllllllll...\"\n            }\n            ",
            null,
            "You are a wolf who can adjust hunting intensity (theta) between 0 and 1.\nNormal wolves always hunt at maximum intensity (theta=1), but you can choose differently.\n\nCurrent situation:\n- Sheep: 38.70 (increased by 1.29)\n- Wolves: 9.00 (stayed the same by 0.00)\n- Your previous theta: 0.70\n- The trend is that wolves (stayed the same) recently.\nChoose your new theta (0-1) to help ensure your survival.\nRemember: Other wolves are also trying to survive, but you don't control their choices.\nPlease provide a short explanation of your reasoning for choosing theta.\nPlease also provide a short vocalization expressing your wolf's attitude about the current situation.\nPlease respond with a JSON object in this format, where [your new theta] is a float between 0 and 1 with your new theta (up to 2 decimal places):\n\n            {\n                \"theta\": [your new theta],\n                \"explanation\": \"I chose this theta because...\",\n                \"vocalization\": \"Growwllllllll...\"\n            }\n            ",
            null,
            null,
            null,
            null,
            null,
            "You are a wolf who can adjust hunting intensity (theta) between 0 and 1.\nNormal wolves always hunt at maximum intensity (theta=1), but you can choose differently.\n\nCurrent situation:\n- Sheep: 35.47 (decreased by 1.88)\n- Wolves: 24.00 (stayed the same by 0.00)\n- Your previous theta: 0.30\n- The trend is that wolves (stayed the same) recently.\nChoose your new theta (0-1) to help ensure your survival.\nRemember: Other wolves are also trying to survive, but you don't control their choices.\nPlease provide a short explanation of your reasoning for choosing theta.\nPlease also provide a short vocalization expressing your wolf's attitude about the current situation.\nPlease respond with a JSON object in this format, where [your new theta] is a float between 0 and 1 with your new theta (up to 2 decimal places):\n\n            {\n                \"theta\": [your new theta],\n                \"explanation\": \"I chose this theta because...\",\n                \"vocalization\": \"Growwllllllll...\"\n            }\n            ",
            null,
            null,
            null
        ],