{
    "wolf_id": 39,
    "beta": 0.1,
    "gamma": 1.5,
    "delta": 0.75,
    "alive": false,
    "born_at_step": 37,
    "died_at_step": 98,
    "thetas": [
        0.43697282607140564,
        0.43697282607140564,
        0.43697282607140564,
        0.43697282607140564,
        0.43697282607140564,
        0.43697282607140564,
        0.43697282607140564,
        0.43697282607140564,
        0.43697282607140564,
        0.43697282607140564,
        0.43697282607140564,
        0.43697282607140564,
        0.43697282607140564,
        0.43697282607140564,
        0.43697282607140564,
        0.43697282607140564,
        0.43697282607140564,
        0.6,
        0.45,
        0.6,
        0.75,
        0.6,
        0.4,
        0.6,
        0.6,
        0.6,
        0.6,
        0.75,
        0.75,
        0.6,
        0.75,
        0.6,
        0.6,
        0.5,
        0.65,
        0.5,
        0.65,
        0.65,
        0.65,
        0.5,
        0.5,
        0.65,
        0.5,
        0.3,
        0.3,
        0.3,
        0.5,
        0.5,
        0.5,
        0.5,
        0.5,
        0.5,
        0.5,
        0.5,
        0.5,
        0.5,
        0.5,
        0.4,
        0.5,
        0.5,
        0.5,
        0.3
    ],
    "decision_history": {
        "history_steps": [
            54,
            55,
            56,
            57,
            58,
            59,
            60,
            64,
            66,
            67,
            68,
            70,
            71,
            72,
            73,
            76,
            78,
            79,
            80,
            83,
            94,
            95,
            98
        ],
        "new_thetas": [
            0.6,
            0.45,
            0.6,
            0.75,
            0.6,
            0.4,
            0.6,
            0.75,
            0.6,
            0.75,
            0.6,
            0.5,
            0.65,
            0.5,
            0.65,
            0.5,
            0.65,
            0.5,
            0.3,
            0.5,
            0.4,
            0.5,
            0.3
        ],
        "prompts": [
            null,
            null,
            "You are a wolf who can adjust hunting intensity (theta) between 0 and 1.\nNormal wolves always hunt at maximum intensity (theta=1), but you can choose differently.\n\nCurrent situation:\n- Sheep: 21.89 (increased by 0.64)\n- Wolves: 12.00 (decreased by 1.00)\n- Your previous theta: 0.45\n- The trend is that wolves (decreased) recently.\nChoose your new theta (0-1) to help ensure your survival.\nRemember: Other wolves are also trying to survive, but you don't control their choices.\nPlease provide a short explanation of your reasoning for choosing theta.\nPlease also provide a short vocalization expressing your wolf's attitude about the current situation.\nPlease respond with a JSON object in this format, where [your new theta] is a float between 0 and 1 with your new theta (up to 2 decimal places):\n\n            {\n                \"theta\": [your new theta],\n                \"explanation\": \"I chose this theta because...\",\n                \"vocalization\": \"Growwllllllll...\"\n            }\n            ",
            "You are a wolf who can adjust hunting intensity (theta) between 0 and 1.\nNormal wolves always hunt at maximum intensity (theta=1), but you can choose differently.\n\nCurrent situation:\n- Sheep: 22.64 (increased by 0.74)\n- Wolves: 12.00 (stayed the same by 0.00)\n- Your previous theta: 0.60\n- The trend is that wolves (stayed the same) recently.\nChoose your new theta (0-1) to help ensure your survival.\nRemember: Other wolves are also trying to survive, but you don't control their choices.\nPlease provide a short explanation of your reasoning for choosing theta.\nPlease also provide a short vocalization expressing your wolf's attitude about the current situation.\nPlease respond with a JSON object in this format, where [your new theta] is a float between 0 and 1 with your new theta (up to 2 decimal places):\n\n            {\n                \"theta\": [your new theta],\n                \"explanation\": \"I chose this theta because...\",\n                \"vocalization\": \"Growwllllllll...\"\n            }\n            ",
            null,
            null,
            null,
            "You are a wolf who can adjust hunting intensity (theta) between 0 and 1.\nNormal wolves always hunt at maximum intensity (theta=1), but you can choose differently.\n\nCurrent situation:\n- Sheep: 29.76 (increased by 1.16)\n- Wolves: 8.00 (decreased by 1.00)\n- Your previous theta: 0.60\n- The trend is that wolves (decreased) recently.\nChoose your new theta (0-1) to help ensure your survival.\nRemember: Other wolves are also trying to survive, but you don't control their choices.\nPlease provide a short explanation of your reasoning for choosing theta.\nPlease also provide a short vocalization expressing your wolf's attitude about the current situation.\nPlease respond with a JSON object in this format, where [your new theta] is a float between 0 and 1 with your new theta (up to 2 decimal places):\n\n            {\n                \"theta\": [your new theta],\n                \"explanation\": \"I chose this theta because...\",\n                \"vocalization\": \"Growwllllllll...\"\n            }\n            ",
            null,
            null,
            null,
            null,
            null,
            null,
            null,
            null,
            null,
            null,
            null,
            null,
            null,
            null,
            "You are a wolf who can adjust hunting intensity (theta) between 0 and 1.\nNormal wolves always hunt at maximum intensity (theta=1), but you can choose differently.\n\nCurrent situation:\n- Sheep: 22.98 (decreased by 1.07)\n- Wolves: 23.00 (decreased by 1.00)\n- Your previous theta: 0.50\n- The trend is that wolves (decreased) recently.\nChoose your new theta (0-1) to help ensure your survival.\nRemember: Other wolves are also trying to survive, but you don't control their choices.\nPlease provide a short explanation of your reasoning for choosing theta.\nPlease also provide a short vocalization expressing your wolf's attitude about the current situation.\nPlease respond with a JSON object in this format, where [your new theta] is a float between 0 and 1 with your new theta (up to 2 decimal places):\n\n            {\n                \"theta\": [your new theta],\n                \"explanation\": \"I chose this theta because...\",\n                \"vocalization\": \"Growwllllllll...\"\n            }\n            "
        ],