{
    "wolf_id": 212,
    "beta": 0.1,
    "gamma": 1.5,
    "delta": 0.75,
    "alive": false,
    "born_at_step": 204,
    "died_at_step": 213,
    "thetas": [
        0.44454417090828946,
        0.44454417090828946,
        0.44454417090828946,
        0.44454417090828946,
        0.44454417090828946,
        0.44454417090828946,
        0.44454417090828946,
        0.44454417090828946,
        0.44454417090828946,
        0.44454417090828946
    ],
    "decision_history": {
        "history_steps": [],
        "new_thetas": [],
        "prompts": [],
        "explanations": [],
        "vocalizations": []
    }
}