{
    "wolf_id": 228,
    "beta": 0.1,
    "gamma": 1.5,
    "delta": 0.75,
    "alive": false,
    "born_at_step": 206,
    "died_at_step": 214,
    "thetas": [
        0.49524838037767593,
        0.49524838037767593,
        0.49524838037767593,
        0.49524838037767593,
        0.49524838037767593,
        0.49524838037767593,
        0.49524838037767593,
        0.49524838037767593,
        0.49524838037767593
    ],
    "decision_history": {
        "history_steps": [],
        "new_thetas": [],
        "prompts": [],
        "explanations": [],
        "vocalizations": []
    }
}