{
    "wolf_id": 296,
    "beta": 0.1,
    "gamma": 1.5,
    "delta": 0.75,
    "alive": false,
    "born_at_step": 209,
    "died_at_step": 221,
    "thetas": [
        0.9728622277634086,
        0.9728622277634086,
        0.9728622277634086,
        0.9728622277634086,
        0.9728622277634086,
        0.9728622277634086,
        0.9728622277634086,
        0.9728622277634086,
        0.9728622277634086,
        0.9728622277634086,
        0.9728622277634086,
        0.9728622277634086,
        0.9728622277634086
    ],
    "decision_history": {
        "history_steps": [],
        "new_thetas": [],
        "prompts": [],
        "explanations": [],
        "vocalizations": []
    }
}