{
    "wolf_id": 234,
    "beta": 0.1,
    "gamma": 1.5,
    "delta": 0.75,
    "alive": false,
    "born_at_step": 207,
    "died_at_step": 214,
    "thetas": [
        0.9425027885793431,
        0.9425027885793431,
        0.9425027885793431,
        0.9425027885793431,
        0.9425027885793431,
        0.9425027885793431,
        0.9425027885793431,
        0.9425027885793431
    ],
    "decision_history": {
        "history_steps": [],
        "new_thetas": [],
        "prompts": [],
        "explanations": [],
        "vocalizations": []
    }
}