{
    "wolf_id": 279,
    "beta": 0.1,
    "gamma": 1.5,
    "delta": 0.75,
    "alive": false,
    "born_at_step": 209,
    "died_at_step": 218,
    "thetas": [
        0.007340098623548563,
        0.007340098623548563,
        0.007340098623548563,
        0.007340098623548563,
        0.007340098623548563,
        0.007340098623548563,
        0.007340098623548563,
        0.007340098623548563,
        0.007340098623548563,
        0.007340098623548563
    ],
    "decision_history": {
        "history_steps": [],
        "new_thetas": [],
        "prompts": [],
        "explanations": [],
        "vocalizations": []
    }
}