{
    "wolf_id": 314,
    "beta": 0.1,
    "gamma": 1.5,
    "delta": 0.75,
    "alive": false,
    "born_at_step": 210,
    "died_at_step": 226,
    "thetas": [
        0.6699519991089383,
        0.6699519991089383,
        0.6699519991089383,
        0.6699519991089383,
        0.6699519991089383,
        0.6699519991089383,
        0.6699519991089383,
        0.6699519991089383,
        0.6699519991089383,
        0.6699519991089383,
        0.6699519991089383,
        0.6699519991089383,
        0.6699519991089383,
        0.6699519991089383,
        0.6699519991089383,
        0.6699519991089383,
        0.6699519991089383
    ],
    "decision_history": {
        "history_steps": [],
        "new_thetas": [],
        "prompts": [],
        "explanations": [],
        "vocalizations": []
    }
}