{
    "wolf_id": 242,
    "beta": 0.1,
    "gamma": 1.5,
    "delta": 0.75,
    "alive": false,
    "born_at_step": 207,
    "died_at_step": 215,
    "thetas": [
        0.7534080274429608,
        0.7534080274429608,
        0.7534080274429608,
        0.7534080274429608,
        0.7534080274429608,
        0.7534080274429608,
        0.7534080274429608,
        0.7534080274429608,
        0.7534080274429608
    ],
    "decision_history": {
        "history_steps": [],
        "new_thetas": [],
        "prompts": [],
        "explanations": [],
        "vocalizations": []
    }
}