{
    "wolf_id": 84,
    "beta": 0.1,
    "gamma": 1.5,
    "delta": 0.75,
    "alive": false,
    "born_at_step": 84,
    "died_at_step": 98,
    "thetas": [
        0.20584542127568595,
        0.20584542127568595,
        0.20584542127568595,
        0.20584542127568595,
        0.20584542127568595,
        0.20584542127568595,
        0.20584542127568595,
        0.20584542127568595,
        0.20584542127568595,
        0.20584542127568595,
        0.20584542127568595,
        0.20584542127568595,
        0.20584542127568595,
        0.20584542127568595,
        0.20584542127568595
    ],
    "decision_history": {
        "history_steps": [],
        "new_thetas": [],
        "prompts": [],
        "explanations": [],
        "vocalizations": []
    }
}