{
    "wolf_id": 87,
    "beta": 0.1,
    "gamma": 1.5,
    "delta": 0.75,
    "alive": false,
    "born_at_step": 85,
    "died_at_step": 99,
    "thetas": [
        0.4626255835723513,
        0.4626255835723513,
        0.4626255835723513,
        0.4626255835723513,
        0.4626255835723513,
        0.4626255835723513,
        0.4626255835723513,
        0.4626255835723513,
        0.4626255835723513,
        0.4626255835723513,
        0.4626255835723513,
        0.4626255835723513,
        0.4626255835723513,
        0.4626255835723513,
        0.4626255835723513
    ],
    "decision_history": {
        "history_steps": [],
        "new_thetas": [],
        "prompts": [],
        "explanations": [],
        "vocalizations": []
    }
}