{
    "wolf_id": 260,
    "beta": 0.1,
    "gamma": 1.5,
    "delta": 0.75,
    "alive": false,
    "born_at_step": 208,
    "died_at_step": 216,
    "thetas": [
        0.9950080404083024,
        0.9950080404083024,
        0.9950080404083024,
        0.9950080404083024,
        0.9950080404083024,
        0.9950080404083024,
        0.9950080404083024,
        0.9950080404083024,
        0.9950080404083024
    ],
    "decision_history": {
        "history_steps": [],
        "new_thetas": [],
        "prompts": [],
        "explanations": [],
        "vocalizations": []
    }
}