{
    "wolf_id": 305,
    "beta": 0.1,
    "gamma": 1.5,
    "delta": 0.75,
    "alive": false,
    "born_at_step": 210,
    "died_at_step": 223,
    "thetas": [
        0.6019345473921185,
        0.6019345473921185,
        0.6019345473921185,
        0.6019345473921185,
        0.6019345473921185,
        0.6019345473921185,
        0.6019345473921185,
        0.6019345473921185,
        0.6019345473921185,
        0.6019345473921185,
        0.6019345473921185,
        0.6019345473921185,
        0.6019345473921185,
        0.6019345473921185
    ],
    "decision_history": {
        "history_steps": [],
        "new_thetas": [],
        "prompts": [],
        "explanations": [],
        "vocalizations": []
    }
}