{
    "wolf_id": 268,
    "beta": 0.1,
    "gamma": 1.5,
    "delta": 0.75,
    "alive": false,
    "born_at_step": 208,
    "died_at_step": 217,
    "thetas": [
        0.2771099025864583,
        0.2771099025864583,
        0.2771099025864583,
        0.2771099025864583,
        0.2771099025864583,
        0.2771099025864583,
        0.2771099025864583,
        0.2771099025864583,
        0.2771099025864583,
        0.2771099025864583
    ],
    "decision_history": {
        "history_steps": [],
        "new_thetas": [],
        "prompts": [],
        "explanations": [],
        "vocalizations": []
    }
}