{
    "wolf_id": 208,
    "beta": 0.1,
    "gamma": 1.5,
    "delta": 0.75,
    "alive": false,
    "born_at_step": 203,
    "died_at_step": 213,
    "thetas": [
        0.024841468291215585,
        0.024841468291215585,
        0.024841468291215585,
        0.024841468291215585,
        0.024841468291215585,
        0.024841468291215585,
        0.024841468291215585,
        0.024841468291215585,
        0.024841468291215585,
        0.024841468291215585,
        0.024841468291215585
    ],
    "decision_history": {
        "history_steps": [],
        "new_thetas": [],
        "prompts": [],
        "explanations": [],
        "vocalizations": []
    }
}