{
    "wolf_id": 175,
    "beta": 0.1,
    "gamma": 1.5,
    "delta": 0.75,
    "alive": false,
    "born_at_step": 145,
    "died_at_step": 159,
    "thetas": [
        0.33070610767785336,
        0.33070610767785336,
        0.33070610767785336,
        0.33070610767785336,
        0.33070610767785336,
        0.33070610767785336,
        0.33070610767785336,
        0.33070610767785336,
        0.33070610767785336,
        0.33070610767785336,
        0.33070610767785336,
        0.33070610767785336,
        0.33070610767785336,
        0.33070610767785336,
        0.33070610767785336
    ],
    "decision_history": {
        "history_steps": [],
        "new_thetas": [],
        "prompts": [],
        "explanations": [],
        "vocalizations": []
    }
}