{
    "wolf_id": 303,
    "beta": 0.1,
    "gamma": 1.5,
    "delta": 0.75,
    "alive": false,
    "born_at_step": 209,
    "died_at_step": 222,
    "thetas": [
        0.3987440203941609,
        0.3987440203941609,
        0.3987440203941609,
        0.3987440203941609,
        0.3987440203941609,
        0.3987440203941609,
        0.3987440203941609,
        0.3987440203941609,
        0.3987440203941609,
        0.3987440203941609,
        0.3987440203941609,
        0.3987440203941609,
        0.3987440203941609,
        0.3987440203941609
    ],
    "decision_history": {
        "history_steps": [],
        "new_thetas": [],
        "prompts": [],
        "explanations": [],
        "vocalizations": []
    }
}