{
    "wolf_id": 144,
    "beta": 0.1,
    "gamma": 1.5,
    "delta": 0.75,
    "alive": false,
    "born_at_step": 204,
    "died_at_step": 232,
    "thetas": [
        0.5,
        0.6382604184816787,
        0.6450104032921142,
        0.6499669967327669,
        0.6547587250397222,
        0.6577996091974977,
        0.6591302984512332,
        0.6587915837043766,
        0.6568245439848684,
        0.6516010789810429,
        0.6448867840328387,
        0.6350309277258609,
        0.6238785942176528,
        0.6115233295344523,
        0.5980750576114487,
        0.5836598815197597,
        0.5700884952830247,
        0.5573438496001257,
        0.5454004167906205,
        0.5342266326662727,
        0.5237869193260558,
        0.5155352795215918,
        0.5092714399961118,
        0.5048225775295612,
        0.5020420780979598,
        0.5008073509153302,
        0.5010172973252532,
        0.5025897548684884,
        0.5054590691140742
    ],
    "decision_history": {
        "history_steps": [
            205,
            206,
            207,
            208,
            209,
            210,
            211,
            212,
            213,
            214,
            215,
            216,
            217,
            218,
            219,
            220,
            221,
            222,
            223,
            224,
            225,
            226,
            227,
            228,
            229,
            230,
            231,
            232
        ],
        "new_thetas": [
            0.6382604184816787,
            0.6450104032921142,
            0.6499669967327669,
            0.6547587250397222,
            0.6577996091974977,
            0.6591302984512332,
            0.6587915837043766,
            0.6568245439848684,
            0.6516010789810429,
            0.6448867840328387,
            0.6350309277258609,
            0.6238785942176528,
            0.6115233295344523,
            0.5980750576114487,
            0.5836598815197597,
            0.5700884952830247,
            0.5573438496001257,
            0.5454004167906205,
            0.5342266326662727,
            0.5237869193260558,
            0.5155352795215918,
            0.5092714399961118,
            0.5048225775295612,
            0.5020420780979598,
            0.5008073509153302,
            0.5010172973252532,
            0.5025897548684884,
            0.5054590691140742
        ],
        "prompts": [
            "N/A",
            "N/A",
            "N/A",
            "N/A",
            "N/A",
            "N/A",
            "N/A",
            "N/A",
            "N/A",
            "N/A",
            "N/A",
            "N/A",
            "N/A",
            "N/A",
            "N/A",
            "N/A",
            "N/A",
            "N/A",
            "N/A",
            "N/A",
            "N/A",
            "N/A",
            "N/A",
            "N/A",
            "N/A",
            "N/A",
            "N/A",
            "N/A"
        ],
        "explanations": [
            "Calculated theta: 0.6383 based on sheep population: 44.11",
            "Calculated theta: 0.6450 based on sheep population: 45.42",
            "Calculated theta: 0.6500 based on sheep population: 46.42",
            "Calculated theta: 0.6548 based on sheep population: 47.41",
            "Calculated theta: 0.6578 based on sheep population: 48.06",
            "Calculated theta: 0.6591 based on sheep population: 48.34",
            "Calculated theta: 0.6588 based on sheep population: 48.27",
            "Calculated theta: 0.6568 based on sheep population: 47.85",
            "Calculated theta: 0.6516 based on sheep population: 46.76",
            "Calculated theta: 0.6449 based on sheep population: 45.40",
            "Calculated theta: 0.6350 based on sheep population: 43.50",
            "Calculated theta: 0.6239 based on sheep population: 41.47",
            "Calculated theta: 0.6115 based on sheep population: 39.35",
            "Calculated theta: 0.5981 based on sheep population: 37.20",
            "Calculated theta: 0.5837 based on sheep population: 35.05",
            "Calculated theta: 0.5701 based on sheep population: 33.15",
            "Calculated theta: 0.5573 based on sheep population: 31.48",
            "Calculated theta: 0.5454 based on sheep population: 29.99",
            "Calculated theta: 0.5342 based on sheep population: 28.67",
            "Calculated theta: 0.5238 based on sheep population: 27.50",
            "Calculated theta: 0.5155 based on sheep population: 26.60",
            "Calculated theta: 0.5093 based on sheep population: 25.94",
            "Calculated theta: 0.5048 based on sheep population: 25.49",
            "Calculated theta: 0.5020 based on sheep population: 25.20",
            "Calculated theta: 0.5008 based on sheep population: 25.08",
            "Calculated theta: 0.5010 based on sheep population: 25.10",
            "Calculated theta: 0.5026 based on sheep population: 25.26",
            "Calculated theta: 0.5055 based on sheep population: 25.55"
        ],
        "vocalizations": [
            "Calculated theta: 0.6383 based on sheep population: 44.11",
            "Calculated theta: 0.6450 based on sheep population: 45.42",
            "Calculated theta: 0.6500 based on sheep population: 46.42",
            "Calculated theta: 0.6548 based on sheep population: 47.41",
            "Calculated theta: 0.6578 based on sheep population: 48.06",
            "Calculated theta: 0.6591 based on sheep population: 48.34",
            "Calculated theta: 0.6588 based on sheep population: 48.27",
            "Calculated theta: 0.6568 based on sheep population: 47.85",
            "Calculated theta: 0.6516 based on sheep population: 46.76",
            "Calculated theta: 0.6449 based on sheep population: 45.40",
            "Calculated theta: 0.6350 based on sheep population: 43.50",
            "Calculated theta: 0.6239 based on sheep population: 41.47",
            "Calculated theta: 0.6115 based on sheep population: 39.35",
            "Calculated theta: 0.5981 based on sheep population: 37.20",
            "Calculated theta: 0.5837 based on sheep population: 35.05",
            "Calculated theta: 0.5701 based on sheep population: 33.15",
            "Calculated theta: 0.5573 based on sheep population: 31.48",
            "Calculated theta: 0.5454 based on sheep population: 29.99",
            "Calculated theta: 0.5342 based on sheep population: 28.67",
            "Calculated theta: 0.5238 based on sheep population: 27.50",
            "Calculated theta: 0.5155 based on sheep population: 26.60",
            "Calculated theta: 0.5093 based on sheep population: 25.94",
            "Calculated theta: 0.5048 based on sheep population: 25.49",
            "Calculated theta: 0.5020 based on sheep population: 25.20",
            "Calculated theta: 0.5008 based on sheep population: 25.08",
            "Calculated theta: 0.5010 based on sheep population: 25.10",
            "Calculated theta: 0.5026 based on sheep population: 25.26",
            "Calculated theta: 0.5055 based on sheep population: 25.55"
        ]
    }
}