{
    "wolf_id": 117,
    "beta": 0.1,
    "gamma": 1.5,
    "delta": 0.75,
    "alive": false,
    "born_at_step": 125,
    "died_at_step": 177,
    "thetas": [
        0.5,
        0.6720482982631426,
        0.652225680000098,
        0.627730344223805,
        0.6008851690350743,
        0.5740349775703103,
        0.5475263494594352,
        0.5233248094718989,
        0.5013496913470409,
        0.4844334903502683,
        0.47044360555264764,
        0.46035947277770933,
        0.45366967020618537,
        0.4499820796745566,
        0.44900375399776626,
        0.4493052104216824,
        0.45202274615123905,
        0.4570402947263794,
        0.4630741673414894,
        0.4701131585587747,
        0.4781534229561887,
        0.4871972196860818,
        0.4972516541586812,
        0.5070160498149304,
        0.5178284279006318,
        0.5296971170271921,
        0.5412539832451174,
        0.5524964718915888,
        0.5648492478514184,
        0.576869548728722,
        0.5885555445880591,
        0.5999071718581502,
        0.6109259223040178,
        0.6216146418823504,
        0.6319773416374769,
        0.6420190220586246,
        0.6517455117005944,
        0.6596158910267775,
        0.6672320582649442,
        0.6730360998245475,
        0.6770705533482662,
        0.6777641154460012,
        0.6768056279066297,
        0.6725689970141929,
        0.6650979450749979,
        0.6561783851376193,
        0.6441345541896234,
        0.6290910378951058,
        0.6112376886642621,
        0.5926080596762371,
        0.5733933502093648,
        0.5554753689491703,
        0.5388305867361939
    ],
    "decision_history": {
        "history_steps": [
            126,
            127,
            128,
            129,
            130,
            131,
            132,
            133,
            134,
            135,
            136,
            137,
            138,
            139,
            140,
            141,
            142,
            143,
            144,
            145,
            146,
            147,
            148,
            149,
            150,
            151,
            152,
            153,
            154,
            155,
            156,
            157,
            158,
            159,
            160,
            161,
            162,
            163,
            164,
            165,
            166,
            167,
            168,
            169,
            170,
            171,
            172,
            173,
            174,
            175,
            176,
            177
        ],
        "new_thetas": [
            0.6720482982631426,
            0.652225680000098,
            0.627730344223805,
            0.6008851690350743,
            0.5740349775703103,
            0.5475263494594352,
            0.5233248094718989,
            0.5013496913470409,
            0.4844334903502683,
            0.47044360555264764,
            0.46035947277770933,
            0.45366967020618537,
            0.4499820796745566,
            0.44900375399776626,
            0.4493052104216824,
            0.45202274615123905,
            0.4570402947263794,
            0.4630741673414894,
            0.4701131585587747,
            0.4781534229561887,
            0.4871972196860818,
            0.4972516541586812,
            0.5070160498149304,
            0.5178284279006318,
            0.5296971170271921,
            0.5412539832451174,
            0.5524964718915888,
            0.5648492478514184,
            0.576869548728722,
            0.5885555445880591,
            0.5999071718581502,
            0.6109259223040178,
            0.6216146418823504,
            0.6319773416374769,
            0.6420190220586246,
            0.6517455117005944,
            0.6596158910267775,
            0.6672320582649442,
            0.6730360998245475,
            0.6770705533482662,
            0.6777641154460012,
            0.6768056279066297,
            0.6725689970141929,
            0.6650979450749979,
            0.6561783851376193,
            0.6441345541896234,
            0.6290910378951058,
            0.6112376886642621,
            0.5926080596762371,
            0.5733933502093648,
            0.5554753689491703,
            0.5388305867361939
        ],
        "prompts": [
            "N/A",
            "N/A",
            "N/A",
            "N/A",
            "N/A",
            "N/A",
            "N/A",
            "N/A",
            "N/A",
            "N/A",
            "N/A",
            "N/A",
            "N/A",
            "N/A",
            "N/A",
            "N/A",
            "N/A",
            "N/A",
            "N/A",
            "N/A",
            "N/A",
            "N/A",
            "N/A",
            "N/A",
            "N/A",
            "N/A",
            "N/A",
            "N/A",
            "N/A",
            "N/A",
            "N/A",
            "N/A",
            "N/A",
            "N/A",
            "N/A",
            "N/A",
            "N/A",
            "N/A",
            "N/A",
            "N/A",
            "N/A",
            "N/A",
            "N/A",
            "N/A",
            "N/A",
            "N/A",
            "N/A",
            "N/A",
            "N/A",
            "N/A",
            "N/A",
            "N/A"
        ],