{
    "wolf_id": 151,
    "beta": 0.1,
    "gamma": 1.5,
    "delta": 0.75,
    "alive": false,
    "born_at_step": 211,
    "died_at_step": 270,
    "thetas": [
        0.5,
        0.6568245439848684,
        0.6516010789810429,
        0.6448867840328387,
        0.6350309277258609,
        0.6238785942176528,
        0.6115233295344523,
        0.5980750576114487,
        0.5836598815197597,
        0.5700884952830247,
        0.5573438496001257,
        0.5454004167906205,
        0.5342266326662727,
        0.5237869193260558,
        0.5155352795215918,
        0.5092714399961118,
        0.5048225775295612,
        0.5020420780979598,
        0.5008073509153302,
        0.5010172973252532,
        0.5025897548684884,
        0.5054590691140742,
        0.50957384773425,
        0.5148948950846847,
        0.520012269570721,
        0.5263273458585628,
        0.5324147262218112,
        0.5396985270003275,
        0.5467339261636409,
        0.5549688951854221,
        0.5629365546328455,
        0.5706430795975623,
        0.578095017844392,
        0.5867922625956539,
        0.5952132042718403,
        0.6033643061910903,
        0.6112524007565796,
        0.6188845966393405,
        0.6262681972934859,
        0.6318526788878959,
        0.6372494846153225,
        0.6408842580317734,
        0.644394685671697,
        0.6461848109096523,
        0.6462962416299248,
        0.6447720745071289,
        0.6416575647618611,
        0.6370014979159767,
        0.630858071035515,
        0.6232890575904102,
        0.6143659984735113,
        0.6041721388732672,
        0.592803826598162,
        0.582036111437399,
        0.5702152618380236,
        0.5590865194963811,
        0.5486266451339733,
        0.53880878913305,
        0.5296037331784964,
        0.522481176377351
    ],
    "decision_history": {
        "history_steps": [
            212,
            213,
            214,
            215,
            216,
            217,
            218,
            219,
            220,
            221,
            222,
            223,
            224,
            225,
            226,
            227,
            228,
            229,
            230,
            231,
            232,
            233,
            234,
            235,
            236,
            237,
            238,
            239,
            240,
            241,
            242,
            243,
            244,
            245,
            246,
            247,
            248,
            249,
            250,
            251,
            252,
            253,
            254,
            255,
            256,
            257,
            258,
            259,
            260,
            261,
            262,
            263,
            264,
            265,
            266,
            267,
            268,
            269,
            270
        ],
        "new_thetas": [
            0.6568245439848684,
            0.6516010789810429,
            0.6448867840328387,
            0.6350309277258609,
            0.6238785942176528,
            0.6115233295344523,
            0.5980750576114487,
            0.5836598815197597,
            0.5700884952830247,
            0.5573438496001257,
            0.5454004167906205,
            0.5342266326662727,
            0.5237869193260558,
            0.5155352795215918,
            0.5092714399961118,
            0.5048225775295612,
            0.5020420780979598,
            0.5008073509153302,
            0.5010172973252532,
            0.5025897548684884,
            0.5054590691140742,
            0.50957384773425,
            0.5148948950846847,
            0.520012269570721,
            0.5263273458585628,
            0.5324147262218112,
            0.5396985270003275,
            0.5467339261636409,
            0.5549688951854221,
            0.5629365546328455,
            0.5706430795975623,
            0.578095017844392,
            0.5867922625956539,
            0.5952132042718403,
            0.6033643061910903,
            0.6112524007565796,
            0.6188845966393405,
            0.6262681972934859,
            0.6318526788878959,
            0.6372494846153225,
            0.6408842580317734,
            0.644394685671697,
            0.6461848109096523,
            0.6462962416299248,
            0.6447720745071289,
            0.6416575647618611,
            0.6370014979159767,
            0.630858071035515,
            0.6232890575904102,
            0.6143659984735113,
            0.6041721388732672,
            0.592803826598162,
            0.582036111437399,
            0.5702152618380236,
            0.5590865194963811,
            0.5486266451339733,
            0.53880878913305,
            0.5296037331784964,
            0.522481176377351
        ],
        "prompts": [
            "N/A",
            "N/A",
            "N/A",
            "N/A",
            "N/A",
            "N/A",
            "N/A",
            "N/A",
            "N/A",
            "N/A",
            "N/A",
            "N/A",
            "N/A",
            "N/A",
            "N/A",
            "N/A",
            "N/A",
            "N/A",
            "N/A",
            "N/A",
            "N/A",
            "N/A",
            "N/A",
            "N/A",
            "N/A",
            "N/A",
            "N/A",
            "N/A",
            "N/A",
            "N/A",
            "N/A",
            "N/A",
            "N/A",
            "N/A",
            "N/A",
            "N/A",
            "N/A",
            "N/A",
            "N/A",
            "N/A",
            "N/A",
            "N/A",
            "N/A",
            "N/A",
            "N/A",
            "N/A",
            "N/A",
            "N/A",
            "N/A",
            "N/A",
            "N/A",
            "N/A",
            "N/A",
            "N/A",
            "N/A",
            "N/A",
            "N/A",
            "N/A",
            "N/A"
        ],