{
    "wolf_id": 128,
    "beta": 0.1,
    "gamma": 1.5,
    "delta": 0.75,
    "alive": false,
    "born_at_step": 164,
    "died_at_step": 186,
    "thetas": [
        0.5,
        0.6770705533482662,
        0.6777641154460012,
        0.6768056279066297,
        0.6725689970141929,
        0.6650979450749979,
        0.6561783851376193,
        0.6441345541896234,
        0.6290910378951058,
        0.6112376886642621,
        0.5926080596762371,
        0.5733933502093648,
        0.5554753689491703,
        0.5388305867361939,
        0.5234143093919953,
        0.5106864012242002,
        0.5003682839005487,
        0.492213037286666,
        0.4860071461706529,
        0.48292426789460796,
        0.4813605455779087,
        0.48120962378719045,
        0.48369753888248607
    ],
    "decision_history": {
        "history_steps": [
            165,
            166,
            167,
            168,
            169,
            170,
            171,
            172,
            173,
            174,
            175,
            176,
            177,
            178,
            179,
            180,
            181,
            182,
            183,
            184,
            185,
            186
        ],
        "new_thetas": [
            0.6770705533482662,
            0.6777641154460012,
            0.6768056279066297,
            0.6725689970141929,
            0.6650979450749979,
            0.6561783851376193,
            0.6441345541896234,
            0.6290910378951058,
            0.6112376886642621,
            0.5926080596762371,
            0.5733933502093648,
            0.5554753689491703,
            0.5388305867361939,
            0.5234143093919953,
            0.5106864012242002,
            0.5003682839005487,
            0.492213037286666,
            0.4860071461706529,
            0.48292426789460796,
            0.4813605455779087,
            0.48120962378719045,
            0.48369753888248607
        ],
        "prompts": [
            "N/A",
            "N/A",
            "N/A",
            "N/A",
            "N/A",
            "N/A",
            "N/A",
            "N/A",
            "N/A",
            "N/A",
            "N/A",
            "N/A",
            "N/A",
            "N/A",
            "N/A",
            "N/A",
            "N/A",
            "N/A",
            "N/A",
            "N/A",
            "N/A",
            "N/A"
        ],
        "explanations": [
            "Calculated theta: 0.6771 based on sheep population: 52.42",
            "Calculated theta: 0.6778 based on sheep population: 52.58",
            "Calculated theta: 0.6768 based on sheep population: 52.35",
            "Calculated theta: 0.6726 based on sheep population: 51.35",
            "Calculated theta: 0.6651 based on sheep population: 49.65",
            "Calculated theta: 0.6562 based on sheep population: 47.71",
            "Calculated theta: 0.6441 based on sheep population: 45.25",
            "Calculated theta: 0.6291 based on sheep population: 42.40",
            "Calculated theta: 0.6112 based on sheep population: 39.31",
            "Calculated theta: 0.5926 based on sheep population: 36.37",
            "Calculated theta: 0.5734 based on sheep population: 33.60",
            "Calculated theta: 0.5555 based on sheep population: 31.24",
            "Calculated theta: 0.5388 based on sheep population: 29.21",
            "Calculated theta: 0.5234 based on sheep population: 27.46",
            "Calculated theta: 0.5107 based on sheep population: 26.09",
            "Calculated theta: 0.5004 based on sheep population: 25.04",
            "Calculated theta: 0.4922 based on sheep population: 24.23",
            "Calculated theta: 0.4860 based on sheep population: 23.64",
            "Calculated theta: 0.4829 based on sheep population: 23.35",
            "Calculated theta: 0.4814 based on sheep population: 23.20",
            "Calculated theta: 0.4812 based on sheep population: 23.19",
            "Calculated theta: 0.4837 based on sheep population: 23.42"
        ],
        "vocalizations": [
            "Calculated theta: 0.6771 based on sheep population: 52.42",
            "Calculated theta: 0.6778 based on sheep population: 52.58",
            "Calculated theta: 0.6768 based on sheep population: 52.35",
            "Calculated theta: 0.6726 based on sheep population: 51.35",
            "Calculated theta: 0.6651 based on sheep population: 49.65",
            "Calculated theta: 0.6562 based on sheep population: 47.71",
            "Calculated theta: 0.6441 based on sheep population: 45.25",
            "Calculated theta: 0.6291 based on sheep population: 42.40",
            "Calculated theta: 0.6112 based on sheep population: 39.31",
            "Calculated theta: 0.5926 based on sheep population: 36.37",
            "Calculated theta: 0.5734 based on sheep population: 33.60",
            "Calculated theta: 0.5555 based on sheep population: 31.24",
            "Calculated theta: 0.5388 based on sheep population: 29.21",
            "Calculated theta: 0.5234 based on sheep population: 27.46",
            "Calculated theta: 0.5107 based on sheep population: 26.09",
            "Calculated theta: 0.5004 based on sheep population: 25.04",
            "Calculated theta: 0.4922 based on sheep population: 24.23",
            "Calculated theta: 0.4860 based on sheep population: 23.64",
            "Calculated theta: 0.4829 based on sheep population: 23.35",
            "Calculated theta: 0.4814 based on sheep population: 23.20",
            "Calculated theta: 0.4812 based on sheep population: 23.19",
            "Calculated theta: 0.4837 based on sheep population: 23.42"
        ]
    }
}