{
    "wolf_id": 5,
    "beta": 0.1,
    "gamma": 1.5,
    "delta": 0.75,
    "alive": false,
    "born_at_step": 0,
    "died_at_step": 6,
    "thetas": [
        0.5,
        0.28571632652478135,
        0.2994414707054647,
        0.3138956957266839,
        0.32913682570255304,
        0.3452259285426314,
        0.3622266996561084,
        0.37933395392694774
    ],
    "decision_history": {
        "history_steps": [
            0,
            1,
            2,
            3,
            4,
            5,
            6
        ],
        "new_thetas": [
            0.28571632652478135,
            0.2994414707054647,
            0.3138956957266839,
            0.32913682570255304,
            0.3452259285426314,
            0.3622266996561084,
            0.37933395392694774
        ],
        "prompts": [
            "N/A",
            "N/A",
            "N/A",
            "N/A",
            "N/A",
            "N/A",
            "N/A"
        ],
        "explanations": [
            "Calculated theta: 0.2857 based on sheep population: 10.00",
            "Calculated theta: 0.2994 based on sheep population: 10.69",
            "Calculated theta: 0.3139 based on sheep population: 11.44",
            "Calculated theta: 0.3291 based on sheep population: 12.27",
            "Calculated theta: 0.3452 based on sheep population: 13.18",
            "Calculated theta: 0.3622 based on sheep population: 14.20",
            "Calculated theta: 0.3793 based on sheep population: 15.28"
        ],
        "vocalizations": [
            "Calculated theta: 0.2857 based on sheep population: 10.00",
            "Calculated theta: 0.2994 based on sheep population: 10.69",
            "Calculated theta: 0.3139 based on sheep population: 11.44",
            "Calculated theta: 0.3291 based on sheep population: 12.27",
            "Calculated theta: 0.3452 based on sheep population: 13.18",
            "Calculated theta: 0.3622 based on sheep population: 14.20",
            "Calculated theta: 0.3793 based on sheep population: 15.28"
        ]
    }
}