{
    "wolf_id": 1,
    "beta": 0.1,
    "gamma": 1.5,
    "delta": 0.75,
    "alive": false,
    "born_at_step": 0,
    "died_at_step": 2,
    "thetas": [
        0.5,
        0.4358988823105582,
        0.44841376333240923,
        0.4606689872927345
    ],
    "decision_history": {
        "history_steps": [
            0,
            1,
            2
        ],
        "new_thetas": [
            0.4358988823105582,
            0.44841376333240923,
            0.4606689872927345
        ],
        "prompts": [
            "N/A",
            "N/A",
            "N/A"
        ],
        "explanations": [
            "Calculated theta: 0.4359 based on sheep population: 17.00",
            "Calculated theta: 0.4484 based on sheep population: 17.88",
            "Calculated theta: 0.4607 based on sheep population: 18.79"
        ],
        "vocalizations": [
            "Calculated theta: 0.4359 based on sheep population: 17.00",
            "Calculated theta: 0.4484 based on sheep population: 17.88",
            "Calculated theta: 0.4607 based on sheep population: 18.79"
        ]
    }
}