{
    "wolf_id": 124,
    "beta": 0.1,
    "gamma": 1.5,
    "delta": 0.75,
    "alive": false,
    "born_at_step": 341,
    "died_at_step": 413,
    "thetas": [
        0.7268637109691969,
        0.6395022164880928,
        0.6332586557819477,
        0.6272668344413469,
        0.6198512060302328,
        0.6127585412240912,
        0.6043194056911028,
        0.596280367632236,
        0.5886318125320161,
        0.5813625951683745,
        0.5744604153854577,
        0.5679121426694054,
        0.561704092638909,
        0.5573790409681321,
        0.5532725505566495,
        0.5509001321971368,
        0.5501521299604024,
        0.54943863062738,
        0.5502537875211312,
        0.5510332959498638,
        0.5532683354242862,
        0.556895808967525,
        0.5603815782272478,
        0.5652216111366719,
        0.5698828470919974,
        0.5743717965836862,
        0.5802027559794427,
        0.5858290118599927,
        0.5912575349249273,
        0.5964952008539374,
        0.603082788020906,
        0.6094485652313143,
        0.6155997669436349,
        0.6215435765610614,
        0.6272870930717322,
        0.6328373034679838,
        0.6382010602606661,
        0.643385063458886,
        0.6468102373981732,
        0.6501190685340988,
        0.6517115335400007,
        0.6516289883510094,
        0.6515493211203139,
        0.6498369251323282,
        0.6465359320616908,
        0.6433561245658329,
        0.6386348956618179,
        0.6324259584869227,
        0.6247906231456504,
        0.6174819190302926,
        0.6088235377550942,
        0.6005696580817748,
        0.5927116662778614,
        0.5852391931722959,
        0.5781405183733213,
        0.5714029221640482,
        0.5650129874924973,
        0.5589568556310804,
        0.5547704831850008,
        0.5523255319165644,
        0.5499990271497868,
        0.5492925922616978,
        0.5501141371490968,
        0.5508997517914164,
        0.5531403143315169,
        0.5552882363445811,
        0.5588368032965635,
        0.5622467575505429,
        0.5670179059752187,
        0.5716127544368605,
        0.5775404520822065,
        0.5832602086495006,
        0.5887790289324943
    ],
    "decision_history": {
        "history_steps": [
            342,
            343,
            344,
            345,
            346,
            347,
            348,
            349,
            350,
            351,
            352,
            353,
            354,
            355,
            356,
            357,
            358,
            359,
            360,
            361,
            362,
            363,
            364,
            365,
            366,
            367,
            368,
            369,
            370,
            371,
            372,
            373,
            374,
            375,
            376,
            377,
            378,
            379,
            380,
            381,
            382,
            383,
            384,
            385,
            386,
            387,
            388,
            389,
            390,
            391,
            392,
            393,
            394,
            395,
            396,
            397,
            398,
            399,
            400,
            401,
            402,
            403,
            404,
            405,
            406,
            407,
            408,
            409,
            410,
            411,
            412,
            413
        ],
        "new_thetas": [
            0.6395022164880928,
            0.6332586557819477,
            0.6272668344413469,
            0.6198512060302328,
            0.6127585412240912,
            0.6043194056911028,
            0.596280367632236,
            0.5886318125320161,
            0.5813625951683745,
            0.5744604153854577,
            0.5679121426694054,
            0.561704092638909,
            0.5573790409681321,
            0.5532725505566495,
            0.5509001321971368,
            0.5501521299604024,
            0.54943863062738,
            0.5502537875211312,
            0.5510332959498638,
            0.5532683354242862,
            0.556895808967525,
            0.5603815782272478,
            0.5652216111366719,
            0.5698828470919974,
            0.5743717965836862,
            0.5802027559794427,
            0.5858290118599927,
            0.5912575349249273,
            0.5964952008539374,
            0.603082788020906,
            0.6094485652313143,
            0.6155997669436349,
            0.6215435765610614,
            0.6272870930717322,
            0.6328373034679838,
            0.6382010602606661,
            0.643385063458886,
            0.6468102373981732,
            0.6501190685340988,
            0.6517115335400007,
            0.6516289883510094,
            0.6515493211203139,
            0.6498369251323282,
            0.6465359320616908,
            0.6433561245658329,
            0.6386348956618179,
            0.6324259584869227,
            0.6247906231456504,
            0.6174819190302926,
            0.6088235377550942,
            0.6005696580817748,
            0.5927116662778614,
            0.5852391931722959,
            0.5781405183733213,
            0.5714029221640482,
            0.5650129874924973,
            0.5589568556310804,
            0.5547704831850008,
            0.5523255319165644,
            0.5499990271497868,
            0.5492925922616978,
            0.5501141371490968,
            0.5508997517914164,
            0.5531403143315169,
            0.5552882363445811,
            0.5588368032965635,
            0.5622467575505429,
            0.5670179059752187,
            0.5716127544368605,
            0.5775404520822065,
            0.5832602086495006,
            0.5887790289324943
        ],
        "prompts": [
            "N/A",
            "N/A",
            "N/A",
            "N/A",
            "N/A",
            "N/A",
            "N/A",
            "N/A",
            "N/A",
            "N/A",
            "N/A",
            "N/A",
            "N/A",
            "N/A",
            "N/A",
            "N/A",
            "N/A",
            "N/A",
            "N/A",
            "N/A",
            "N/A",
            "N/A",
            "N/A",
            "N/A",
            "N/A",
            "N/A",
            "N/A",
            "N/A",
            "N/A",
            "N/A",
            "N/A",
            "N/A",
            "N/A",
            "N/A",
            "N/A",
            "N/A",
            "N/A",
            "N/A",
            "N/A",
            "N/A",
            "N/A",
            "N/A",
            "N/A",
            "N/A",
            "N/A",
            "N/A",
            "N/A",
            "N/A",
            "N/A",
            "N/A",
            "N/A",
            "N/A",
            "N/A",
            "N/A",
            "N/A",
            "N/A",
            "N/A",
            "N/A",
            "N/A",
            "N/A",
            "N/A",
            "N/A",
            "N/A",
            "N/A",
            "N/A",
            "N/A",
            "N/A",
            "N/A",
            "N/A",
            "N/A",
            "N/A",
            "N/A"
        ],