{
    "wolf_id": 146,
    "beta": 0.1,
    "gamma": 1.5,
    "delta": 0.75,
    "alive": true,
    "born_at_step": 468,
    "died_at_step": null,
    "thetas": [
        0.9247193922749334,
        0.6491339272184552,
        0.6507602587949797,
        0.6523307157527461,
        0.6522266015932604,
        0.6504901486203969,
        0.6471653344969751,
        0.6439623173184316,
        0.6392179279442598,
        0.6329857035378458,
        0.6270050177847389,
        0.6196006503140016,
        0.6125190398258997,
        0.604091113117208,
        0.5960630415667546,
        0.5884251626761036,
        0.5811662943704129,
        0.5742741093207321,
        0.5677354581391463,
        0.561536644589704,
        0.5572200303922137,
        0.5531215996563564,
        0.5507564968133227,
        0.5500151185420332,
        0.5493079411309574,
        0.5501288146096047,
        0.5509137874605708,
        0.5531537695112504,
        0.5567857184514499,
        0.560275788124593,
        0.5651197272542217,
        0.5697847282723594
    ],
    "decision_history": {
        "history_steps": [
            469,
            470,
            471,
            472,
            473,
            474,
            475,
            476,
            477,
            478,
            479,
            480,
            481,
            482,
            483,
            484,
            485,
            486,
            487,
            488,
            489,
            490,
            491,
            492,
            493,
            494,
            495,
            496,
            497,
            498,
            499
        ],
        "new_thetas": [
            0.6491339272184552,
            0.6507602587949797,
            0.6523307157527461,
            0.6522266015932604,
            0.6504901486203969,
            0.6471653344969751,
            0.6439623173184316,
            0.6392179279442598,
            0.6329857035378458,
            0.6270050177847389,
            0.6196006503140016,
            0.6125190398258997,
            0.604091113117208,
            0.5960630415667546,
            0.5884251626761036,
            0.5811662943704129,
            0.5742741093207321,
            0.5677354581391463,
            0.561536644589704,
            0.5572200303922137,
            0.5531215996563564,
            0.5507564968133227,
            0.5500151185420332,
            0.5493079411309574,
            0.5501288146096047,
            0.5509137874605708,
            0.5531537695112504,
            0.5567857184514499,
            0.560275788124593,
            0.5651197272542217,
            0.5697847282723594
        ],
        "prompts": [
            "N/A",
            "N/A",
            "N/A",
            "N/A",
            "N/A",
            "N/A",
            "N/A",
            "N/A",
            "N/A",
            "N/A",
            "N/A",
            "N/A",
            "N/A",
            "N/A",
            "N/A",
            "N/A",
            "N/A",
            "N/A",
            "N/A",
            "N/A",
            "N/A",
            "N/A",
            "N/A",
            "N/A",
            "N/A",
            "N/A",
            "N/A",
            "N/A",
            "N/A",
            "N/A",
            "N/A"
        ],
        "explanations": [
            "Calculated theta: 0.6491 based on sheep population: 40.70",
            "Calculated theta: 0.6508 based on sheep population: 40.99",
            "Calculated theta: 0.6523 based on sheep population: 41.28",
            "Calculated theta: 0.6522 based on sheep population: 41.26",
            "Calculated theta: 0.6505 based on sheep population: 40.95",
            "Calculated theta: 0.6472 based on sheep population: 40.35",
            "Calculated theta: 0.6440 based on sheep population: 39.79",
            "Calculated theta: 0.6392 based on sheep population: 38.98",
            "Calculated theta: 0.6330 based on sheep population: 37.94",
            "Calculated theta: 0.6270 based on sheep population: 36.98",
            "Calculated theta: 0.6196 based on sheep population: 35.83",
            "Calculated theta: 0.6125 based on sheep population: 34.78",
            "Calculated theta: 0.6041 based on sheep population: 33.57",
            "Calculated theta: 0.5961 based on sheep population: 32.46",
            "Calculated theta: 0.5884 based on sheep population: 31.45",
            "Calculated theta: 0.5812 based on sheep population: 30.53",
            "Calculated theta: 0.5743 based on sheep population: 29.68",
            "Calculated theta: 0.5677 based on sheep population: 28.89",
            "Calculated theta: 0.5615 based on sheep population: 28.18",
            "Calculated theta: 0.5572 based on sheep population: 27.69",
            "Calculated theta: 0.5531 based on sheep population: 27.23",
            "Calculated theta: 0.5508 based on sheep population: 26.97",
            "Calculated theta: 0.5500 based on sheep population: 26.89",
            "Calculated theta: 0.5493 based on sheep population: 26.81",
            "Calculated theta: 0.5501 based on sheep population: 26.90",
            "Calculated theta: 0.5509 based on sheep population: 26.99",
            "Calculated theta: 0.5532 based on sheep population: 27.23",
            "Calculated theta: 0.5568 based on sheep population: 27.64",
            "Calculated theta: 0.5603 based on sheep population: 28.03",
            "Calculated theta: 0.5651 based on sheep population: 28.59",
            "Calculated theta: 0.5698 based on sheep population: 29.14"
        ],
        "vocalizations": [
            "Calculated theta: 0.6491 based on sheep population: 40.70",
            "Calculated theta: 0.6508 based on sheep population: 40.99",
            "Calculated theta: 0.6523 based on sheep population: 41.28",
            "Calculated theta: 0.6522 based on sheep population: 41.26",
            "Calculated theta: 0.6505 based on sheep population: 40.95",
            "Calculated theta: 0.6472 based on sheep population: 40.35",
            "Calculated theta: 0.6440 based on sheep population: 39.79",
            "Calculated theta: 0.6392 based on sheep population: 38.98",
            "Calculated theta: 0.6330 based on sheep population: 37.94",
            "Calculated theta: 0.6270 based on sheep population: 36.98",
            "Calculated theta: 0.6196 based on sheep population: 35.83",
            "Calculated theta: 0.6125 based on sheep population: 34.78",
            "Calculated theta: 0.6041 based on sheep population: 33.57",
            "Calculated theta: 0.5961 based on sheep population: 32.46",
            "Calculated theta: 0.5884 based on sheep population: 31.45",
            "Calculated theta: 0.5812 based on sheep population: 30.53",
            "Calculated theta: 0.5743 based on sheep population: 29.68",
            "Calculated theta: 0.5677 based on sheep population: 28.89",
            "Calculated theta: 0.5615 based on sheep population: 28.18",
            "Calculated theta: 0.5572 based on sheep population: 27.69",
            "Calculated theta: 0.5531 based on sheep population: 27.23",
            "Calculated theta: 0.5508 based on sheep population: 26.97",
            "Calculated theta: 0.5500 based on sheep population: 26.89",
            "Calculated theta: 0.5493 based on sheep population: 26.81",
            "Calculated theta: 0.5501 based on sheep population: 26.90",
            "Calculated theta: 0.5509 based on sheep population: 26.99",
            "Calculated theta: 0.5532 based on sheep population: 27.23",
            "Calculated theta: 0.5568 based on sheep population: 27.64",
            "Calculated theta: 0.5603 based on sheep population: 28.03",
            "Calculated theta: 0.5651 based on sheep population: 28.59",
            "Calculated theta: 0.5698 based on sheep population: 29.14"
        ]
    }
}