{
    "wolf_id": 70,
    "beta": 0.1,
    "gamma": 1.5,
    "delta": 0.75,
    "alive": false,
    "born_at_step": 117,
    "died_at_step": 178,
    "thetas": [
        0.3980936038386744,
        0.6642730043928881,
        0.6536577793186361,
        0.6417150070523484,
        0.6285340729436754,
        0.6142235294606025,
        0.5989111768126376,
        0.5844482513501905,
        0.5708297663229078,
        0.5580392304123785,
        0.5460515240611578,
        0.5363935102897488,
        0.5288607754043764,
        0.5232720342266344,
        0.5194701974628634,
        0.5173215726300854,
        0.5167141228354977,
        0.5175553245762242,
        0.5197699221264394,
        0.5232977257312641,
        0.5280915099739916,
        0.5341150145417765,
        0.5399196532301648,
        0.5469474758492543,
        0.5537337076194253,
        0.5617416348225182,
        0.5694874621657783,
        0.5784553674636828,
        0.5871412143389988,
        0.5955510136632615,
        0.6036912457569259,
        0.6115687560082032,
        0.6191906625334233,
        0.6265642751376658,
        0.6336970247545167,
        0.6405964025037236,
        0.6472699074964423,
        0.6537250025321681,
        0.6599690768629378,
        0.6644302139078153,
        0.6671493677250004,
        0.6697790053129211,
        0.6707100838168127,
        0.6699819990135316,
        0.6676333954423831,
        0.66370347469159,
        0.656542712979732,
        0.6479402121940744,
        0.6379595741332829,
        0.6266780794055333,
        0.6141887301270447,
        0.6023096524823696,
        0.5910382721810218,
        0.5803656949949516,
        0.5702780391685617,
        0.5607576159877647,
        0.5517839495584389,
        0.5448875921808476,
        0.5383807634399734,
        0.533751036573318,
        0.5308578759457186,
        0.5295818204241362
    ],
    "decision_history": {
        "history_steps": [
            118,
            119,
            120,
            121,
            122,
            123,
            124,
            125,
            126,
            127,
            128,
            129,
            130,
            131,
            132,
            133,
            134,
            135,
            136,
            137,
            138,
            139,
            140,
            141,
            142,
            143,
            144,
            145,
            146,
            147,
            148,
            149,
            150,
            151,
            152,
            153,
            154,
            155,
            156,
            157,
            158,
            159,
            160,
            161,
            162,
            163,
            164,
            165,
            166,
            167,
            168,
            169,
            170,
            171,
            172,
            173,
            174,
            175,
            176,
            177,
            178
        ],
        "new_thetas": [
            0.6642730043928881,
            0.6536577793186361,
            0.6417150070523484,
            0.6285340729436754,
            0.6142235294606025,
            0.5989111768126376,
            0.5844482513501905,
            0.5708297663229078,
            0.5580392304123785,
            0.5460515240611578,
            0.5363935102897488,
            0.5288607754043764,
            0.5232720342266344,
            0.5194701974628634,
            0.5173215726300854,
            0.5167141228354977,
            0.5175553245762242,
            0.5197699221264394,
            0.5232977257312641,
            0.5280915099739916,
            0.5341150145417765,
            0.5399196532301648,
            0.5469474758492543,
            0.5537337076194253,
            0.5617416348225182,
            0.5694874621657783,
            0.5784553674636828,
            0.5871412143389988,
            0.5955510136632615,
            0.6036912457569259,
            0.6115687560082032,
            0.6191906625334233,
            0.6265642751376658,
            0.6336970247545167,
            0.6405964025037236,
            0.6472699074964423,
            0.6537250025321681,
            0.6599690768629378,
            0.6644302139078153,
            0.6671493677250004,
            0.6697790053129211,
            0.6707100838168127,
            0.6699819990135316,
            0.6676333954423831,
            0.66370347469159,
            0.656542712979732,
            0.6479402121940744,
            0.6379595741332829,
            0.6266780794055333,
            0.6141887301270447,
            0.6023096524823696,
            0.5910382721810218,
            0.5803656949949516,
            0.5702780391685617,
            0.5607576159877647,
            0.5517839495584389,
            0.5448875921808476,
            0.5383807634399734,
            0.533751036573318,
            0.5308578759457186,
            0.5295818204241362
        ],
        "prompts": [
            "N/A",
            "N/A",
            "N/A",
            "N/A",
            "N/A",
            "N/A",
            "N/A",
            "N/A",
            "N/A",
            "N/A",
            "N/A",
            "N/A",
            "N/A",
            "N/A",
            "N/A",
            "N/A",
            "N/A",
            "N/A",
            "N/A",
            "N/A",
            "N/A",
            "N/A",
            "N/A",
            "N/A",
            "N/A",
            "N/A",
            "N/A",
            "N/A",
            "N/A",
            "N/A",
            "N/A",
            "N/A",
            "N/A",
            "N/A",
            "N/A",
            "N/A",
            "N/A",
            "N/A",
            "N/A",
            "N/A",
            "N/A",
            "N/A",
            "N/A",
            "N/A",
            "N/A",
            "N/A",
            "N/A",
            "N/A",
            "N/A",
            "N/A",
            "N/A",
            "N/A",
            "N/A",
            "N/A",
            "N/A",
            "N/A",
            "N/A",
            "N/A",
            "N/A",
            "N/A",
            "N/A"
        ],