{
    "wolf_id": 138,
    "beta": 0.1,
    "gamma": 1.5,
    "delta": 0.75,
    "alive": false,
    "born_at_step": 425,
    "died_at_step": 493,
    "thetas": [
        0.3376972669900815,
        0.651666873187225,
        0.6515858850187105,
        0.6498721890280815,
        0.6482195749540867,
        0.6449777902468563,
        0.6401947168630855,
        0.6339235933253353,
        0.6279046895758986,
        0.6204616709085938,
        0.6133421110148443,
        0.6048757006928588,
        0.5968099706582456,
        0.5891354244260215,
        0.5818410075753835,
        0.5749144870544095,
        0.5683427791224321,
        0.5621122289644217,
        0.5577666203060365,
        0.5536404919280038,
        0.5512502467588637,
        0.5504861014079095,
        0.5497571947322102,
        0.5505584185364379,
        0.5513246084040981,
        0.553547600482431,
        0.5571641647688574,
        0.5606394514796169,
        0.5654699622314597,
        0.5701220203269828,
        0.5746021286608969,
        0.5804250080786638,
        0.5860434560925372,
        0.5914644402331868,
        0.5966948319632225,
        0.6017413823246637,
        0.6081523520754946,
        0.6143472559584547,
        0.62033329085132,
        0.6261175756061257,
        0.6317071223332795,
        0.6371088129175396,
        0.6423293801248646,
        0.6457905115685917,
        0.6491339272184552,
        0.6507602587949797,
        0.6523307157527461,
        0.6522266015932604,
        0.6504901486203969,
        0.6471653344969751,
        0.6439623173184316,
        0.6392179279442598,
        0.6329857035378458,
        0.6270050177847389,
        0.6196006503140016,
        0.6125190398258997,
        0.604091113117208,
        0.5960630415667546,
        0.5884251626761036,
        0.5811662943704129,
        0.5742741093207321,
        0.5677354581391463,
        0.561536644589704,
        0.5572200303922137,
        0.5531215996563564,
        0.5507564968133227,
        0.5500151185420332,
        0.5493079411309574,
        0.5501288146096047
    ],
    "decision_history": {
        "history_steps": [
            426,
            427,
            428,
            429,
            430,
            431,
            432,
            433,
            434,
            435,
            436,
            437,
            438,
            439,
            440,
            441,
            442,
            443,
            444,
            445,
            446,
            447,
            448,
            449,
            450,
            451,
            452,
            453,
            454,
            455,
            456,
            457,
            458,
            459,
            460,
            461,
            462,
            463,
            464,
            465,
            466,
            467,
            468,
            469,
            470,
            471,
            472,
            473,
            474,
            475,
            476,
            477,
            478,
            479,
            480,
            481,
            482,
            483,
            484,
            485,
            486,
            487,
            488,
            489,
            490,
            491,
            492,
            493
        ],
        "new_thetas": [
            0.651666873187225,
            0.6515858850187105,
            0.6498721890280815,
            0.6482195749540867,
            0.6449777902468563,
            0.6401947168630855,
            0.6339235933253353,
            0.6279046895758986,
            0.6204616709085938,
            0.6133421110148443,
            0.6048757006928588,
            0.5968099706582456,
            0.5891354244260215,
            0.5818410075753835,
            0.5749144870544095,
            0.5683427791224321,
            0.5621122289644217,
            0.5577666203060365,
            0.5536404919280038,
            0.5512502467588637,
            0.5504861014079095,
            0.5497571947322102,
            0.5505584185364379,
            0.5513246084040981,
            0.553547600482431,
            0.5571641647688574,
            0.5606394514796169,
            0.5654699622314597,
            0.5701220203269828,
            0.5746021286608969,
            0.5804250080786638,
            0.5860434560925372,
            0.5914644402331868,
            0.5966948319632225,
            0.6017413823246637,
            0.6081523520754946,
            0.6143472559584547,
            0.62033329085132,
            0.6261175756061257,
            0.6317071223332795,
            0.6371088129175396,
            0.6423293801248646,
            0.6457905115685917,
            0.6491339272184552,
            0.6507602587949797,
            0.6523307157527461,
            0.6522266015932604,
            0.6504901486203969,
            0.6471653344969751,
            0.6439623173184316,
            0.6392179279442598,
            0.6329857035378458,
            0.6270050177847389,
            0.6196006503140016,
            0.6125190398258997,
            0.604091113117208,
            0.5960630415667546,
            0.5884251626761036,
            0.5811662943704129,
            0.5742741093207321,
            0.5677354581391463,
            0.561536644589704,
            0.5572200303922137,
            0.5531215996563564,
            0.5507564968133227,
            0.5500151185420332,
            0.5493079411309574,
            0.5501288146096047
        ],
        "prompts": [
            "N/A",
            "N/A",
            "N/A",
            "N/A",
            "N/A",
            "N/A",
            "N/A",
            "N/A",
            "N/A",
            "N/A",
            "N/A",
            "N/A",
            "N/A",
            "N/A",
            "N/A",
            "N/A",
            "N/A",
            "N/A",
            "N/A",
            "N/A",
            "N/A",
            "N/A",
            "N/A",
            "N/A",
            "N/A",
            "N/A",
            "N/A",
            "N/A",
            "N/A",
            "N/A",
            "N/A",
            "N/A",
            "N/A",
            "N/A",
            "N/A",
            "N/A",
            "N/A",
            "N/A",
            "N/A",
            "N/A",
            "N/A",
            "N/A",
            "N/A",
            "N/A",
            "N/A",
            "N/A",
            "N/A",
            "N/A",
            "N/A",
            "N/A",
            "N/A",
            "N/A",
            "N/A",
            "N/A",
            "N/A",
            "N/A",
            "N/A",
            "N/A",
            "N/A",
            "N/A",
            "N/A",
            "N/A",
            "N/A",
            "N/A",
            "N/A",
            "N/A",
            "N/A",
            "N/A"
        ],