{
    "wolf_id": 8,
    "beta": 0.1,
    "gamma": 1.5,
    "delta": 0.75,
    "alive": false,
    "born_at_step": 0,
    "died_at_step": 35,
    "thetas": [
        0.5,
        0.4358988823105582,
        0.44841376333240923,
        0.4606689872927345,
        0.4738528611962346,
        0.48799740977915984,
        0.503133311813393,
        0.5179894420586512,
        0.5338795524024903,
        0.5494575144190735,
        0.5647016562978613,
        0.5810133074150405,
        0.5969477739007646,
        0.6124853999851378,
        0.6276103100355404,
        0.6423101851950332,
        0.6565760117596074,
        0.6704018114027142,
        0.6837843620889946,
        0.6967229171686149,
        0.7077225765945903,
        0.7183451022473065,
        0.727105278561759,
        0.7340690681658241,
        0.7377749815664142,
        0.7398343856120398,
        0.7371243473148597,
        0.7312336514258098,
        0.7204341847929108,
        0.7028203761631286,
        0.6801117045429432,
        0.6505363186035197,
        0.6185262105744106,
        0.5847994359622691,
        0.5538240093172287,
        0.5256822393741543,
        0.5003060795023841
    ],
    "decision_history": {
        "history_steps": [
            0,
            1,
            2,
            3,
            4,
            5,
            6,
            7,
            8,
            9,
            10,
            11,
            12,
            13,
            14,
            15,
            16,
            17,
            18,
            19,
            20,
            21,
            22,
            23,
            24,
            25,
            26,
            27,
            28,
            29,
            30,
            31,
            32,
            33,
            34,
            35
        ],
        "new_thetas": [
            0.4358988823105582,
            0.44841376333240923,
            0.4606689872927345,
            0.4738528611962346,
            0.48799740977915984,
            0.503133311813393,
            0.5179894420586512,
            0.5338795524024903,
            0.5494575144190735,
            0.5647016562978613,
            0.5810133074150405,
            0.5969477739007646,
            0.6124853999851378,
            0.6276103100355404,
            0.6423101851950332,
            0.6565760117596074,
            0.6704018114027142,
            0.6837843620889946,
            0.6967229171686149,
            0.7077225765945903,
            0.7183451022473065,
            0.727105278561759,
            0.7340690681658241,
            0.7377749815664142,
            0.7398343856120398,
            0.7371243473148597,
            0.7312336514258098,
            0.7204341847929108,
            0.7028203761631286,
            0.6801117045429432,
            0.6505363186035197,
            0.6185262105744106,
            0.5847994359622691,
            0.5538240093172287,
            0.5256822393741543,
            0.5003060795023841
        ],
        "prompts": [
            "N/A",
            "N/A",
            "N/A",
            "N/A",
            "N/A",
            "N/A",
            "N/A",
            "N/A",
            "N/A",
            "N/A",
            "N/A",
            "N/A",
            "N/A",
            "N/A",
            "N/A",
            "N/A",
            "N/A",
            "N/A",
            "N/A",
            "N/A",
            "N/A",
            "N/A",
            "N/A",
            "N/A",
            "N/A",
            "N/A",
            "N/A",
            "N/A",
            "N/A",
            "N/A",
            "N/A",
            "N/A",
            "N/A",
            "N/A",
            "N/A",
            "N/A"
        ],
        "explanations": [
            "Calculated theta: 0.4359 based on sheep population: 17.00",
            "Calculated theta: 0.4484 based on sheep population: 17.88",
            "Calculated theta: 0.4607 based on sheep population: 18.79",
            "Calculated theta: 0.4739 based on sheep population: 19.81",
            "Calculated theta: 0.4880 based on sheep population: 20.97",
            "Calculated theta: 0.5031 based on sheep population: 22.28",
            "Calculated theta: 0.5180 based on sheep population: 23.64",
            "Calculated theta: 0.5339 based on sheep population: 25.20",
            "Calculated theta: 0.5495 based on sheep population: 26.83",
            "Calculated theta: 0.5647 based on sheep population: 28.54",
            "Calculated theta: 0.5810 based on sheep population: 30.51",
            "Calculated theta: 0.5969 based on sheep population: 32.58",
            "Calculated theta: 0.6125 based on sheep population: 34.77",
            "Calculated theta: 0.6276 based on sheep population: 37.08",
            "Calculated theta: 0.6423 based on sheep population: 39.51",
            "Calculated theta: 0.6566 based on sheep population: 42.06",
            "Calculated theta: 0.6704 based on sheep population: 44.75",
            "Calculated theta: 0.6838 based on sheep population: 47.57",
            "Calculated theta: 0.6967 based on sheep population: 50.54",
            "Calculated theta: 0.7077 based on sheep population: 53.27",
            "Calculated theta: 0.7183 based on sheep population: 56.11",
            "Calculated theta: 0.7271 based on sheep population: 58.62",
            "Calculated theta: 0.7341 based on sheep population: 60.73",
            "Calculated theta: 0.7378 based on sheep population: 61.90",
            "Calculated theta: 0.7398 based on sheep population: 62.56",
            "Calculated theta: 0.7371 based on sheep population: 61.69",
            "Calculated theta: 0.7312 based on sheep population: 59.86",
            "Calculated theta: 0.7204 based on sheep population: 56.69",
            "Calculated theta: 0.7028 based on sheep population: 52.03",
            "Calculated theta: 0.6801 based on sheep population: 46.77",
            "Calculated theta: 0.6505 based on sheep population: 40.95",
            "Calculated theta: 0.6185 based on sheep population: 35.67",
            "Calculated theta: 0.5848 based on sheep population: 30.99",
            "Calculated theta: 0.5538 based on sheep population: 27.31",
            "Calculated theta: 0.5257 based on sheep population: 24.38",
            "Calculated theta: 0.5003 based on sheep population: 22.03"
        ],