{
    "wolf_id": 3,
    "beta": 0.1,
    "gamma": 1.5,
    "delta": 0.75,
    "alive": false,
    "born_at_step": 0,
    "died_at_step": 5,
    "thetas": [
        0.5,
        0.4358988823105582,
        0.44841376333240923,
        0.4606689872927345,
        0.4738528611962346,
        0.48799740977915984,
        0.503133311813393
    ],
    "decision_history": {
        "history_steps": [
            0,
            1,
            2,
            3,
            4,
            5
        ],
        "new_thetas": [
            0.4358988823105582,
            0.44841376333240923,
            0.4606689872927345,
            0.4738528611962346,
            0.48799740977915984,
            0.503133311813393
        ],
        "prompts": [
            "N/A",
            "N/A",
            "N/A",
            "N/A",
            "N/A",
            "N/A"
        ],
        "explanations": [
            "Calculated theta: 0.4359 based on sheep population: 17.00",
            "Calculated theta: 0.4484 based on sheep population: 17.88",
            "Calculated theta: 0.4607 based on sheep population: 18.79",
            "Calculated theta: 0.4739 based on sheep population: 19.81",
            "Calculated theta: 0.4880 based on sheep population: 20.97",
            "Calculated theta: 0.5031 based on sheep population: 22.28"
        ],
        "vocalizations": [
            "Calculated theta: 0.4359 based on sheep population: 17.00",
            "Calculated theta: 0.4484 based on sheep population: 17.88",
            "Calculated theta: 0.4607 based on sheep population: 18.79",
            "Calculated theta: 0.4739 based on sheep population: 19.81",
            "Calculated theta: 0.4880 based on sheep population: 20.97",
            "Calculated theta: 0.5031 based on sheep population: 22.28"
        ]
    }
}