{
    "wolf_id": 22,
    "beta": 0.1,
    "gamma": 1.5,
    "delta": 0.75,
    "alive": false,
    "born_at_step": 17,
    "died_at_step": 45,
    "thetas": [
        0.5379888568730891,
        0.8374311249610704,
        0.8082231495507084,
        0.773874039190486,
        0.739279752380452,
        0.7098714022383498,
        0.6901581650353619,
        0.6831847011363,
        0.6838850275627182,
        0.6947971817222836,
        0.7082950653542783,
        0.7272297656969846,
        0.7449050855836126,
        0.7643235247288885,
        0.7851200135963622,
        0.8042716109468435,
        0.8243454818578796,
        0.8425952094105745,
        0.8591331270330544,
        0.8740778646253075,
        0.887550082904819,
        0.8979477987411539,
        0.9057543678940914,
        0.9096680110547953,
        0.9099556562818594,
        0.9003688281808965,
        0.8740369367275558,
        0.8146988171019856,
        0.7092237454189706
    ],
    "decision_history": {
        "history_steps": [
            18,
            19,
            20,
            21,
            22,
            23,
            24,
            25,
            26,
            27,
            28,
            29,
            30,
            31,
            32,
            33,
            34,
            35,
            36,
            37,
            38,
            39,
            40,
            41,
            42,
            43,
            44,
            45
        ],
        "new_thetas": [
            0.8374311249610704,
            0.8082231495507084,
            0.773874039190486,
            0.739279752380452,
            0.7098714022383498,
            0.6901581650353619,
            0.6831847011363,
            0.6838850275627182,
            0.6947971817222836,
            0.7082950653542783,
            0.7272297656969846,
            0.7449050855836126,
            0.7643235247288885,
            0.7851200135963622,
            0.8042716109468435,
            0.8243454818578796,
            0.8425952094105745,
            0.8591331270330544,
            0.8740778646253075,
            0.887550082904819,
            0.8979477987411539,
            0.9057543678940914,
            0.9096680110547953,
            0.9099556562818594,
            0.9003688281808965,
            0.8740369367275558,
            0.8146988171019856,
            0.7092237454189706
        ],
        "prompts": [
            "N/A",
            "N/A",
            "N/A",
            "N/A",
            "N/A",
            "N/A",
            "N/A",
            "N/A",
            "N/A",
            "N/A",
            "N/A",
            "N/A",
            "N/A",
            "N/A",
            "N/A",
            "N/A",
            "N/A",
            "N/A",
            "N/A",
            "N/A",
            "N/A",
            "N/A",
            "N/A",
            "N/A",
            "N/A",
            "N/A",
            "N/A",
            "N/A"
        ],
        "explanations": [
            "Calculated theta: 0.8374 based on sheep population: 28.33",
            "Calculated theta: 0.8082 based on sheep population: 23.18",
            "Calculated theta: 0.7739 based on sheep population: 18.82",
            "Calculated theta: 0.7393 based on sheep population: 15.60",
            "Calculated theta: 0.7099 based on sheep population: 13.46",
            "Calculated theta: 0.6902 based on sheep population: 12.25",
            "Calculated theta: 0.6832 based on sheep population: 11.86",
            "Calculated theta: 0.6839 based on sheep population: 11.90",
            "Calculated theta: 0.6948 based on sheep population: 12.52",
            "Calculated theta: 0.7083 based on sheep population: 13.35",
            "Calculated theta: 0.7272 based on sheep population: 14.66",
            "Calculated theta: 0.7449 based on sheep population: 16.06",
            "Calculated theta: 0.7643 based on sheep population: 17.84",
            "Calculated theta: 0.7851 based on sheep population: 20.10",
            "Calculated theta: 0.8043 based on sheep population: 22.60",
            "Calculated theta: 0.8243 based on sheep population: 25.81",
            "Calculated theta: 0.8426 based on sheep population: 29.44",
            "Calculated theta: 0.8591 based on sheep population: 33.54",
            "Calculated theta: 0.8741 based on sheep population: 38.18",
            "Calculated theta: 0.8876 based on sheep population: 43.41",
            "Calculated theta: 0.8979 based on sheep population: 48.39",
            "Calculated theta: 0.9058 based on sheep population: 52.86",
            "Calculated theta: 0.9097 based on sheep population: 55.39",
            "Calculated theta: 0.9100 based on sheep population: 55.58",
            "Calculated theta: 0.9004 based on sheep population: 49.70",
            "Calculated theta: 0.8740 based on sheep population: 38.16",
            "Calculated theta: 0.8147 based on sheep population: 24.18",
            "Calculated theta: 0.7092 based on sheep population: 13.41"
        ],
        "vocalizations": [
            "Calculated theta: 0.8374 based on sheep population: 28.33",
            "Calculated theta: 0.8082 based on sheep population: 23.18",
            "Calculated theta: 0.7739 based on sheep population: 18.82",
            "Calculated theta: 0.7393 based on sheep population: 15.60",
            "Calculated theta: 0.7099 based on sheep population: 13.46",
            "Calculated theta: 0.6902 based on sheep population: 12.25",
            "Calculated theta: 0.6832 based on sheep population: 11.86",
            "Calculated theta: 0.6839 based on sheep population: 11.90",
            "Calculated theta: 0.6948 based on sheep population: 12.52",
            "Calculated theta: 0.7083 based on sheep population: 13.35",
            "Calculated theta: 0.7272 based on sheep population: 14.66",
            "Calculated theta: 0.7449 based on sheep population: 16.06",
            "Calculated theta: 0.7643 based on sheep population: 17.84",
            "Calculated theta: 0.7851 based on sheep population: 20.10",
            "Calculated theta: 0.8043 based on sheep population: 22.60",
            "Calculated theta: 0.8243 based on sheep population: 25.81",
            "Calculated theta: 0.8426 based on sheep population: 29.44",
            "Calculated theta: 0.8591 based on sheep population: 33.54",
            "Calculated theta: 0.8741 based on sheep population: 38.18",
            "Calculated theta: 0.8876 based on sheep population: 43.41",
            "Calculated theta: 0.8979 based on sheep population: 48.39",
            "Calculated theta: 0.9058 based on sheep population: 52.86",
            "Calculated theta: 0.9097 based on sheep population: 55.39",
            "Calculated theta: 0.9100 based on sheep population: 55.58",
            "Calculated theta: 0.9004 based on sheep population: 49.70",
            "Calculated theta: 0.8740 based on sheep population: 38.16",
            "Calculated theta: 0.8147 based on sheep population: 24.18",
            "Calculated theta: 0.7092 based on sheep population: 13.41"
        ]
    }
}