{
    "wolf_id": 1,
    "beta": 0.1,
    "gamma": 1.5,
    "delta": 0.75,
    "alive": false,
    "born_at_step": 0,
    "died_at_step": 2,
    "thetas": [
        0.5,
        0.7555566419704801,
        0.7589561898528935,
        0.7653782444205384
    ],
    "decision_history": {
        "history_steps": [
            0,
            1,
            2
        ],
        "new_thetas": [
            0.7555566419704801,
            0.7589561898528935,
            0.7653782444205384
        ],
        "prompts": [
            "N/A",
            "N/A",
            "N/A"
        ],
        "explanations": [
            "Calculated theta: 0.7556 based on sheep population: 17.00",
            "Calculated theta: 0.7590 based on sheep population: 17.32",
            "Calculated theta: 0.7654 based on sheep population: 17.94"
        ],
        "vocalizations": [
            "Calculated theta: 0.7556 based on sheep population: 17.00",
            "Calculated theta: 0.7590 based on sheep population: 17.32",
            "Calculated theta: 0.7654 based on sheep population: 17.94"
        ]
    }
}