{
    "wolf_id": 94,
    "beta": 0.1,
    "gamma": 1.5,
    "delta": 0.75,
    "alive": false,
    "born_at_step": 71,
    "died_at_step": 75,
    "thetas": [
        0.43796457194107463,
        0.8837692380809197,
        1.8181487609316193e-05,
        1.8181487609316193e-05,
        1.8181487609316193e-05
    ],
    "decision_history": {
        "history_steps": [
            72,
            73,
            74,
            75
        ],
        "new_thetas": [
            0.8837692380809197,
            1.8181487609316193e-05,
            1.8181487609316193e-05,
            1.8181487609316193e-05
        ],
        "prompts": [
            "N/A",
            "N/A",
            "N/A",
            "N/A"
        ],
        "explanations": [
            "Calculated theta: 0.8838 based on sheep population: 41.82",
            "Calculated theta: 0.0000 based on sheep population: 0.00",
            "Calculated theta: 0.0000 based on sheep population: 0.00",
            "Calculated theta: 0.0000 based on sheep population: 0.00"
        ],
        "vocalizations": [
            "Calculated theta: 0.8838 based on sheep population: 41.82",
            "Calculated theta: 0.0000 based on sheep population: 0.00",
            "Calculated theta: 0.0000 based on sheep population: 0.00",
            "Calculated theta: 0.0000 based on sheep population: 0.00"
        ]
    }
}