{
    "wolf_id": 33,
    "beta": 0.1,
    "gamma": 1.5,
    "delta": 0.75,
    "alive": false,
    "born_at_step": 40,
    "died_at_step": 47,
    "thetas": [
        0.511157108643807,
        0.9099556562818594,
        0.9003688281808965,
        0.8740369367275558,
        0.8146988171019856,
        0.7092237454189706,
        0.6088941371420413,
        0.5518104395739193
    ],
    "decision_history": {
        "history_steps": [
            41,
            42,
            43,
            44,
            45,
            46,
            47
        ],
        "new_thetas": [
            0.9099556562818594,
            0.9003688281808965,
            0.8740369367275558,
            0.8146988171019856,
            0.7092237454189706,
            0.6088941371420413,
            0.5518104395739193
        ],
        "prompts": [
            "N/A",
            "N/A",
            "N/A",
            "N/A",
            "N/A",
            "N/A",
            "N/A"
        ],
        "explanations": [
            "Calculated theta: 0.9100 based on sheep population: 55.58",
            "Calculated theta: 0.9004 based on sheep population: 49.70",
            "Calculated theta: 0.8740 based on sheep population: 38.16",
            "Calculated theta: 0.8147 based on sheep population: 24.18",
            "Calculated theta: 0.7092 based on sheep population: 13.41",
            "Calculated theta: 0.6089 based on sheep population: 8.56",
            "Calculated theta: 0.5518 based on sheep population: 6.77"
        ],
        "vocalizations": [
            "Calculated theta: 0.9100 based on sheep population: 55.58",
            "Calculated theta: 0.9004 based on sheep population: 49.70",
            "Calculated theta: 0.8740 based on sheep population: 38.16",
            "Calculated theta: 0.8147 based on sheep population: 24.18",
            "Calculated theta: 0.7092 based on sheep population: 13.41",
            "Calculated theta: 0.6089 based on sheep population: 8.56",
            "Calculated theta: 0.5518 based on sheep population: 6.77"
        ]
    }
}