{
    "wolf_id": 16,
    "beta": 0.1,
    "gamma": 1.5,
    "delta": 0.75,
    "alive": false,
    "born_at_step": 30,
    "died_at_step": 44,
    "thetas": [
        0.5,
        0.9175797769990127,
        0.9167373021727009,
        0.9142943077638507,
        0.909239409077564,
        0.9001584766612896,
        0.8871864945934842,
        0.8680467178812347,
        0.8425657441819494,
        0.8113128042372272,
        0.775957851117876,
        0.7391918443988652,
        0.7061634446007281,
        0.6776490422253089,
        0.6538999006640673
    ],
    "decision_history": {
        "history_steps": [
            31,
            32,
            33,
            34,
            35,
            36,
            37,
            38,
            39,
            40,
            41,
            42,
            43,
            44
        ],
        "new_thetas": [
            0.9175797769990127,
            0.9167373021727009,
            0.9142943077638507,
            0.909239409077564,
            0.9001584766612896,
            0.8871864945934842,
            0.8680467178812347,
            0.8425657441819494,
            0.8113128042372272,
            0.775957851117876,
            0.7391918443988652,
            0.7061634446007281,
            0.6776490422253089,
            0.6538999006640673
        ],
        "prompts": [
            "N/A",
            "N/A",
            "N/A",
            "N/A",
            "N/A",
            "N/A",
            "N/A",
            "N/A",
            "N/A",
            "N/A",
            "N/A",
            "N/A",
            "N/A",
            "N/A"
        ],
        "explanations": [
            "Calculated theta: 0.9176 based on sheep population: 55.66",
            "Calculated theta: 0.9167 based on sheep population: 55.05",
            "Calculated theta: 0.9143 based on sheep population: 53.34",
            "Calculated theta: 0.9092 based on sheep population: 50.09",
            "Calculated theta: 0.9002 based on sheep population: 45.08",
            "Calculated theta: 0.8872 based on sheep population: 39.32",
            "Calculated theta: 0.8680 based on sheep population: 32.89",
            "Calculated theta: 0.8426 based on sheep population: 26.76",
            "Calculated theta: 0.8113 based on sheep population: 21.50",
            "Calculated theta: 0.7760 based on sheep population: 17.32",
            "Calculated theta: 0.7392 based on sheep population: 14.17",
            "Calculated theta: 0.7062 based on sheep population: 12.02",
            "Calculated theta: 0.6776 based on sheep population: 10.51",
            "Calculated theta: 0.6539 based on sheep population: 9.45"
        ],
        "vocalizations": [
            "Calculated theta: 0.9176 based on sheep population: 55.66",
            "Calculated theta: 0.9167 based on sheep population: 55.05",
            "Calculated theta: 0.9143 based on sheep population: 53.34",
            "Calculated theta: 0.9092 based on sheep population: 50.09",
            "Calculated theta: 0.9002 based on sheep population: 45.08",
            "Calculated theta: 0.8872 based on sheep population: 39.32",
            "Calculated theta: 0.8680 based on sheep population: 32.89",
            "Calculated theta: 0.8426 based on sheep population: 26.76",
            "Calculated theta: 0.8113 based on sheep population: 21.50",
            "Calculated theta: 0.7760 based on sheep population: 17.32",
            "Calculated theta: 0.7392 based on sheep population: 14.17",
            "Calculated theta: 0.7062 based on sheep population: 12.02",
            "Calculated theta: 0.6776 based on sheep population: 10.51",
            "Calculated theta: 0.6539 based on sheep population: 9.45"
        ]
    }
}