{
    "wolf_id": 417,
    "beta": 0.1,
    "gamma": 1.5,
    "delta": 0.75,
    "alive": true,
    "born_at_step": 442,
    "died_at_step": null,
    "thetas": [
        0.5,
        0.8342288490185557,
        0.6972507270911975,
        0.5646310957034245,
        0.47452078359994215,
        0.4201753118265869,
        0.3876341974223262,
        0.367188914390909,
        0.35548756149754623,
        0.35058864912183924,
        0.3496481984177819,
        0.35226146230402056,
        0.3573553621443318,
        0.3648844511778357,
        0.37397417728068383,
        0.38560811842554543,
        0.3979903895037665,
        0.4121671948051246,
        0.42721225098236937,
        0.4431748482015037,
        0.4601028045555028,
        0.4780406028667696,
        0.49702694636113887,
        0.5158284574739535,
        0.5357011161214905,
        0.5553115007492498,
        0.5759808284843521,
        0.5962870859029997,
        0.616171594616329,
        0.6355818923097639,
        0.6544720264481678,
        0.6742560498741111,
        0.6933955760632026,
        0.7118515476813893,
        0.7295930972714578,
        0.7465972920375286,
        0.7628487416162771,
        0.7783390969755178,
        0.7930664684839549,
        0.8070347898191575,
        0.8202531520442815,
        0.8327351292046958,
        0.8444981134630447,
        0.8555626743520639,
        0.8659519533748175,
        0.8756911020661909,
        0.884806768843267,
        0.8933266375691901,
        0.901279018754492,
        0.9086924927145236,
        0.9155956027659341,
        0.9220165956415192,
        0.9279832056873177,
        0.9335224790326021,
        0.9386606337474535,
        0.9429126227847967,
        0.9468821870155403,
        0.9501288400135995
    ],
    "decision_history": {
        "history_steps": [
            443,
            444,
            445,
            446,
            447,
            448,
            449,
            450,
            451,
            452,
            453,
            454,
            455,
            456,
            457,
            458,
            459,
            460,
            461,
            462,
            463,
            464,
            465,
            466,
            467,
            468,
            469,
            470,
            471,
            472,
            473,
            474,
            475,
            476,
            477,
            478,
            479,
            480,
            481,
            482,
            483,
            484,
            485,
            486,
            487,
            488,
            489,
            490,
            491,
            492,
            493,
            494,
            495,
            496,
            497,
            498,
            499
        ],
        "new_thetas": [
            0.8342288490185557,
            0.6972507270911975,
            0.5646310957034245,
            0.47452078359994215,
            0.4201753118265869,
            0.3876341974223262,
            0.367188914390909,
            0.35548756149754623,
            0.35058864912183924,
            0.3496481984177819,
            0.35226146230402056,
            0.3573553621443318,
            0.3648844511778357,
            0.37397417728068383,
            0.38560811842554543,
            0.3979903895037665,
            0.4121671948051246,
            0.42721225098236937,
            0.4431748482015037,
            0.4601028045555028,
            0.4780406028667696,
            0.49702694636113887,
            0.5158284574739535,
            0.5357011161214905,
            0.5553115007492498,
            0.5759808284843521,
            0.5962870859029997,
            0.616171594616329,
            0.6355818923097639,
            0.6544720264481678,
            0.6742560498741111,
            0.6933955760632026,
            0.7118515476813893,
            0.7295930972714578,
            0.7465972920375286,
            0.7628487416162771,
            0.7783390969755178,
            0.7930664684839549,
            0.8070347898191575,
            0.8202531520442815,
            0.8327351292046958,
            0.8444981134630447,
            0.8555626743520639,
            0.8659519533748175,
            0.8756911020661909,
            0.884806768843267,
            0.8933266375691901,
            0.901279018754492,
            0.9086924927145236,
            0.9155956027659341,
            0.9220165956415192,
            0.9279832056873177,
            0.9335224790326021,
            0.9386606337474535,
            0.9429126227847967,
            0.9468821870155403,
            0.9501288400135995
        ],
        "prompts": [
            "N/A",
            "N/A",
            "N/A",
            "N/A",
            "N/A",
            "N/A",
            "N/A",
            "N/A",
            "N/A",
            "N/A",
            "N/A",
            "N/A",
            "N/A",
            "N/A",
            "N/A",
            "N/A",
            "N/A",
            "N/A",
            "N/A",
            "N/A",
            "N/A",
            "N/A",
            "N/A",
            "N/A",
            "N/A",
            "N/A",
            "N/A",
            "N/A",
            "N/A",
            "N/A",
            "N/A",
            "N/A",
            "N/A",
            "N/A",
            "N/A",
            "N/A",
            "N/A",
            "N/A",
            "N/A",
            "N/A",
            "N/A",
            "N/A",
            "N/A",
            "N/A",
            "N/A",
            "N/A",
            "N/A",
            "N/A",
            "N/A",
            "N/A",
            "N/A",
            "N/A",
            "N/A",
            "N/A",
            "N/A",
            "N/A",
            "N/A"
        ],