{
    "wolf_id": 169,
    "beta": 0.1,
    "gamma": 1.5,
    "delta": 0.75,
    "alive": false,
    "born_at_step": 252,
    "died_at_step": 261,
    "thetas": [
        0.5,
        0.9475122055265779,
        0.9456855456023517,
        0.940159617826883,
        0.9271815455587291,
        0.8980798500381314,
        0.8400840423481647,
        0.7445365837429981,
        0.6394788136792401,
        0.5535612052793316
    ],
    "decision_history": {
        "history_steps": [
            253,
            254,
            255,
            256,
            257,
            258,
            259,
            260,
            261
        ],
        "new_thetas": [
            0.9475122055265779,
            0.9456855456023517,
            0.940159617826883,
            0.9271815455587291,
            0.8980798500381314,
            0.8400840423481647,
            0.7445365837429981,
            0.6394788136792401,
            0.5535612052793316
        ],
        "prompts": [
            "N/A",
            "N/A",
            "N/A",
            "N/A",
            "N/A",
            "N/A",
            "N/A",
            "N/A",
            "N/A"
        ],
        "explanations": [
            "Calculated theta: 0.9475 based on sheep population: 90.26",
            "Calculated theta: 0.9457 based on sheep population: 87.06",
            "Calculated theta: 0.9402 based on sheep population: 78.56",
            "Calculated theta: 0.9272 based on sheep population: 63.66",
            "Calculated theta: 0.8981 based on sheep population: 44.06",
            "Calculated theta: 0.8401 based on sheep population: 26.27",
            "Calculated theta: 0.7445 based on sheep population: 14.57",
            "Calculated theta: 0.6395 based on sheep population: 8.87",
            "Calculated theta: 0.5536 based on sheep population: 6.20"
        ],
        "vocalizations": [
            "Calculated theta: 0.9475 based on sheep population: 90.26",
            "Calculated theta: 0.9457 based on sheep population: 87.06",
            "Calculated theta: 0.9402 based on sheep population: 78.56",
            "Calculated theta: 0.9272 based on sheep population: 63.66",
            "Calculated theta: 0.8981 based on sheep population: 44.06",
            "Calculated theta: 0.8401 based on sheep population: 26.27",
            "Calculated theta: 0.7445 based on sheep population: 14.57",
            "Calculated theta: 0.6395 based on sheep population: 8.87",
            "Calculated theta: 0.5536 based on sheep population: 6.20"
        ]
    }
}