{
    "wolf_id": 286,
    "beta": 0.1,
    "gamma": 1.5,
    "delta": 0.75,
    "alive": false,
    "born_at_step": 373,
    "died_at_step": 382,
    "thetas": [
        0.5,
        0.9500401464851186,
        0.9517498399031709,
        0.9520136702030781,
        0.9497854806160552,
        0.9427214488327502,
        0.9257728436690313,
        0.8840296054398034,
        0.7943831100963173,
        0.6653155719219856
    ],
    "decision_history": {
        "history_steps": [
            374,
            375,
            376,
            377,
            378,
            379,
            380,
            381,
            382
        ],
        "new_thetas": [
            0.9500401464851186,
            0.9517498399031709,
            0.9520136702030781,
            0.9497854806160552,
            0.9427214488327502,
            0.9257728436690313,
            0.8840296054398034,
            0.7943831100963173,
            0.6653155719219856
        ],
        "prompts": [
            "N/A",
            "N/A",
            "N/A",
            "N/A",
            "N/A",
            "N/A",
            "N/A",
            "N/A",
            "N/A"
        ],
        "explanations": [
            "Calculated theta: 0.9500 based on sheep population: 95.08",
            "Calculated theta: 0.9517 based on sheep population: 98.63",
            "Calculated theta: 0.9520 based on sheep population: 99.20",
            "Calculated theta: 0.9498 based on sheep population: 94.57",
            "Calculated theta: 0.9427 based on sheep population: 82.29",
            "Calculated theta: 0.9258 based on sheep population: 62.36",
            "Calculated theta: 0.8840 based on sheep population: 38.11",
            "Calculated theta: 0.7944 based on sheep population: 19.32",
            "Calculated theta: 0.6653 based on sheep population: 9.94"
        ],
        "vocalizations": [
            "Calculated theta: 0.9500 based on sheep population: 95.08",
            "Calculated theta: 0.9517 based on sheep population: 98.63",
            "Calculated theta: 0.9520 based on sheep population: 99.20",
            "Calculated theta: 0.9498 based on sheep population: 94.57",
            "Calculated theta: 0.9427 based on sheep population: 82.29",
            "Calculated theta: 0.9258 based on sheep population: 62.36",
            "Calculated theta: 0.8840 based on sheep population: 38.11",
            "Calculated theta: 0.7944 based on sheep population: 19.32",
            "Calculated theta: 0.6653 based on sheep population: 9.94"
        ]
    }
}