{
    "wolf_id": 347,
    "beta": 0.1,
    "gamma": 1.5,
    "delta": 0.75,
    "alive": false,
    "born_at_step": 380,
    "died_at_step": 408,
    "thetas": [
        0.5,
        0.7943831100963173,
        0.6653155719219856,
        0.5508640490367758,
        0.4766223475130239,
        0.42970003544401647,
        0.40067687794894,
        0.38290201755603076,
        0.3735489895349632,
        0.36903268109898657,
        0.36868696076689517,
        0.3721206205267374,
        0.37821038314332134,
        0.3859747556872329,
        0.39641276129330966,
        0.40760768139478587,
        0.42063429753064857,
        0.43558705118193203,
        0.4514661606031682,
        0.4683171128355858,
        0.48498096370652916,
        0.5026666266698422,
        0.5214028639114632,
        0.5398890485691898,
        0.5594365419063406,
        0.5786561221098354,
        0.5989104744659355,
        0.618735862049084,
        0.6380806599633281
    ],
    "decision_history": {
        "history_steps": [
            381,
            382,
            383,
            384,
            385,
            386,
            387,
            388,
            389,
            390,
            391,
            392,
            393,
            394,
            395,
            396,
            397,
            398,
            399,
            400,
            401,
            402,
            403,
            404,
            405,
            406,
            407,
            408
        ],
        "new_thetas": [
            0.7943831100963173,
            0.6653155719219856,
            0.5508640490367758,
            0.4766223475130239,
            0.42970003544401647,
            0.40067687794894,
            0.38290201755603076,
            0.3735489895349632,
            0.36903268109898657,
            0.36868696076689517,
            0.3721206205267374,
            0.37821038314332134,
            0.3859747556872329,
            0.39641276129330966,
            0.40760768139478587,
            0.42063429753064857,
            0.43558705118193203,
            0.4514661606031682,
            0.4683171128355858,
            0.48498096370652916,
            0.5026666266698422,
            0.5214028639114632,
            0.5398890485691898,
            0.5594365419063406,
            0.5786561221098354,
            0.5989104744659355,
            0.618735862049084,
            0.6380806599633281
        ],
        "prompts": [
            "N/A",
            "N/A",
            "N/A",
            "N/A",
            "N/A",
            "N/A",
            "N/A",
            "N/A",
            "N/A",
            "N/A",
            "N/A",
            "N/A",
            "N/A",
            "N/A",
            "N/A",
            "N/A",
            "N/A",
            "N/A",
            "N/A",
            "N/A",
            "N/A",
            "N/A",
            "N/A",
            "N/A",
            "N/A",
            "N/A",
            "N/A",
            "N/A"
        ],
        "explanations": [
            "Calculated theta: 0.7944 based on sheep population: 19.32",
            "Calculated theta: 0.6653 based on sheep population: 9.94",
            "Calculated theta: 0.5509 based on sheep population: 6.13",
            "Calculated theta: 0.4766 based on sheep population: 4.55",
            "Calculated theta: 0.4297 based on sheep population: 3.77",
            "Calculated theta: 0.4007 based on sheep population: 3.34",
            "Calculated theta: 0.3829 based on sheep population: 3.10",
            "Calculated theta: 0.3735 based on sheep population: 2.98",
            "Calculated theta: 0.3690 based on sheep population: 2.92",
            "Calculated theta: 0.3687 based on sheep population: 2.92",
            "Calculated theta: 0.3721 based on sheep population: 2.96",
            "Calculated theta: 0.3782 based on sheep population: 3.04",
            "Calculated theta: 0.3860 based on sheep population: 3.14",
            "Calculated theta: 0.3964 based on sheep population: 3.28",
            "Calculated theta: 0.4076 based on sheep population: 3.44",
            "Calculated theta: 0.4206 based on sheep population: 3.63",
            "Calculated theta: 0.4356 based on sheep population: 3.86",
            "Calculated theta: 0.4515 based on sheep population: 4.12",
            "Calculated theta: 0.4683 based on sheep population: 4.40",
            "Calculated theta: 0.4850 based on sheep population: 4.71",
            "Calculated theta: 0.5027 based on sheep population: 5.05",
            "Calculated theta: 0.5214 based on sheep population: 5.45",
            "Calculated theta: 0.5399 based on sheep population: 5.87",
            "Calculated theta: 0.5594 based on sheep population: 6.35",
            "Calculated theta: 0.5787 based on sheep population: 6.87",
            "Calculated theta: 0.5989 based on sheep population: 7.47",
            "Calculated theta: 0.6187 based on sheep population: 8.11",
            "Calculated theta: 0.6381 based on sheep population: 8.82"
        ],
        "vocalizations": [
            "Calculated theta: 0.7944 based on sheep population: 19.32",
            "Calculated theta: 0.6653 based on sheep population: 9.94",
            "Calculated theta: 0.5509 based on sheep population: 6.13",
            "Calculated theta: 0.4766 based on sheep population: 4.55",
            "Calculated theta: 0.4297 based on sheep population: 3.77",
            "Calculated theta: 0.4007 based on sheep population: 3.34",
            "Calculated theta: 0.3829 based on sheep population: 3.10",
            "Calculated theta: 0.3735 based on sheep population: 2.98",
            "Calculated theta: 0.3690 based on sheep population: 2.92",
            "Calculated theta: 0.3687 based on sheep population: 2.92",
            "Calculated theta: 0.3721 based on sheep population: 2.96",
            "Calculated theta: 0.3782 based on sheep population: 3.04",
            "Calculated theta: 0.3860 based on sheep population: 3.14",
            "Calculated theta: 0.3964 based on sheep population: 3.28",
            "Calculated theta: 0.4076 based on sheep population: 3.44",
            "Calculated theta: 0.4206 based on sheep population: 3.63",
            "Calculated theta: 0.4356 based on sheep population: 3.86",
            "Calculated theta: 0.4515 based on sheep population: 4.12",
            "Calculated theta: 0.4683 based on sheep population: 4.40",
            "Calculated theta: 0.4850 based on sheep population: 4.71",
            "Calculated theta: 0.5027 based on sheep population: 5.05",
            "Calculated theta: 0.5214 based on sheep population: 5.45",
            "Calculated theta: 0.5399 based on sheep population: 5.87",
            "Calculated theta: 0.5594 based on sheep population: 6.35",
            "Calculated theta: 0.5787 based on sheep population: 6.87",
            "Calculated theta: 0.5989 based on sheep population: 7.47",
            "Calculated theta: 0.6187 based on sheep population: 8.11",
            "Calculated theta: 0.6381 based on sheep population: 8.82"
        ]
    }
}