{
    "wolf_id": 360,
    "beta": 0.1,
    "gamma": 1.5,
    "delta": 0.75,
    "alive": false,
    "born_at_step": 438,
    "died_at_step": 445,
    "thetas": [
        0.5,
        0.9532413895113155,
        0.948920454885363,
        0.9375214749615701,
        0.9078502611380587,
        0.8342288490185557,
        0.6972507270911975,
        0.5646310957034245
    ],
    "decision_history": {
        "history_steps": [
            439,
            440,
            441,
            442,
            443,
            444,
            445
        ],
        "new_thetas": [
            0.9532413895113155,
            0.948920454885363,
            0.9375214749615701,
            0.9078502611380587,
            0.8342288490185557,
            0.6972507270911975,
            0.5646310957034245
        ],
        "prompts": [
            "N/A",
            "N/A",
            "N/A",
            "N/A",
            "N/A",
            "N/A",
            "N/A"
        ],
        "explanations": [
            "Calculated theta: 0.9532 based on sheep population: 101.93",
            "Calculated theta: 0.9489 based on sheep population: 92.89",
            "Calculated theta: 0.9375 based on sheep population: 75.03",
            "Calculated theta: 0.9079 based on sheep population: 49.26",
            "Calculated theta: 0.8342 based on sheep population: 25.16",
            "Calculated theta: 0.6973 based on sheep population: 11.52",
            "Calculated theta: 0.5646 based on sheep population: 6.48"
        ],
        "vocalizations": [
            "Calculated theta: 0.9532 based on sheep population: 101.93",
            "Calculated theta: 0.9489 based on sheep population: 92.89",
            "Calculated theta: 0.9375 based on sheep population: 75.03",
            "Calculated theta: 0.9079 based on sheep population: 49.26",
            "Calculated theta: 0.8342 based on sheep population: 25.16",
            "Calculated theta: 0.6973 based on sheep population: 11.52",
            "Calculated theta: 0.5646 based on sheep population: 6.48"
        ]
    }
}