{
    "wolf_id": 413,
    "beta": 0.1,
    "gamma": 1.5,
    "delta": 0.75,
    "alive": false,
    "born_at_step": 442,
    "died_at_step": 462,
    "thetas": [
        0.5,
        0.8342288490185557,
        0.6972507270911975,
        0.5646310957034245,
        0.47452078359994215,
        0.4201753118265869,
        0.3876341974223262,
        0.367188914390909,
        0.35548756149754623,
        0.35058864912183924,
        0.3496481984177819,
        0.35226146230402056,
        0.3573553621443318,
        0.3648844511778357,
        0.37397417728068383,
        0.38560811842554543,
        0.3979903895037665,
        0.4121671948051246,
        0.42721225098236937,
        0.4431748482015037,
        0.4601028045555028
    ],
    "decision_history": {
        "history_steps": [
            443,
            444,
            445,
            446,
            447,
            448,
            449,
            450,
            451,
            452,
            453,
            454,
            455,
            456,
            457,
            458,
            459,
            460,
            461,
            462
        ],
        "new_thetas": [
            0.8342288490185557,
            0.6972507270911975,
            0.5646310957034245,
            0.47452078359994215,
            0.4201753118265869,
            0.3876341974223262,
            0.367188914390909,
            0.35548756149754623,
            0.35058864912183924,
            0.3496481984177819,
            0.35226146230402056,
            0.3573553621443318,
            0.3648844511778357,
            0.37397417728068383,
            0.38560811842554543,
            0.3979903895037665,
            0.4121671948051246,
            0.42721225098236937,
            0.4431748482015037,
            0.4601028045555028
        ],
        "prompts": [
            "N/A",
            "N/A",
            "N/A",
            "N/A",
            "N/A",
            "N/A",
            "N/A",
            "N/A",
            "N/A",
            "N/A",
            "N/A",
            "N/A",
            "N/A",
            "N/A",
            "N/A",
            "N/A",
            "N/A",
            "N/A",
            "N/A",
            "N/A"
        ],
        "explanations": [
            "Calculated theta: 0.8342 based on sheep population: 25.16",
            "Calculated theta: 0.6973 based on sheep population: 11.52",
            "Calculated theta: 0.5646 based on sheep population: 6.48",
            "Calculated theta: 0.4745 based on sheep population: 4.52",
            "Calculated theta: 0.4202 based on sheep population: 3.62",
            "Calculated theta: 0.3876 based on sheep population: 3.16",
            "Calculated theta: 0.3672 based on sheep population: 2.90",
            "Calculated theta: 0.3555 based on sheep population: 2.76",
            "Calculated theta: 0.3506 based on sheep population: 2.70",
            "Calculated theta: 0.3496 based on sheep population: 2.69",
            "Calculated theta: 0.3523 based on sheep population: 2.72",
            "Calculated theta: 0.3574 based on sheep population: 2.78",
            "Calculated theta: 0.3649 based on sheep population: 2.87",
            "Calculated theta: 0.3740 based on sheep population: 2.99",
            "Calculated theta: 0.3856 based on sheep population: 3.14",
            "Calculated theta: 0.3980 based on sheep population: 3.31",
            "Calculated theta: 0.4122 based on sheep population: 3.51",
            "Calculated theta: 0.4272 based on sheep population: 3.73",
            "Calculated theta: 0.4432 based on sheep population: 3.98",
            "Calculated theta: 0.4601 based on sheep population: 4.26"
        ],
        "vocalizations": [
            "Calculated theta: 0.8342 based on sheep population: 25.16",
            "Calculated theta: 0.6973 based on sheep population: 11.52",
            "Calculated theta: 0.5646 based on sheep population: 6.48",
            "Calculated theta: 0.4745 based on sheep population: 4.52",
            "Calculated theta: 0.4202 based on sheep population: 3.62",
            "Calculated theta: 0.3876 based on sheep population: 3.16",
            "Calculated theta: 0.3672 based on sheep population: 2.90",
            "Calculated theta: 0.3555 based on sheep population: 2.76",
            "Calculated theta: 0.3506 based on sheep population: 2.70",
            "Calculated theta: 0.3496 based on sheep population: 2.69",
            "Calculated theta: 0.3523 based on sheep population: 2.72",
            "Calculated theta: 0.3574 based on sheep population: 2.78",
            "Calculated theta: 0.3649 based on sheep population: 2.87",
            "Calculated theta: 0.3740 based on sheep population: 2.99",
            "Calculated theta: 0.3856 based on sheep population: 3.14",
            "Calculated theta: 0.3980 based on sheep population: 3.31",
            "Calculated theta: 0.4122 based on sheep population: 3.51",
            "Calculated theta: 0.4272 based on sheep population: 3.73",
            "Calculated theta: 0.4432 based on sheep population: 3.98",
            "Calculated theta: 0.4601 based on sheep population: 4.26"
        ]
    }
}