{
    "wolf_id": 111,
    "beta": 0.1,
    "gamma": 1.5,
    "delta": 0.75,
    "alive": false,
    "born_at_step": 144,
    "died_at_step": 170,
    "thetas": [
        0.5,
        0.8368199619742002,
        0.7853344124320762,
        0.727170347373881,
        0.6706640273880677,
        0.6232317824986078,
        0.587231500328996,
        0.5614133297158985,
        0.5443406842594568,
        0.5332361274572099,
        0.5273952582883129,
        0.5262899541776245,
        0.5281209624224515,
        0.5327280352198759,
        0.540001094970982,
        0.5484522834978638,
        0.5594938454828828,
        0.5716595709279486,
        0.5849423650220962,
        0.5993309233396293,
        0.61333797530978,
        0.6284393854922818,
        0.6445981616094681,
        0.660285175830747,
        0.6769668534299702,
        0.6931013757627098,
        0.7086746971556621
    ],
    "decision_history": {
        "history_steps": [
            145,
            146,
            147,
            148,
            149,
            150,
            151,
            152,
            153,
            154,
            155,
            156,
            157,
            158,
            159,
            160,
            161,
            162,
            163,
            164,
            165,
            166,
            167,
            168,
            169,
            170
        ],
        "new_thetas": [
            0.8368199619742002,
            0.7853344124320762,
            0.727170347373881,
            0.6706640273880677,
            0.6232317824986078,
            0.587231500328996,
            0.5614133297158985,
            0.5443406842594568,
            0.5332361274572099,
            0.5273952582883129,
            0.5262899541776245,
            0.5281209624224515,
            0.5327280352198759,
            0.540001094970982,
            0.5484522834978638,
            0.5594938454828828,
            0.5716595709279486,
            0.5849423650220962,
            0.5993309233396293,
            0.61333797530978,
            0.6284393854922818,
            0.6445981616094681,
            0.660285175830747,
            0.6769668534299702,
            0.6931013757627098,
            0.7086746971556621
        ],
        "prompts": [
            "N/A",
            "N/A",
            "N/A",
            "N/A",
            "N/A",
            "N/A",
            "N/A",
            "N/A",
            "N/A",
            "N/A",
            "N/A",
            "N/A",
            "N/A",
            "N/A",
            "N/A",
            "N/A",
            "N/A",
            "N/A",
            "N/A",
            "N/A",
            "N/A",
            "N/A",
            "N/A",
            "N/A",
            "N/A",
            "N/A"
        ],
        "explanations": [
            "Calculated theta: 0.8368 based on sheep population: 25.64",
            "Calculated theta: 0.7853 based on sheep population: 18.29",
            "Calculated theta: 0.7272 based on sheep population: 13.33",
            "Calculated theta: 0.6707 based on sheep population: 10.18",
            "Calculated theta: 0.6232 based on sheep population: 8.27",
            "Calculated theta: 0.5872 based on sheep population: 7.11",
            "Calculated theta: 0.5614 based on sheep population: 6.40",
            "Calculated theta: 0.5443 based on sheep population: 5.97",
            "Calculated theta: 0.5332 based on sheep population: 5.71",
            "Calculated theta: 0.5274 based on sheep population: 5.58",
            "Calculated theta: 0.5263 based on sheep population: 5.55",
            "Calculated theta: 0.5281 based on sheep population: 5.60",
            "Calculated theta: 0.5327 based on sheep population: 5.70",
            "Calculated theta: 0.5400 based on sheep population: 5.87",
            "Calculated theta: 0.5485 based on sheep population: 6.07",
            "Calculated theta: 0.5595 based on sheep population: 6.35",
            "Calculated theta: 0.5717 based on sheep population: 6.67",
            "Calculated theta: 0.5849 based on sheep population: 7.05",
            "Calculated theta: 0.5993 based on sheep population: 7.48",
            "Calculated theta: 0.6133 based on sheep population: 7.93",
            "Calculated theta: 0.6284 based on sheep population: 8.46",
            "Calculated theta: 0.6446 based on sheep population: 9.07",
            "Calculated theta: 0.6603 based on sheep population: 9.72",
            "Calculated theta: 0.6770 based on sheep population: 10.48",
            "Calculated theta: 0.6931 based on sheep population: 11.29",
            "Calculated theta: 0.7087 based on sheep population: 12.16"
        ],
        "vocalizations": [
            "Calculated theta: 0.8368 based on sheep population: 25.64",
            "Calculated theta: 0.7853 based on sheep population: 18.29",
            "Calculated theta: 0.7272 based on sheep population: 13.33",
            "Calculated theta: 0.6707 based on sheep population: 10.18",
            "Calculated theta: 0.6232 based on sheep population: 8.27",
            "Calculated theta: 0.5872 based on sheep population: 7.11",
            "Calculated theta: 0.5614 based on sheep population: 6.40",
            "Calculated theta: 0.5443 based on sheep population: 5.97",
            "Calculated theta: 0.5332 based on sheep population: 5.71",
            "Calculated theta: 0.5274 based on sheep population: 5.58",
            "Calculated theta: 0.5263 based on sheep population: 5.55",
            "Calculated theta: 0.5281 based on sheep population: 5.60",
            "Calculated theta: 0.5327 based on sheep population: 5.70",
            "Calculated theta: 0.5400 based on sheep population: 5.87",
            "Calculated theta: 0.5485 based on sheep population: 6.07",
            "Calculated theta: 0.5595 based on sheep population: 6.35",
            "Calculated theta: 0.5717 based on sheep population: 6.67",
            "Calculated theta: 0.5849 based on sheep population: 7.05",
            "Calculated theta: 0.5993 based on sheep population: 7.48",
            "Calculated theta: 0.6133 based on sheep population: 7.93",
            "Calculated theta: 0.6284 based on sheep population: 8.46",
            "Calculated theta: 0.6446 based on sheep population: 9.07",
            "Calculated theta: 0.6603 based on sheep population: 9.72",
            "Calculated theta: 0.6770 based on sheep population: 10.48",
            "Calculated theta: 0.6931 based on sheep population: 11.29",
            "Calculated theta: 0.7087 based on sheep population: 12.16"
        ]
    }
}