{
    "wolf_id": 26,
    "beta": 0.1,
    "gamma": 1.5,
    "delta": 0.75,
    "alive": false,
    "born_at_step": 33,
    "died_at_step": 48,
    "thetas": [
        0.5,
        0.909239409077564,
        0.9001584766612896,
        0.8871864945934842,
        0.8680467178812347,
        0.8425657441819494,
        0.8113128042372272,
        0.775957851117876,
        0.7391918443988652,
        0.7061634446007281,
        0.6776490422253089,
        0.6538999006640673,
        0.6366433795514496,
        0.623690252791918,
        0.6164294313271758,
        0.6127841111347824
    ],
    "decision_history": {
        "history_steps": [
            34,
            35,
            36,
            37,
            38,
            39,
            40,
            41,
            42,
            43,
            44,
            45,
            46,
            47,
            48
        ],
        "new_thetas": [
            0.909239409077564,
            0.9001584766612896,
            0.8871864945934842,
            0.8680467178812347,
            0.8425657441819494,
            0.8113128042372272,
            0.775957851117876,
            0.7391918443988652,
            0.7061634446007281,
            0.6776490422253089,
            0.6538999006640673,
            0.6366433795514496,
            0.623690252791918,
            0.6164294313271758,
            0.6127841111347824
        ],
        "prompts": [
            "N/A",
            "N/A",
            "N/A",
            "N/A",
            "N/A",
            "N/A",
            "N/A",
            "N/A",
            "N/A",
            "N/A",
            "N/A",
            "N/A",
            "N/A",
            "N/A",
            "N/A"
        ],
        "explanations": [
            "Calculated theta: 0.9092 based on sheep population: 50.09",
            "Calculated theta: 0.9002 based on sheep population: 45.08",
            "Calculated theta: 0.8872 based on sheep population: 39.32",
            "Calculated theta: 0.8680 based on sheep population: 32.89",
            "Calculated theta: 0.8426 based on sheep population: 26.76",
            "Calculated theta: 0.8113 based on sheep population: 21.50",
            "Calculated theta: 0.7760 based on sheep population: 17.32",
            "Calculated theta: 0.7392 based on sheep population: 14.17",
            "Calculated theta: 0.7062 based on sheep population: 12.02",
            "Calculated theta: 0.6776 based on sheep population: 10.51",
            "Calculated theta: 0.6539 based on sheep population: 9.45",
            "Calculated theta: 0.6366 based on sheep population: 8.76",
            "Calculated theta: 0.6237 based on sheep population: 8.29",
            "Calculated theta: 0.6164 based on sheep population: 8.04",
            "Calculated theta: 0.6128 based on sheep population: 7.91"
        ],
        "vocalizations": [
            "Calculated theta: 0.9092 based on sheep population: 50.09",
            "Calculated theta: 0.9002 based on sheep population: 45.08",
            "Calculated theta: 0.8872 based on sheep population: 39.32",
            "Calculated theta: 0.8680 based on sheep population: 32.89",
            "Calculated theta: 0.8426 based on sheep population: 26.76",
            "Calculated theta: 0.8113 based on sheep population: 21.50",
            "Calculated theta: 0.7760 based on sheep population: 17.32",
            "Calculated theta: 0.7392 based on sheep population: 14.17",
            "Calculated theta: 0.7062 based on sheep population: 12.02",
            "Calculated theta: 0.6776 based on sheep population: 10.51",
            "Calculated theta: 0.6539 based on sheep population: 9.45",
            "Calculated theta: 0.6366 based on sheep population: 8.76",
            "Calculated theta: 0.6237 based on sheep population: 8.29",
            "Calculated theta: 0.6164 based on sheep population: 8.04",
            "Calculated theta: 0.6128 based on sheep population: 7.91"
        ]
    }
}