{
    "wolf_id": 71,
    "beta": 0.1,
    "gamma": 1.5,
    "delta": 0.75,
    "alive": false,
    "born_at_step": 90,
    "died_at_step": 146,
    "thetas": [
        0.5,
        0.8491066663442611,
        0.8130965902866226,
        0.771931216454741,
        0.7288853868352744,
        0.689868709962144,
        0.6559694255421363,
        0.6294105014455038,
        0.6097581462695509,
        0.5964029478658791,
        0.5887484552585879,
        0.5846964559465029,
        0.5839894707263824,
        0.5864205458585937,
        0.5918282147507606,
        0.598572617399694,
        0.6066154348162939,
        0.6174339198316738,
        0.6294360033273599,
        0.6410782104644689,
        0.6538786912547062,
        0.6677889563241107,
        0.681256402521672,
        0.69576951729361,
        0.7097802638932356,
        0.7247412844643116,
        0.7391259974676138,
        0.7529331004700688,
        0.7661646650229443,
        0.7788257503053317,
        0.7922344561544182,
        0.8049909942461646,
        0.8171063364350089,
        0.8285942502217862,
        0.8394708451885649,
        0.8497541481902658,
        0.8594637110192185,
        0.8686202527258313,
        0.8772453375002416,
        0.885361087986487,
        0.892989933093695,
        0.9001543887638094,
        0.9068768697256833,
        0.9131795299836931,
        0.9183864143545029,
        0.9232958784290621,
        0.9272823049721857,
        0.930442728178636,
        0.9322307197134794,
        0.9327142822610284,
        0.9312314449061361,
        0.9268806567746926,
        0.9182324589847214,
        0.9028205488707255,
        0.8762739883501868,
        0.8368199619742002,
        0.7853344124320762
    ],
    "decision_history": {
        "history_steps": [
            91,
            92,
            93,
            94,
            95,
            96,
            97,
            98,
            99,
            100,
            101,
            102,
            103,
            104,
            105,
            106,
            107,
            108,
            109,
            110,
            111,
            112,
            113,
            114,
            115,
            116,
            117,
            118,
            119,
            120,
            121,
            122,
            123,
            124,
            125,
            126,
            127,
            128,
            129,
            130,
            131,
            132,
            133,
            134,
            135,
            136,
            137,
            138,
            139,
            140,
            141,
            142,
            143,
            144,
            145,
            146
        ],
        "new_thetas": [
            0.8491066663442611,
            0.8130965902866226,
            0.771931216454741,
            0.7288853868352744,
            0.689868709962144,
            0.6559694255421363,
            0.6294105014455038,
            0.6097581462695509,
            0.5964029478658791,
            0.5887484552585879,
            0.5846964559465029,
            0.5839894707263824,
            0.5864205458585937,
            0.5918282147507606,
            0.598572617399694,
            0.6066154348162939,
            0.6174339198316738,
            0.6294360033273599,
            0.6410782104644689,
            0.6538786912547062,
            0.6677889563241107,
            0.681256402521672,
            0.69576951729361,
            0.7097802638932356,
            0.7247412844643116,
            0.7391259974676138,
            0.7529331004700688,
            0.7661646650229443,
            0.7788257503053317,
            0.7922344561544182,
            0.8049909942461646,
            0.8171063364350089,
            0.8285942502217862,
            0.8394708451885649,
            0.8497541481902658,
            0.8594637110192185,
            0.8686202527258313,
            0.8772453375002416,
            0.885361087986487,
            0.892989933093695,
            0.9001543887638094,
            0.9068768697256833,
            0.9131795299836931,
            0.9183864143545029,
            0.9232958784290621,
            0.9272823049721857,
            0.930442728178636,
            0.9322307197134794,
            0.9327142822610284,
            0.9312314449061361,
            0.9268806567746926,
            0.9182324589847214,
            0.9028205488707255,
            0.8762739883501868,
            0.8368199619742002,
            0.7853344124320762
        ],
        "prompts": [
            "N/A",
            "N/A",
            "N/A",
            "N/A",
            "N/A",
            "N/A",
            "N/A",
            "N/A",
            "N/A",
            "N/A",
            "N/A",
            "N/A",
            "N/A",
            "N/A",
            "N/A",
            "N/A",
            "N/A",
            "N/A",
            "N/A",
            "N/A",
            "N/A",
            "N/A",
            "N/A",
            "N/A",
            "N/A",
            "N/A",
            "N/A",
            "N/A",
            "N/A",
            "N/A",
            "N/A",
            "N/A",
            "N/A",
            "N/A",
            "N/A",
            "N/A",
            "N/A",
            "N/A",
            "N/A",
            "N/A",
            "N/A",
            "N/A",
            "N/A",
            "N/A",
            "N/A",
            "N/A",
            "N/A",
            "N/A",
            "N/A",
            "N/A",
            "N/A",
            "N/A",
            "N/A",
            "N/A",
            "N/A",
            "N/A"
        ],