{
    "wolf_id": 61,
    "beta": 0.1,
    "gamma": 1.5,
    "delta": 0.75,
    "alive": false,
    "born_at_step": 88,
    "died_at_step": 103,
    "thetas": [
        0.5,
        0.8961502564483996,
        0.8767018358567782,
        0.8491066663442611,
        0.8130965902866226,
        0.771931216454741,
        0.7288853868352744,
        0.689868709962144,
        0.6559694255421363,
        0.6294105014455038,
        0.6097581462695509,
        0.5964029478658791,
        0.5887484552585879,
        0.5846964559465029,
        0.5839894707263824,
        0.5864205458585937
    ],
    "decision_history": {
        "history_steps": [
            89,
            90,
            91,
            92,
            93,
            94,
            95,
            96,
            97,
            98,
            99,
            100,
            101,
            102,
            103
        ],
        "new_thetas": [
            0.8961502564483996,
            0.8767018358567782,
            0.8491066663442611,
            0.8130965902866226,
            0.771931216454741,
            0.7288853868352744,
            0.689868709962144,
            0.6559694255421363,
            0.6294105014455038,
            0.6097581462695509,
            0.5964029478658791,
            0.5887484552585879,
            0.5846964559465029,
            0.5839894707263824,
            0.5864205458585937
        ],
        "prompts": [
            "N/A",
            "N/A",
            "N/A",
            "N/A",
            "N/A",
            "N/A",
            "N/A",
            "N/A",
            "N/A",
            "N/A",
            "N/A",
            "N/A",
            "N/A",
            "N/A",
            "N/A"
        ],
        "explanations": [
            "Calculated theta: 0.8962 based on sheep population: 43.15",
            "Calculated theta: 0.8767 based on sheep population: 35.55",
            "Calculated theta: 0.8491 based on sheep population: 28.14",
            "Calculated theta: 0.8131 based on sheep population: 21.75",
            "Calculated theta: 0.7719 based on sheep population: 16.92",
            "Calculated theta: 0.7289 based on sheep population: 13.44",
            "Calculated theta: 0.6899 based on sheep population: 11.12",
            "Calculated theta: 0.6560 based on sheep population: 9.53",
            "Calculated theta: 0.6294 based on sheep population: 8.49",
            "Calculated theta: 0.6098 based on sheep population: 7.81",
            "Calculated theta: 0.5964 based on sheep population: 7.39",
            "Calculated theta: 0.5887 based on sheep population: 7.16",
            "Calculated theta: 0.5847 based on sheep population: 7.04",
            "Calculated theta: 0.5840 based on sheep population: 7.02",
            "Calculated theta: 0.5864 based on sheep population: 7.09"
        ],
        "vocalizations": [
            "Calculated theta: 0.8962 based on sheep population: 43.15",
            "Calculated theta: 0.8767 based on sheep population: 35.55",
            "Calculated theta: 0.8491 based on sheep population: 28.14",
            "Calculated theta: 0.8131 based on sheep population: 21.75",
            "Calculated theta: 0.7719 based on sheep population: 16.92",
            "Calculated theta: 0.7289 based on sheep population: 13.44",
            "Calculated theta: 0.6899 based on sheep population: 11.12",
            "Calculated theta: 0.6560 based on sheep population: 9.53",
            "Calculated theta: 0.6294 based on sheep population: 8.49",
            "Calculated theta: 0.6098 based on sheep population: 7.81",
            "Calculated theta: 0.5964 based on sheep population: 7.39",
            "Calculated theta: 0.5887 based on sheep population: 7.16",
            "Calculated theta: 0.5847 based on sheep population: 7.04",
            "Calculated theta: 0.5840 based on sheep population: 7.02",
            "Calculated theta: 0.5864 based on sheep population: 7.09"
        ]
    }
}