{
    "wolf_id": 6,
    "beta": 0.1,
    "gamma": 1.5,
    "delta": 0.75,
    "alive": false,
    "born_at_step": 0,
    "died_at_step": 13,
    "thetas": [
        0.5,
        0.6666688888740742,
        0.6724911757845392,
        0.6781246589695271,
        0.6851418404505536,
        0.6934807075923153,
        0.7030764720081562,
        0.7138589639263443,
        0.724268476572434,
        0.7357818993211679,
        0.746869581246083,
        0.7589561914498328,
        0.7705547978571046,
        0.7816741279352083,
        0.792324257311839
    ],
    "decision_history": {
        "history_steps": [
            0,
            1,
            2,
            3,
            4,
            5,
            6,
            7,
            8,
            9,
            10,
            11,
            12,
            13
        ],
        "new_thetas": [
            0.6666688888740742,
            0.6724911757845392,
            0.6781246589695271,
            0.6851418404505536,
            0.6934807075923153,
            0.7030764720081562,
            0.7138589639263443,
            0.724268476572434,
            0.7357818993211679,
            0.746869581246083,
            0.7589561914498328,
            0.7705547978571046,
            0.7816741279352083,
            0.792324257311839
        ],
        "prompts": [
            "N/A",
            "N/A",
            "N/A",
            "N/A",
            "N/A",
            "N/A",
            "N/A",
            "N/A",
            "N/A",
            "N/A",
            "N/A",
            "N/A",
            "N/A",
            "N/A"
        ],
        "explanations": [
            "Calculated theta: 0.6667 based on sheep population: 10.00",
            "Calculated theta: 0.6725 based on sheep population: 10.27",
            "Calculated theta: 0.6781 based on sheep population: 10.53",
            "Calculated theta: 0.6851 based on sheep population: 10.88",
            "Calculated theta: 0.6935 based on sheep population: 11.31",
            "Calculated theta: 0.7031 based on sheep population: 11.84",
            "Calculated theta: 0.7139 based on sheep population: 12.47",
            "Calculated theta: 0.7243 based on sheep population: 13.13",
            "Calculated theta: 0.7358 based on sheep population: 13.92",
            "Calculated theta: 0.7469 based on sheep population: 14.75",
            "Calculated theta: 0.7590 based on sheep population: 15.74",
            "Calculated theta: 0.7706 based on sheep population: 16.79",
            "Calculated theta: 0.7817 based on sheep population: 17.90",
            "Calculated theta: 0.7923 based on sheep population: 19.08"
        ],
        "vocalizations": [
            "Calculated theta: 0.6667 based on sheep population: 10.00",
            "Calculated theta: 0.6725 based on sheep population: 10.27",
            "Calculated theta: 0.6781 based on sheep population: 10.53",
            "Calculated theta: 0.6851 based on sheep population: 10.88",
            "Calculated theta: 0.6935 based on sheep population: 11.31",
            "Calculated theta: 0.7031 based on sheep population: 11.84",
            "Calculated theta: 0.7139 based on sheep population: 12.47",
            "Calculated theta: 0.7243 based on sheep population: 13.13",
            "Calculated theta: 0.7358 based on sheep population: 13.92",
            "Calculated theta: 0.7469 based on sheep population: 14.75",
            "Calculated theta: 0.7590 based on sheep population: 15.74",
            "Calculated theta: 0.7706 based on sheep population: 16.79",
            "Calculated theta: 0.7817 based on sheep population: 17.90",
            "Calculated theta: 0.7923 based on sheep population: 19.08"
        ]
    }
}