{
    "wolf_id": 55,
    "beta": 0.1,
    "gamma": 1.5,
    "delta": 0.75,
    "alive": false,
    "born_at_step": 86,
    "died_at_step": 100,
    "thetas": [
        0.5,
        0.9169950216446494,
        0.9093788348299499,
        0.8961502564483996,
        0.8767018358567782,
        0.8491066663442611,
        0.8130965902866226,
        0.771931216454741,
        0.7288853868352744,
        0.689868709962144,
        0.6559694255421363,
        0.6294105014455038,
        0.6097581462695509,
        0.5964029478658791,
        0.5887484552585879
    ],
    "decision_history": {
        "history_steps": [
            87,
            88,
            89,
            90,
            91,
            92,
            93,
            94,
            95,
            96,
            97,
            98,
            99,
            100
        ],
        "new_thetas": [
            0.9169950216446494,
            0.9093788348299499,
            0.8961502564483996,
            0.8767018358567782,
            0.8491066663442611,
            0.8130965902866226,
            0.771931216454741,
            0.7288853868352744,
            0.689868709962144,
            0.6559694255421363,
            0.6294105014455038,
            0.6097581462695509,
            0.5964029478658791,
            0.5887484552585879
        ],
        "prompts": [
            "N/A",
            "N/A",
            "N/A",
            "N/A",
            "N/A",
            "N/A",
            "N/A",
            "N/A",
            "N/A",
            "N/A",
            "N/A",
            "N/A",
            "N/A",
            "N/A"
        ],
        "explanations": [
            "Calculated theta: 0.9170 based on sheep population: 55.24",
            "Calculated theta: 0.9094 based on sheep population: 50.17",
            "Calculated theta: 0.8962 based on sheep population: 43.15",
            "Calculated theta: 0.8767 based on sheep population: 35.55",
            "Calculated theta: 0.8491 based on sheep population: 28.14",
            "Calculated theta: 0.8131 based on sheep population: 21.75",
            "Calculated theta: 0.7719 based on sheep population: 16.92",
            "Calculated theta: 0.7289 based on sheep population: 13.44",
            "Calculated theta: 0.6899 based on sheep population: 11.12",
            "Calculated theta: 0.6560 based on sheep population: 9.53",
            "Calculated theta: 0.6294 based on sheep population: 8.49",
            "Calculated theta: 0.6098 based on sheep population: 7.81",
            "Calculated theta: 0.5964 based on sheep population: 7.39",
            "Calculated theta: 0.5887 based on sheep population: 7.16"
        ],
        "vocalizations": [
            "Calculated theta: 0.9170 based on sheep population: 55.24",
            "Calculated theta: 0.9094 based on sheep population: 50.17",
            "Calculated theta: 0.8962 based on sheep population: 43.15",
            "Calculated theta: 0.8767 based on sheep population: 35.55",
            "Calculated theta: 0.8491 based on sheep population: 28.14",
            "Calculated theta: 0.8131 based on sheep population: 21.75",
            "Calculated theta: 0.7719 based on sheep population: 16.92",
            "Calculated theta: 0.7289 based on sheep population: 13.44",
            "Calculated theta: 0.6899 based on sheep population: 11.12",
            "Calculated theta: 0.6560 based on sheep population: 9.53",
            "Calculated theta: 0.6294 based on sheep population: 8.49",
            "Calculated theta: 0.6098 based on sheep population: 7.81",
            "Calculated theta: 0.5964 based on sheep population: 7.39",
            "Calculated theta: 0.5887 based on sheep population: 7.16"
        ]
    }
}