{
    "wolf_id": 349,
    "beta": 0.1,
    "gamma": 1.5,
    "delta": 0.75,
    "alive": false,
    "born_at_step": 432,
    "died_at_step": 444,
    "thetas": [
        0.5,
        0.9392566412916934,
        0.9434691559053613,
        0.9474016150824293,
        0.9506174226030636,
        0.9527602034081124,
        0.9539294325221236,
        0.9532413895113155,
        0.948920454885363,
        0.9375214749615701,
        0.9078502611380587,
        0.8342288490185557,
        0.6972507270911975
    ],
    "decision_history": {
        "history_steps": [
            433,
            434,
            435,
            436,
            437,
            438,
            439,
            440,
            441,
            442,
            443,
            444
        ],
        "new_thetas": [
            0.9392566412916934,
            0.9434691559053613,
            0.9474016150824293,
            0.9506174226030636,
            0.9527602034081124,
            0.9539294325221236,
            0.9532413895113155,
            0.948920454885363,
            0.9375214749615701,
            0.9078502611380587,
            0.8342288490185557,
            0.6972507270911975
        ],
        "prompts": [
            "N/A",
            "N/A",
            "N/A",
            "N/A",
            "N/A",
            "N/A",
            "N/A",
            "N/A",
            "N/A",
            "N/A",
            "N/A",
            "N/A"
        ],
        "explanations": [
            "Calculated theta: 0.9393 based on sheep population: 77.31",
            "Calculated theta: 0.9435 based on sheep population: 83.45",
            "Calculated theta: 0.9474 based on sheep population: 90.06",
            "Calculated theta: 0.9506 based on sheep population: 96.25",
            "Calculated theta: 0.9528 based on sheep population: 100.84",
            "Calculated theta: 0.9539 based on sheep population: 103.53",
            "Calculated theta: 0.9532 based on sheep population: 101.93",
            "Calculated theta: 0.9489 based on sheep population: 92.89",
            "Calculated theta: 0.9375 based on sheep population: 75.03",
            "Calculated theta: 0.9079 based on sheep population: 49.26",
            "Calculated theta: 0.8342 based on sheep population: 25.16",
            "Calculated theta: 0.6973 based on sheep population: 11.52"
        ],
        "vocalizations": [
            "Calculated theta: 0.9393 based on sheep population: 77.31",
            "Calculated theta: 0.9435 based on sheep population: 83.45",
            "Calculated theta: 0.9474 based on sheep population: 90.06",
            "Calculated theta: 0.9506 based on sheep population: 96.25",
            "Calculated theta: 0.9528 based on sheep population: 100.84",
            "Calculated theta: 0.9539 based on sheep population: 103.53",
            "Calculated theta: 0.9532 based on sheep population: 101.93",
            "Calculated theta: 0.9489 based on sheep population: 92.89",
            "Calculated theta: 0.9375 based on sheep population: 75.03",
            "Calculated theta: 0.9079 based on sheep population: 49.26",
            "Calculated theta: 0.8342 based on sheep population: 25.16",
            "Calculated theta: 0.6973 based on sheep population: 11.52"
        ]
    }
}