{
    "wolf_id": 251,
    "beta": 0.1,
    "gamma": 1.5,
    "delta": 0.75,
    "alive": false,
    "born_at_step": 316,
    "died_at_step": 325,
    "thetas": [
        0.5,
        0.9252113712238117,
        0.8832422355284282,
        0.7933004217031373,
        0.664186577853354,
        0.54993894825916,
        0.47589147544596344,
        0.4291058866721923,
        0.4001742516895727,
        0.383580199691122
    ],
    "decision_history": {
        "history_steps": [
            317,
            318,
            319,
            320,
            321,
            322,
            323,
            324,
            325
        ],
        "new_thetas": [
            0.9252113712238117,
            0.8832422355284282,
            0.7933004217031373,
            0.664186577853354,
            0.54993894825916,
            0.47589147544596344,
            0.4291058866721923,
            0.4001742516895727,
            0.383580199691122
        ],
        "prompts": [
            "N/A",
            "N/A",
            "N/A",
            "N/A",
            "N/A",
            "N/A",
            "N/A",
            "N/A",
            "N/A"
        ],
        "explanations": [
            "Calculated theta: 0.9252 based on sheep population: 61.85",
            "Calculated theta: 0.8832 based on sheep population: 37.82",
            "Calculated theta: 0.7933 based on sheep population: 19.19",
            "Calculated theta: 0.6642 based on sheep population: 9.89",
            "Calculated theta: 0.5499 based on sheep population: 6.11",
            "Calculated theta: 0.4759 based on sheep population: 4.54",
            "Calculated theta: 0.4291 based on sheep population: 3.76",
            "Calculated theta: 0.4002 based on sheep population: 3.34",
            "Calculated theta: 0.3836 based on sheep population: 3.11"
        ],
        "vocalizations": [
            "Calculated theta: 0.9252 based on sheep population: 61.85",
            "Calculated theta: 0.8832 based on sheep population: 37.82",
            "Calculated theta: 0.7933 based on sheep population: 19.19",
            "Calculated theta: 0.6642 based on sheep population: 9.89",
            "Calculated theta: 0.5499 based on sheep population: 6.11",
            "Calculated theta: 0.4759 based on sheep population: 4.54",
            "Calculated theta: 0.4291 based on sheep population: 3.76",
            "Calculated theta: 0.4002 based on sheep population: 3.34",
            "Calculated theta: 0.3836 based on sheep population: 3.11"
        ]
    }
}