{
    "wolf_id": 34,
    "beta": 0.1,
    "gamma": 1.5,
    "delta": 0.75,
    "alive": false,
    "born_at_step": 52,
    "died_at_step": 83,
    "thetas": [
        0.5071509177008511,
        0.612214092662652,
        0.6008703397266997,
        0.587459677512861,
        0.5713134709445622,
        0.5526632540629899,
        0.5326012638258976,
        0.5114142377555665,
        0.49014750284001235,
        0.4690042977083529,
        0.4488314383406728,
        0.4296613756559426,
        0.41209217059565434,
        0.3959968608000986,
        0.38177130577810975,
        0.3691957440938704,
        0.3580774189881281,
        0.3486938028067852,
        0.34040470149632057,
        0.3335029361601441,
        0.3278340989353166,
        0.3228867379602426,
        0.31897125256453024,
        0.3159964656860374,
        0.31388836954766347,
        0.31223104744849733,
        0.3113507623925315,
        0.31085577702298434,
        0.31107854361710574,
        0.31164348651244633,
        0.3125408164451678,
        0.31411387647801214
    ],
    "decision_history": {
        "history_steps": [
            53,
            54,
            55,
            56,
            57,
            58,
            59,
            60,
            61,
            62,
            63,
            64,
            65,
            66,
            67,
            68,
            69,
            70,
            71,
            72,
            73,
            74,
            75,
            76,
            77,
            78,
            79,
            80,
            81,
            82,
            83
        ],
        "new_thetas": [
            0.612214092662652,
            0.6008703397266997,
            0.587459677512861,
            0.5713134709445622,
            0.5526632540629899,
            0.5326012638258976,
            0.5114142377555665,
            0.49014750284001235,
            0.4690042977083529,
            0.4488314383406728,
            0.4296613756559426,
            0.41209217059565434,
            0.3959968608000986,
            0.38177130577810975,
            0.3691957440938704,
            0.3580774189881281,
            0.3486938028067852,
            0.34040470149632057,
            0.3335029361601441,
            0.3278340989353166,
            0.3228867379602426,
            0.31897125256453024,
            0.3159964656860374,
            0.31388836954766347,
            0.31223104744849733,
            0.3113507623925315,
            0.31085577702298434,
            0.31107854361710574,
            0.31164348651244633,
            0.3125408164451678,
            0.31411387647801214
        ],
        "prompts": [
            "N/A",
            "N/A",
            "N/A",
            "N/A",
            "N/A",
            "N/A",
            "N/A",
            "N/A",
            "N/A",
            "N/A",
            "N/A",
            "N/A",
            "N/A",
            "N/A",
            "N/A",
            "N/A",
            "N/A",
            "N/A",
            "N/A",
            "N/A",
            "N/A",
            "N/A",
            "N/A",
            "N/A",
            "N/A",
            "N/A",
            "N/A",
            "N/A",
            "N/A",
            "N/A",
            "N/A"
        ],
        "explanations": [
            "Calculated theta: 0.6122 based on sheep population: 86.83",
            "Calculated theta: 0.6009 based on sheep population: 82.80",
            "Calculated theta: 0.5875 based on sheep population: 78.32",
            "Calculated theta: 0.5713 based on sheep population: 73.30",
            "Calculated theta: 0.5527 based on sheep population: 67.95",
            "Calculated theta: 0.5326 based on sheep population: 62.67",
            "Calculated theta: 0.5114 based on sheep population: 57.57",
            "Calculated theta: 0.4901 based on sheep population: 52.87",
            "Calculated theta: 0.4690 based on sheep population: 48.58",
            "Calculated theta: 0.4488 based on sheep population: 44.79",
            "Calculated theta: 0.4297 based on sheep population: 41.43",
            "Calculated theta: 0.4121 based on sheep population: 38.55",
            "Calculated theta: 0.3960 based on sheep population: 36.06",
            "Calculated theta: 0.3818 based on sheep population: 33.96",
            "Calculated theta: 0.3692 based on sheep population: 32.19",
            "Calculated theta: 0.3581 based on sheep population: 30.68",
            "Calculated theta: 0.3487 based on sheep population: 29.45",
            "Calculated theta: 0.3404 based on sheep population: 28.38",
            "Calculated theta: 0.3335 based on sheep population: 27.52",
            "Calculated theta: 0.3278 based on sheep population: 26.82",
            "Calculated theta: 0.3229 based on sheep population: 26.23",
            "Calculated theta: 0.3190 based on sheep population: 25.76",
            "Calculated theta: 0.3160 based on sheep population: 25.41",
            "Calculated theta: 0.3139 based on sheep population: 25.16",
            "Calculated theta: 0.3122 based on sheep population: 24.97",
            "Calculated theta: 0.3114 based on sheep population: 24.87",
            "Calculated theta: 0.3109 based on sheep population: 24.81",
            "Calculated theta: 0.3111 based on sheep population: 24.83",
            "Calculated theta: 0.3116 based on sheep population: 24.90",
            "Calculated theta: 0.3125 based on sheep population: 25.00",
            "Calculated theta: 0.3141 based on sheep population: 25.19"
        ],
        "vocalizations": [
            "Calculated theta: 0.6122 based on sheep population: 86.83",
            "Calculated theta: 0.6009 based on sheep population: 82.80",
            "Calculated theta: 0.5875 based on sheep population: 78.32",
            "Calculated theta: 0.5713 based on sheep population: 73.30",
            "Calculated theta: 0.5527 based on sheep population: 67.95",
            "Calculated theta: 0.5326 based on sheep population: 62.67",
            "Calculated theta: 0.5114 based on sheep population: 57.57",
            "Calculated theta: 0.4901 based on sheep population: 52.87",
            "Calculated theta: 0.4690 based on sheep population: 48.58",
            "Calculated theta: 0.4488 based on sheep population: 44.79",
            "Calculated theta: 0.4297 based on sheep population: 41.43",
            "Calculated theta: 0.4121 based on sheep population: 38.55",
            "Calculated theta: 0.3960 based on sheep population: 36.06",
            "Calculated theta: 0.3818 based on sheep population: 33.96",
            "Calculated theta: 0.3692 based on sheep population: 32.19",
            "Calculated theta: 0.3581 based on sheep population: 30.68",
            "Calculated theta: 0.3487 based on sheep population: 29.45",
            "Calculated theta: 0.3404 based on sheep population: 28.38",
            "Calculated theta: 0.3335 based on sheep population: 27.52",
            "Calculated theta: 0.3278 based on sheep population: 26.82",
            "Calculated theta: 0.3229 based on sheep population: 26.23",
            "Calculated theta: 0.3190 based on sheep population: 25.76",
            "Calculated theta: 0.3160 based on sheep population: 25.41",
            "Calculated theta: 0.3139 based on sheep population: 25.16",
            "Calculated theta: 0.3122 based on sheep population: 24.97",
            "Calculated theta: 0.3114 based on sheep population: 24.87",
            "Calculated theta: 0.3109 based on sheep population: 24.81",
            "Calculated theta: 0.3111 based on sheep population: 24.83",
            "Calculated theta: 0.3116 based on sheep population: 24.90",
            "Calculated theta: 0.3125 based on sheep population: 25.00",
            "Calculated theta: 0.3141 based on sheep population: 25.19"
        ]
    }
}