{
    "wolf_id": 102,
    "beta": 0.1,
    "gamma": 1.5,
    "delta": 0.75,
    "alive": true,
    "born_at_step": 491,
    "died_at_step": null,
    "thetas": [
        0.7290943704639423,
        0.46016813824558245,
        0.45938464623707465,
        0.458623893203062,
        0.45788520974422064,
        0.45716794642111097,
        0.45647147316819214,
        0.4557951787225196,
        0.45513847006708985
    ],
    "decision_history": {
        "history_steps": [
            492,
            493,
            494,
            495,
            496,
            497,
            498,
            499
        ],
        "new_thetas": [
            0.46016813824558245,
            0.45938464623707465,
            0.458623893203062,
            0.45788520974422064,
            0.45716794642111097,
            0.45647147316819214,
            0.4557951787225196,
            0.45513847006708985
        ],
        "prompts": [
            "N/A",
            "N/A",
            "N/A",
            "N/A",
            "N/A",
            "N/A",
            "N/A",
            "N/A"
        ],
        "explanations": [
            "Calculated theta: 0.4602 based on sheep population: 46.88",
            "Calculated theta: 0.4594 based on sheep population: 46.74",
            "Calculated theta: 0.4586 based on sheep population: 46.59",
            "Calculated theta: 0.4579 based on sheep population: 46.45",
            "Calculated theta: 0.4572 based on sheep population: 46.32",
            "Calculated theta: 0.4565 based on sheep population: 46.19",
            "Calculated theta: 0.4558 based on sheep population: 46.06",
            "Calculated theta: 0.4551 based on sheep population: 45.94"
        ],
        "vocalizations": [
            "Calculated theta: 0.4602 based on sheep population: 46.88",
            "Calculated theta: 0.4594 based on sheep population: 46.74",
            "Calculated theta: 0.4586 based on sheep population: 46.59",
            "Calculated theta: 0.4579 based on sheep population: 46.45",
            "Calculated theta: 0.4572 based on sheep population: 46.32",
            "Calculated theta: 0.4565 based on sheep population: 46.19",
            "Calculated theta: 0.4558 based on sheep population: 46.06",
            "Calculated theta: 0.4551 based on sheep population: 45.94"
        ]
    }
}