{
    "wolf_id": 9,
    "beta": 0.1,
    "gamma": 1.5,
    "delta": 0.75,
    "alive": false,
    "born_at_step": 0,
    "died_at_step": 67,
    "thetas": [
        0.5,
        0.23611217206642765,
        0.24283484168446523,
        0.2496226284865399,
        0.25671127124215526,
        0.26386773228780896,
        0.27135026192192613,
        0.2789037176728793,
        0.28681045864142796,
        0.2947915899251126,
        0.30284090364651267,
        0.31127982404928567,
        0.31979043223889986,
        0.3283659204656591,
        0.3369993727504963,
        0.3460685801252633,
        0.35519870180226565,
        0.3643821258893868,
        0.3736111718296682,
        0.38287811989751686,
        0.39263564100312515,
        0.4024323551559154,
        0.4122597164112383,
        0.422109184656473,
        0.43197225738423095,
        0.44184050055883417,
        0.4517055783450994,
        0.4615592814895059,
        0.47139355416704926,
        0.4812005191319323,
        0.4909725010362056,
        0.5007020478069764,
        0.5103819499993681,
        0.5200052580685525,
        0.5295652975294486,
        0.5390556819967319,
        0.5484703241202732,
        0.557803444451793,
        0.5670495782971597,
        0.5755021327681603,
        0.5838586704301353,
        0.5921160844856508,
        0.5995491864384923,
        0.6068825838843682,
        0.6133811999872811,
        0.6190449013847967,
        0.62387630310719,
        0.6278801884301219,
        0.6303043897218955,
        0.631924147071825,
        0.63197902530815,
        0.630483492123517,
        0.6266701875299864,
        0.6205662856638674,
        0.612214092662652,
        0.6008703397266997,
        0.587459677512861,
        0.5713134709445622,
        0.5526632540629899,
        0.5326012638258976,
        0.5114142377555665,
        0.49014750284001235,
        0.4690042977083529,
        0.4488314383406728,
        0.4296613756559426,
        0.41209217059565434,
        0.3959968608000986,
        0.38177130577810975,
        0.3691957440938704
    ],
    "decision_history": {
        "history_steps": [
            0,
            1,
            2,
            3,
            4,
            5,
            6,
            7,
            8,
            9,
            10,
            11,
            12,
            13,
            14,
            15,
            16,
            17,
            18,
            19,
            20,
            21,
            22,
            23,
            24,
            25,
            26,
            27,
            28,
            29,
            30,
            31,
            32,
            33,
            34,
            35,
            36,
            37,
            38,
            39,
            40,
            41,
            42,
            43,
            44,
            45,
            46,
            47,
            48,
            49,
            50,
            51,
            52,
            53,
            54,
            55,
            56,
            57,
            58,
            59,
            60,
            61,
            62,
            63,
            64,
            65,
            66,
            67
        ],
        "new_thetas": [
            0.23611217206642765,
            0.24283484168446523,
            0.2496226284865399,
            0.25671127124215526,
            0.26386773228780896,
            0.27135026192192613,
            0.2789037176728793,
            0.28681045864142796,
            0.2947915899251126,
            0.30284090364651267,
            0.31127982404928567,
            0.31979043223889986,
            0.3283659204656591,
            0.3369993727504963,
            0.3460685801252633,
            0.35519870180226565,
            0.3643821258893868,
            0.3736111718296682,
            0.38287811989751686,
            0.39263564100312515,
            0.4024323551559154,
            0.4122597164112383,
            0.422109184656473,
            0.43197225738423095,
            0.44184050055883417,
            0.4517055783450994,
            0.4615592814895059,
            0.47139355416704926,
            0.4812005191319323,
            0.4909725010362056,
            0.5007020478069764,
            0.5103819499993681,
            0.5200052580685525,
            0.5295652975294486,
            0.5390556819967319,
            0.5484703241202732,
            0.557803444451793,
            0.5670495782971597,
            0.5755021327681603,
            0.5838586704301353,
            0.5921160844856508,
            0.5995491864384923,
            0.6068825838843682,
            0.6133811999872811,
            0.6190449013847967,
            0.62387630310719,
            0.6278801884301219,
            0.6303043897218955,
            0.631924147071825,
            0.63197902530815,
            0.630483492123517,
            0.6266701875299864,
            0.6205662856638674,
            0.612214092662652,
            0.6008703397266997,
            0.587459677512861,
            0.5713134709445622,
            0.5526632540629899,
            0.5326012638258976,
            0.5114142377555665,
            0.49014750284001235,
            0.4690042977083529,
            0.4488314383406728,
            0.4296613756559426,
            0.41209217059565434,
            0.3959968608000986,
            0.38177130577810975,
            0.3691957440938704
        ],
        "prompts": [
            "N/A",
            "N/A",
            "N/A",
            "N/A",
            "N/A",
            "N/A",
            "N/A",
            "N/A",
            "N/A",
            "N/A",
            "N/A",
            "N/A",
            "N/A",
            "N/A",
            "N/A",
            "N/A",
            "N/A",
            "N/A",
            "N/A",
            "N/A",
            "N/A",
            "N/A",
            "N/A",
            "N/A",
            "N/A",
            "N/A",
            "N/A",
            "N/A",
            "N/A",
            "N/A",
            "N/A",
            "N/A",
            "N/A",
            "N/A",
            "N/A",
            "N/A",
            "N/A",
            "N/A",
            "N/A",
            "N/A",
            "N/A",
            "N/A",
            "N/A",
            "N/A",
            "N/A",
            "N/A",
            "N/A",
            "N/A",
            "N/A",
            "N/A",
            "N/A",
            "N/A",
            "N/A",
            "N/A",
            "N/A",
            "N/A",
            "N/A",
            "N/A",
            "N/A",
            "N/A",
            "N/A",
            "N/A",
            "N/A",
            "N/A",
            "N/A",
            "N/A",
            "N/A",
            "N/A"
        ],