{
    "wolf_id": 1,
    "beta": 0.1,
    "gamma": 1.5,
    "delta": 0.75,
    "alive": false,
    "born_at_step": 0,
    "died_at_step": 3,
    "thetas": [
        0.5,
        0.23611217206642765,
        0.24283484168446523,
        0.2496226284865399,
        0.25671127124215526
    ],
    "decision_history": {
        "history_steps": [
            0,
            1,
            2,
            3
        ],
        "new_thetas": [
            0.23611217206642765,
            0.24283484168446523,
            0.2496226284865399,
            0.25671127124215526
        ],
        "prompts": [
            "N/A",
            "N/A",
            "N/A",
            "N/A"
        ],
        "explanations": [
            "Calculated theta: 0.2361 based on sheep population: 17.00",
            "Calculated theta: 0.2428 based on sheep population: 17.64",
            "Calculated theta: 0.2496 based on sheep population: 18.30",
            "Calculated theta: 0.2567 based on sheep population: 19.00"
        ],
        "vocalizations": [
            "Calculated theta: 0.2361 based on sheep population: 17.00",
            "Calculated theta: 0.2428 based on sheep population: 17.64",
            "Calculated theta: 0.2496 based on sheep population: 18.30",
            "Calculated theta: 0.2567 based on sheep population: 19.00"
        ]
    }
}