{
    "wolf_id": 14,
    "beta": 0.1,
    "gamma": 1.5,
    "delta": 0.75,
    "alive": false,
    "born_at_step": 43,
    "died_at_step": 70,
    "thetas": [
        0.380022354702905,
        0.6190449013847967,
        0.62387630310719,
        0.6278801884301219,
        0.6303043897218955,
        0.631924147071825,
        0.63197902530815,
        0.630483492123517,
        0.6266701875299864,
        0.6205662856638674,
        0.612214092662652,
        0.6008703397266997,
        0.587459677512861,
        0.5713134709445622,
        0.5526632540629899,
        0.5326012638258976,
        0.5114142377555665,
        0.49014750284001235,
        0.4690042977083529,
        0.4488314383406728,
        0.4296613756559426,
        0.41209217059565434,
        0.3959968608000986,
        0.38177130577810975,
        0.3691957440938704,
        0.3580774189881281,
        0.3486938028067852,
        0.34040470149632057
    ],
    "decision_history": {
        "history_steps": [
            44,
            45,
            46,
            47,
            48,
            49,
            50,
            51,
            52,
            53,
            54,
            55,
            56,
            57,
            58,
            59,
            60,
            61,
            62,
            63,
            64,
            65,
            66,
            67,
            68,
            69,
            70
        ],
        "new_thetas": [
            0.6190449013847967,
            0.62387630310719,
            0.6278801884301219,
            0.6303043897218955,
            0.631924147071825,
            0.63197902530815,
            0.630483492123517,
            0.6266701875299864,
            0.6205662856638674,
            0.612214092662652,
            0.6008703397266997,
            0.587459677512861,
            0.5713134709445622,
            0.5526632540629899,
            0.5326012638258976,
            0.5114142377555665,
            0.49014750284001235,
            0.4690042977083529,
            0.4488314383406728,
            0.4296613756559426,
            0.41209217059565434,
            0.3959968608000986,
            0.38177130577810975,
            0.3691957440938704,
            0.3580774189881281,
            0.3486938028067852,
            0.34040470149632057
        ],
        "prompts": [
            "N/A",
            "N/A",
            "N/A",
            "N/A",
            "N/A",
            "N/A",
            "N/A",
            "N/A",
            "N/A",
            "N/A",
            "N/A",
            "N/A",
            "N/A",
            "N/A",
            "N/A",
            "N/A",
            "N/A",
            "N/A",
            "N/A",
            "N/A",
            "N/A",
            "N/A",
            "N/A",
            "N/A",
            "N/A",
            "N/A",
            "N/A"
        ],
        "explanations": [
            "Calculated theta: 0.6190 based on sheep population: 89.37",
            "Calculated theta: 0.6239 based on sheep population: 91.23",
            "Calculated theta: 0.6279 based on sheep population: 92.80",
            "Calculated theta: 0.6303 based on sheep population: 93.77",
            "Calculated theta: 0.6319 based on sheep population: 94.43",
            "Calculated theta: 0.6320 based on sheep population: 94.45",
            "Calculated theta: 0.6305 based on sheep population: 93.84",
            "Calculated theta: 0.6267 based on sheep population: 92.32",
            "Calculated theta: 0.6206 based on sheep population: 89.95",
            "Calculated theta: 0.6122 based on sheep population: 86.83",
            "Calculated theta: 0.6009 based on sheep population: 82.80",
            "Calculated theta: 0.5875 based on sheep population: 78.32",
            "Calculated theta: 0.5713 based on sheep population: 73.30",
            "Calculated theta: 0.5527 based on sheep population: 67.95",
            "Calculated theta: 0.5326 based on sheep population: 62.67",
            "Calculated theta: 0.5114 based on sheep population: 57.57",
            "Calculated theta: 0.4901 based on sheep population: 52.87",
            "Calculated theta: 0.4690 based on sheep population: 48.58",
            "Calculated theta: 0.4488 based on sheep population: 44.79",
            "Calculated theta: 0.4297 based on sheep population: 41.43",
            "Calculated theta: 0.4121 based on sheep population: 38.55",
            "Calculated theta: 0.3960 based on sheep population: 36.06",
            "Calculated theta: 0.3818 based on sheep population: 33.96",
            "Calculated theta: 0.3692 based on sheep population: 32.19",
            "Calculated theta: 0.3581 based on sheep population: 30.68",
            "Calculated theta: 0.3487 based on sheep population: 29.45",
            "Calculated theta: 0.3404 based on sheep population: 28.38"
        ],
        "vocalizations": [
            "Calculated theta: 0.6190 based on sheep population: 89.37",
            "Calculated theta: 0.6239 based on sheep population: 91.23",
            "Calculated theta: 0.6279 based on sheep population: 92.80",
            "Calculated theta: 0.6303 based on sheep population: 93.77",
            "Calculated theta: 0.6319 based on sheep population: 94.43",
            "Calculated theta: 0.6320 based on sheep population: 94.45",
            "Calculated theta: 0.6305 based on sheep population: 93.84",
            "Calculated theta: 0.6267 based on sheep population: 92.32",
            "Calculated theta: 0.6206 based on sheep population: 89.95",
            "Calculated theta: 0.6122 based on sheep population: 86.83",
            "Calculated theta: 0.6009 based on sheep population: 82.80",
            "Calculated theta: 0.5875 based on sheep population: 78.32",
            "Calculated theta: 0.5713 based on sheep population: 73.30",
            "Calculated theta: 0.5527 based on sheep population: 67.95",
            "Calculated theta: 0.5326 based on sheep population: 62.67",
            "Calculated theta: 0.5114 based on sheep population: 57.57",
            "Calculated theta: 0.4901 based on sheep population: 52.87",
            "Calculated theta: 0.4690 based on sheep population: 48.58",
            "Calculated theta: 0.4488 based on sheep population: 44.79",
            "Calculated theta: 0.4297 based on sheep population: 41.43",
            "Calculated theta: 0.4121 based on sheep population: 38.55",
            "Calculated theta: 0.3960 based on sheep population: 36.06",
            "Calculated theta: 0.3818 based on sheep population: 33.96",
            "Calculated theta: 0.3692 based on sheep population: 32.19",
            "Calculated theta: 0.3581 based on sheep population: 30.68",
            "Calculated theta: 0.3487 based on sheep population: 29.45",
            "Calculated theta: 0.3404 based on sheep population: 28.38"
        ]
    }
}