{
    "wolf_id": 134,
    "beta": 0.1,
    "gamma": 1.5,
    "delta": 0.75,
    "alive": false,
    "born_at_step": 115,
    "died_at_step": 141,
    "thetas": [
        0.5,
        0.5141103511120365,
        0.5150730108956448,
        0.5131546277943072,
        0.5084786797892321,
        0.5012136555987906,
        0.4915724639157515,
        0.4798105476457576,
        0.4662213466638255,
        0.45112826629105063,
        0.43617274578664855,
        0.42145323643841076,
        0.40823818026230974,
        0.39636274003547994,
        0.38567831870850344,
        0.3770875168484381,
        0.37029952631339874,
        0.36508036056961846,
        0.3612417827638508,
        0.3595554826906975,
        0.35890247977406126,
        0.3601081264393775,
        0.36215071393132897,
        0.3649930046052152,
        0.3695266776732768,
        0.3747870332662547,
        0.3807728201118897
    ],
    "decision_history": {
        "history_steps": [
            116,
            117,
            118,
            119,
            120,
            121,
            122,
            123,
            124,
            125,
            126,
            127,
            128,
            129,
            130,
            131,
            132,
            133,
            134,
            135,
            136,
            137,
            138,
            139,
            140,
            141
        ],
        "new_thetas": [
            0.5141103511120365,
            0.5150730108956448,
            0.5131546277943072,
            0.5084786797892321,
            0.5012136555987906,
            0.4915724639157515,
            0.4798105476457576,
            0.4662213466638255,
            0.45112826629105063,
            0.43617274578664855,
            0.42145323643841076,
            0.40823818026230974,
            0.39636274003547994,
            0.38567831870850344,
            0.3770875168484381,
            0.37029952631339874,
            0.36508036056961846,
            0.3612417827638508,
            0.3595554826906975,
            0.35890247977406126,
            0.3601081264393775,
            0.36215071393132897,
            0.3649930046052152,
            0.3695266776732768,
            0.3747870332662547,
            0.3807728201118897
        ],
        "prompts": [
            "N/A",
            "N/A",
            "N/A",
            "N/A",
            "N/A",
            "N/A",
            "N/A",
            "N/A",
            "N/A",
            "N/A",
            "N/A",
            "N/A",
            "N/A",
            "N/A",
            "N/A",
            "N/A",
            "N/A",
            "N/A",
            "N/A",
            "N/A",
            "N/A",
            "N/A",
            "N/A",
            "N/A",
            "N/A",
            "N/A"
        ],
        "explanations": [
            "Calculated theta: 0.5141 based on sheep population: 66.13",
            "Calculated theta: 0.5151 based on sheep population: 66.39",
            "Calculated theta: 0.5132 based on sheep population: 65.88",
            "Calculated theta: 0.5085 based on sheep population: 64.66",
            "Calculated theta: 0.5012 based on sheep population: 62.80",
            "Calculated theta: 0.4916 based on sheep population: 60.43",
            "Calculated theta: 0.4798 based on sheep population: 57.65",
            "Calculated theta: 0.4662 based on sheep population: 54.59",
            "Calculated theta: 0.4511 based on sheep population: 51.37",
            "Calculated theta: 0.4362 based on sheep population: 48.35",
            "Calculated theta: 0.4215 based on sheep population: 45.53",
            "Calculated theta: 0.4082 based on sheep population: 43.12",
            "Calculated theta: 0.3964 based on sheep population: 41.04",
            "Calculated theta: 0.3857 based on sheep population: 39.24",
            "Calculated theta: 0.3771 based on sheep population: 37.84",
            "Calculated theta: 0.3703 based on sheep population: 36.75",
            "Calculated theta: 0.3651 based on sheep population: 35.94",
            "Calculated theta: 0.3612 based on sheep population: 35.35",
            "Calculated theta: 0.3596 based on sheep population: 35.09",
            "Calculated theta: 0.3589 based on sheep population: 34.99",
            "Calculated theta: 0.3601 based on sheep population: 35.17",
            "Calculated theta: 0.3622 based on sheep population: 35.49",
            "Calculated theta: 0.3650 based on sheep population: 35.92",
            "Calculated theta: 0.3695 based on sheep population: 36.63",
            "Calculated theta: 0.3748 based on sheep population: 37.47",
            "Calculated theta: 0.3808 based on sheep population: 38.43"
        ],
        "vocalizations": [
            "Calculated theta: 0.5141 based on sheep population: 66.13",
            "Calculated theta: 0.5151 based on sheep population: 66.39",
            "Calculated theta: 0.5132 based on sheep population: 65.88",
            "Calculated theta: 0.5085 based on sheep population: 64.66",
            "Calculated theta: 0.5012 based on sheep population: 62.80",
            "Calculated theta: 0.4916 based on sheep population: 60.43",
            "Calculated theta: 0.4798 based on sheep population: 57.65",
            "Calculated theta: 0.4662 based on sheep population: 54.59",
            "Calculated theta: 0.4511 based on sheep population: 51.37",
            "Calculated theta: 0.4362 based on sheep population: 48.35",
            "Calculated theta: 0.4215 based on sheep population: 45.53",
            "Calculated theta: 0.4082 based on sheep population: 43.12",
            "Calculated theta: 0.3964 based on sheep population: 41.04",
            "Calculated theta: 0.3857 based on sheep population: 39.24",
            "Calculated theta: 0.3771 based on sheep population: 37.84",
            "Calculated theta: 0.3703 based on sheep population: 36.75",
            "Calculated theta: 0.3651 based on sheep population: 35.94",
            "Calculated theta: 0.3612 based on sheep population: 35.35",
            "Calculated theta: 0.3596 based on sheep population: 35.09",
            "Calculated theta: 0.3589 based on sheep population: 34.99",
            "Calculated theta: 0.3601 based on sheep population: 35.17",
            "Calculated theta: 0.3622 based on sheep population: 35.49",
            "Calculated theta: 0.3650 based on sheep population: 35.92",
            "Calculated theta: 0.3695 based on sheep population: 36.63",
            "Calculated theta: 0.3748 based on sheep population: 37.47",
            "Calculated theta: 0.3808 based on sheep population: 38.43"
        ]
    }
}