{
    "wolf_id": 195,
    "beta": 0.1,
    "gamma": 1.5,
    "delta": 0.75,
    "alive": true,
    "born_at_step": 431,
    "died_at_step": null,
    "thetas": [
        0.5,
        0.434311675965308,
        0.43187364047783977,
        0.42959150316769656,
        0.4274549348974559,
        0.4254543194065899,
        0.4235807032721994,
        0.4218257490285023,
        0.4201816913756609,
        0.41864129637049324,
        0.4171978234665596,
        0.41584499025584964,
        0.4145769397563064,
        0.4133882100867809,
        0.4133785229038635,
        0.4133694042895615,
        0.4133608208647573,
        0.41335274121086313,
        0.41444567659923276,
        0.41547840824348264,
        0.416454145916517,
        0.4184835884870901,
        0.4204078797800383,
        0.42223210577330944,
        0.4239611524766583,
        0.4255997074916083,
        0.4271522626142944,
        0.4286231172913553,
        0.43001638276400084,
        0.4313359867576463,
        0.4325856785942945,
        0.4337690346223447,
        0.43488946387392385,
        0.43595021387336985,
        0.4369543765323346,
        0.4379048940773013,
        0.43880456496429066,
        0.43965604974330713,
        0.440461876841813,
        0.44122444824230844,
        0.44194604503408697,
        0.4414302279223032,
        0.4409439695398099,
        0.4404855608418549,
        0.4400533931447552,
        0.43844891469227354,
        0.43694185232034694,
        0.43552614641127946,
        0.43419612689547427,
        0.43176548878685456,
        0.42949025807570806,
        0.42736013950849966,
        0.4253655483406437,
        0.4234975604431259,
        0.4217478655657524,
        0.4201087236855224,
        0.4185729243312625,
        0.4171337487511182,
        0.4157849347746223,
        0.41452064421334534,
        0.4133354326417065,
        0.4133288430101291,
        0.41332264011071596,
        0.4133168012431448,
        0.41331130503998403,
        0.4144065206145513,
        0.41544141115619504,
        0.4164191923804212,
        0.4184504425005684
    ],
    "decision_history": {
        "history_steps": [
            432,
            433,
            434,
            435,
            436,
            437,
            438,
            439,
            440,
            441,
            442,
            443,
            444,
            445,
            446,
            447,
            448,
            449,
            450,
            451,
            452,
            453,
            454,
            455,
            456,
            457,
            458,
            459,
            460,
            461,
            462,
            463,
            464,
            465,
            466,
            467,
            468,
            469,
            470,
            471,
            472,
            473,
            474,
            475,
            476,
            477,
            478,
            479,
            480,
            481,
            482,
            483,
            484,
            485,
            486,
            487,
            488,
            489,
            490,
            491,
            492,
            493,
            494,
            495,
            496,
            497,
            498,
            499
        ],
        "new_thetas": [
            0.434311675965308,
            0.43187364047783977,
            0.42959150316769656,
            0.4274549348974559,
            0.4254543194065899,
            0.4235807032721994,
            0.4218257490285023,
            0.4201816913756609,
            0.41864129637049324,
            0.4171978234665596,
            0.41584499025584964,
            0.4145769397563064,
            0.4133882100867809,
            0.4133785229038635,
            0.4133694042895615,
            0.4133608208647573,
            0.41335274121086313,
            0.41444567659923276,
            0.41547840824348264,
            0.416454145916517,
            0.4184835884870901,
            0.4204078797800383,
            0.42223210577330944,
            0.4239611524766583,
            0.4255997074916083,
            0.4271522626142944,
            0.4286231172913553,
            0.43001638276400084,
            0.4313359867576463,
            0.4325856785942945,
            0.4337690346223447,
            0.43488946387392385,
            0.43595021387336985,
            0.4369543765323346,
            0.4379048940773013,
            0.43880456496429066,
            0.43965604974330713,
            0.440461876841813,
            0.44122444824230844,
            0.44194604503408697,
            0.4414302279223032,
            0.4409439695398099,
            0.4404855608418549,
            0.4400533931447552,
            0.43844891469227354,
            0.43694185232034694,
            0.43552614641127946,
            0.43419612689547427,
            0.43176548878685456,
            0.42949025807570806,
            0.42736013950849966,
            0.4253655483406437,
            0.4234975604431259,
            0.4217478655657524,
            0.4201087236855224,
            0.4185729243312625,
            0.4171337487511182,
            0.4157849347746223,
            0.41452064421334534,
            0.4133354326417065,
            0.4133288430101291,
            0.41332264011071596,
            0.4133168012431448,
            0.41331130503998403,
            0.4144065206145513,
            0.41544141115619504,
            0.4164191923804212,
            0.4184504425005684
        ],
        "prompts": [
            "N/A",
            "N/A",
            "N/A",
            "N/A",
            "N/A",
            "N/A",
            "N/A",
            "N/A",
            "N/A",
            "N/A",
            "N/A",
            "N/A",
            "N/A",
            "N/A",
            "N/A",
            "N/A",
            "N/A",
            "N/A",
            "N/A",
            "N/A",
            "N/A",
            "N/A",
            "N/A",
            "N/A",
            "N/A",
            "N/A",
            "N/A",
            "N/A",
            "N/A",
            "N/A",
            "N/A",
            "N/A",
            "N/A",
            "N/A",
            "N/A",
            "N/A",
            "N/A",
            "N/A",
            "N/A",
            "N/A",
            "N/A",
            "N/A",
            "N/A",
            "N/A",
            "N/A",
            "N/A",
            "N/A",
            "N/A",
            "N/A",
            "N/A",
            "N/A",
            "N/A",
            "N/A",
            "N/A",
            "N/A",
            "N/A",
            "N/A",
            "N/A",
            "N/A",
            "N/A",
            "N/A",
            "N/A",
            "N/A",
            "N/A",
            "N/A",
            "N/A",
            "N/A",
            "N/A"
        ],