{
    "wolf_id": 56,
    "beta": 0.1,
    "gamma": 1.5,
    "delta": 0.75,
    "alive": false,
    "born_at_step": 34,
    "died_at_step": 46,
    "thetas": [
        0.5,
        0.6123119944326751,
        0.537654986827657,
        0.4416121763233083,
        0.3584680208113865,
        0.30263763850755554,
        0.2672302915423738,
        0.24469566067502302,
        0.23109916654363896,
        0.22303731843506197,
        0.21908876183807077,
        0.2180541999369003,
        0.21915322372509863
    ],
    "decision_history": {
        "history_steps": [
            35,
            36,
            37,
            38,
            39,
            40,
            41,
            42,
            43,
            44,
            45,
            46
        ],
        "new_thetas": [
            0.6123119944326751,
            0.537654986827657,
            0.4416121763233083,
            0.3584680208113865,
            0.30263763850755554,
            0.2672302915423738,
            0.24469566067502302,
            0.23109916654363896,
            0.22303731843506197,
            0.21908876183807077,
            0.2180541999369003,
            0.21915322372509863
        ],
        "prompts": [
            "N/A",
            "N/A",
            "N/A",
            "N/A",
            "N/A",
            "N/A",
            "N/A",
            "N/A",
            "N/A",
            "N/A",
            "N/A",
            "N/A"
        ],
        "explanations": [
            "Calculated theta: 0.6123 based on sheep population: 98.71",
            "Calculated theta: 0.5377 based on sheep population: 72.68",
            "Calculated theta: 0.4416 based on sheep population: 49.43",
            "Calculated theta: 0.3585 based on sheep population: 34.92",
            "Calculated theta: 0.3026 based on sheep population: 27.12",
            "Calculated theta: 0.2672 based on sheep population: 22.79",
            "Calculated theta: 0.2447 based on sheep population: 20.25",
            "Calculated theta: 0.2311 based on sheep population: 18.78",
            "Calculated theta: 0.2230 based on sheep population: 17.94",
            "Calculated theta: 0.2191 based on sheep population: 17.53",
            "Calculated theta: 0.2181 based on sheep population: 17.43",
            "Calculated theta: 0.2192 based on sheep population: 17.54"
        ],
        "vocalizations": [
            "Calculated theta: 0.6123 based on sheep population: 98.71",
            "Calculated theta: 0.5377 based on sheep population: 72.68",
            "Calculated theta: 0.4416 based on sheep population: 49.43",
            "Calculated theta: 0.3585 based on sheep population: 34.92",
            "Calculated theta: 0.3026 based on sheep population: 27.12",
            "Calculated theta: 0.2672 based on sheep population: 22.79",
            "Calculated theta: 0.2447 based on sheep population: 20.25",
            "Calculated theta: 0.2311 based on sheep population: 18.78",
            "Calculated theta: 0.2230 based on sheep population: 17.94",
            "Calculated theta: 0.2191 based on sheep population: 17.53",
            "Calculated theta: 0.2181 based on sheep population: 17.43",
            "Calculated theta: 0.2192 based on sheep population: 17.54"
        ]
    }
}