{
    "wolf_id": 5,
    "beta": 0.1,
    "gamma": 1.5,
    "delta": 0.75,
    "alive": false,
    "born_at_step": 0,
    "died_at_step": 5,
    "thetas": [
        0.5,
        0.13793222354176063,
        0.14790204445637664,
        0.1585252106321853,
        0.16984925041714086,
        0.18192683631664314,
        0.19481633066031992
    ],
    "decision_history": {
        "history_steps": [
            0,
            1,
            2,
            3,
            4,
            5
        ],
        "new_thetas": [
            0.13793222354176063,
            0.14790204445637664,
            0.1585252106321853,
            0.16984925041714086,
            0.18192683631664314,
            0.19481633066031992
        ],
        "prompts": [
            "N/A",
            "N/A",
            "N/A",
            "N/A",
            "N/A",
            "N/A"
        ],
        "explanations": [
            "Calculated theta: 0.1379 based on sheep population: 10.00",
            "Calculated theta: 0.1479 based on sheep population: 10.85",
            "Calculated theta: 0.1585 based on sheep population: 11.77",
            "Calculated theta: 0.1698 based on sheep population: 12.79",
            "Calculated theta: 0.1819 based on sheep population: 13.90",
            "Calculated theta: 0.1948 based on sheep population: 15.12"
        ],
        "vocalizations": [
            "Calculated theta: 0.1379 based on sheep population: 10.00",
            "Calculated theta: 0.1479 based on sheep population: 10.85",
            "Calculated theta: 0.1585 based on sheep population: 11.77",
            "Calculated theta: 0.1698 based on sheep population: 12.79",
            "Calculated theta: 0.1819 based on sheep population: 13.90",
            "Calculated theta: 0.1948 based on sheep population: 15.12"
        ]
    }
}