{
    "wolf_id": 143,
    "beta": 0.1,
    "gamma": 1.5,
    "delta": 0.75,
    "alive": false,
    "born_at_step": 119,
    "died_at_step": 179,
    "thetas": [
        0.5,
        0.5012136555987906,
        0.4915724639157515,
        0.4798105476457576,
        0.4662213466638255,
        0.45112826629105063,
        0.43617274578664855,
        0.42145323643841076,
        0.40823818026230974,
        0.39636274003547994,
        0.38567831870850344,
        0.3770875168484381,
        0.37029952631339874,
        0.36508036056961846,
        0.3612417827638508,
        0.3595554826906975,
        0.35890247977406126,
        0.3601081264393775,
        0.36215071393132897,
        0.3649930046052152,
        0.3695266776732768,
        0.3747870332662547,
        0.3807728201118897,
        0.38652090172632,
        0.3930243789019874,
        0.40029046642773264,
        0.40730097320484576,
        0.4151136179472905,
        0.42266438561078773,
        0.42995523278001757,
        0.4369891240947533,
        0.4437698866033095,
        0.45030207474752154,
        0.4565908465643946,
        0.4626418512996597,
        0.46846112832081144,
        0.4727957343353042,
        0.47694733791925137,
        0.4796304652514584,
        0.4808836414510852,
        0.48075762524789606,
        0.47931409156009697,
        0.47662447334604396,
        0.4727688876564468,
        0.46651114798863863,
        0.4593760799197901,
        0.451468498979932,
        0.44289533199026476,
        0.43500297190305504,
        0.4265260122062738,
        0.4187488148308445,
        0.4116098375044824,
        0.4050528236471555,
        0.39902651796119,
        0.39348432811204354,
        0.3894325807286291,
        0.38671521211740456,
        0.38520629147999713,
        0.3848047440919305,
        0.3854301150205979,
        0.38601846070960927
    ],
    "decision_history": {
        "history_steps": [
            120,
            121,
            122,
            123,
            124,
            125,
            126,
            127,
            128,
            129,
            130,
            131,
            132,
            133,
            134,
            135,
            136,
            137,
            138,
            139,
            140,
            141,
            142,
            143,
            144,
            145,
            146,
            147,
            148,
            149,
            150,
            151,
            152,
            153,
            154,
            155,
            156,
            157,
            158,
            159,
            160,
            161,
            162,
            163,
            164,
            165,
            166,
            167,
            168,
            169,
            170,
            171,
            172,
            173,
            174,
            175,
            176,
            177,
            178,
            179
        ],
        "new_thetas": [
            0.5012136555987906,
            0.4915724639157515,
            0.4798105476457576,
            0.4662213466638255,
            0.45112826629105063,
            0.43617274578664855,
            0.42145323643841076,
            0.40823818026230974,
            0.39636274003547994,
            0.38567831870850344,
            0.3770875168484381,
            0.37029952631339874,
            0.36508036056961846,
            0.3612417827638508,
            0.3595554826906975,
            0.35890247977406126,
            0.3601081264393775,
            0.36215071393132897,
            0.3649930046052152,
            0.3695266776732768,
            0.3747870332662547,
            0.3807728201118897,
            0.38652090172632,
            0.3930243789019874,
            0.40029046642773264,
            0.40730097320484576,
            0.4151136179472905,
            0.42266438561078773,
            0.42995523278001757,
            0.4369891240947533,
            0.4437698866033095,
            0.45030207474752154,
            0.4565908465643946,
            0.4626418512996597,
            0.46846112832081144,
            0.4727957343353042,
            0.47694733791925137,
            0.4796304652514584,
            0.4808836414510852,
            0.48075762524789606,
            0.47931409156009697,
            0.47662447334604396,
            0.4727688876564468,
            0.46651114798863863,
            0.4593760799197901,
            0.451468498979932,
            0.44289533199026476,
            0.43500297190305504,
            0.4265260122062738,
            0.4187488148308445,
            0.4116098375044824,
            0.4050528236471555,
            0.39902651796119,
            0.39348432811204354,
            0.3894325807286291,
            0.38671521211740456,
            0.38520629147999713,
            0.3848047440919305,
            0.3854301150205979,
            0.38601846070960927
        ],
        "prompts": [
            "N/A",
            "N/A",
            "N/A",
            "N/A",
            "N/A",
            "N/A",
            "N/A",
            "N/A",
            "N/A",
            "N/A",
            "N/A",
            "N/A",
            "N/A",
            "N/A",
            "N/A",
            "N/A",
            "N/A",
            "N/A",
            "N/A",
            "N/A",
            "N/A",
            "N/A",
            "N/A",
            "N/A",
            "N/A",
            "N/A",
            "N/A",
            "N/A",
            "N/A",
            "N/A",
            "N/A",
            "N/A",
            "N/A",
            "N/A",
            "N/A",
            "N/A",
            "N/A",
            "N/A",
            "N/A",
            "N/A",
            "N/A",
            "N/A",
            "N/A",
            "N/A",
            "N/A",
            "N/A",
            "N/A",
            "N/A",
            "N/A",
            "N/A",
            "N/A",
            "N/A",
            "N/A",
            "N/A",
            "N/A",
            "N/A",
            "N/A",
            "N/A",
            "N/A",
            "N/A"
        ],