{
    "wolf_id": 3,
    "beta": 0.1,
    "gamma": 1.5,
    "delta": 0.75,
    "alive": false,
    "born_at_step": 0,
    "died_at_step": 2,
    "thetas": [
        0.8432497554309353,
        0.003984460563959935,
        0.0043793834760752675,
        0.004813284858483329
    ],
    "decision_history": {
        "history_steps": [
            0,
            1,
            2
        ],
        "new_thetas": [
            0.003984460563959935,
            0.0043793834760752675,
            0.004813284858483329
        ],
        "prompts": [
            "N/A",
            "N/A",
            "N/A"
        ],
        "explanations": [
            "Calculated theta: 0.0040 based on sheep population: 1.00",
            "Calculated theta: 0.0044 based on sheep population: 1.10",
            "Calculated theta: 0.0048 based on sheep population: 1.21"
        ],
        "vocalizations": [
            "Calculated theta: 0.0040 based on sheep population: 1.00",
            "Calculated theta: 0.0044 based on sheep population: 1.10",
            "Calculated theta: 0.0048 based on sheep population: 1.21"
        ]
    }
}