{
    "wolf_id": 9,
    "beta": 0.1,
    "gamma": 1.5,
    "delta": 0.75,
    "alive": false,
    "born_at_step": 0,
    "died_at_step": 17,
    "thetas": [
        0.4092894609355421,
        0.003984460563959935,
        0.0043793834760752675,
        0.004813284858483329,
        0.005289999714065167,
        0.005814048422922141,
        0.006389482274050233,
        0.007021675052843517,
        0.0077162325463651284,
        0.008479325533993965,
        0.009316968185726675,
        0.010237197719063618,
        0.011247084897267952,
        0.012355109976316824,
        0.013570502905716346,
        0.014905291605212338,
        0.01636897978714405,
        0.017973523968592926,
        0.01973188937148033
    ],
    "decision_history": {
        "history_steps": [
            0,
            1,
            2,
            3,
            4,
            5,
            6,
            7,
            8,
            9,
            10,
            11,
            12,
            13,
            14,
            15,
            16,
            17
        ],
        "new_thetas": [
            0.003984460563959935,
            0.0043793834760752675,
            0.004813284858483329,
            0.005289999714065167,
            0.005814048422922141,
            0.006389482274050233,
            0.007021675052843517,
            0.0077162325463651284,
            0.008479325533993965,
            0.009316968185726675,
            0.010237197719063618,
            0.011247084897267952,
            0.012355109976316824,
            0.013570502905716346,
            0.014905291605212338,
            0.01636897978714405,
            0.017973523968592926,
            0.01973188937148033
        ],
        "prompts": [
            "N/A",
            "N/A",
            "N/A",
            "N/A",
            "N/A",
            "N/A",
            "N/A",
            "N/A",
            "N/A",
            "N/A",
            "N/A",
            "N/A",
            "N/A",
            "N/A",
            "N/A",
            "N/A",
            "N/A",
            "N/A"
        ],
        "explanations": [
            "Calculated theta: 0.0040 based on sheep population: 1.00",
            "Calculated theta: 0.0044 based on sheep population: 1.10",
            "Calculated theta: 0.0048 based on sheep population: 1.21",
            "Calculated theta: 0.0053 based on sheep population: 1.33",
            "Calculated theta: 0.0058 based on sheep population: 1.46",
            "Calculated theta: 0.0064 based on sheep population: 1.61",
            "Calculated theta: 0.0070 based on sheep population: 1.77",
            "Calculated theta: 0.0077 based on sheep population: 1.94",
            "Calculated theta: 0.0085 based on sheep population: 2.14",
            "Calculated theta: 0.0093 based on sheep population: 2.35",
            "Calculated theta: 0.0102 based on sheep population: 2.59",
            "Calculated theta: 0.0112 based on sheep population: 2.84",
            "Calculated theta: 0.0124 based on sheep population: 3.13",
            "Calculated theta: 0.0136 based on sheep population: 3.44",
            "Calculated theta: 0.0149 based on sheep population: 3.78",
            "Calculated theta: 0.0164 based on sheep population: 4.16",
            "Calculated theta: 0.0180 based on sheep population: 4.58",
            "Calculated theta: 0.0197 based on sheep population: 5.03"
        ],
        "vocalizations": [
            "Calculated theta: 0.0040 based on sheep population: 1.00",
            "Calculated theta: 0.0044 based on sheep population: 1.10",
            "Calculated theta: 0.0048 based on sheep population: 1.21",
            "Calculated theta: 0.0053 based on sheep population: 1.33",
            "Calculated theta: 0.0058 based on sheep population: 1.46",
            "Calculated theta: 0.0064 based on sheep population: 1.61",
            "Calculated theta: 0.0070 based on sheep population: 1.77",
            "Calculated theta: 0.0077 based on sheep population: 1.94",
            "Calculated theta: 0.0085 based on sheep population: 2.14",
            "Calculated theta: 0.0093 based on sheep population: 2.35",
            "Calculated theta: 0.0102 based on sheep population: 2.59",
            "Calculated theta: 0.0112 based on sheep population: 2.84",
            "Calculated theta: 0.0124 based on sheep population: 3.13",
            "Calculated theta: 0.0136 based on sheep population: 3.44",
            "Calculated theta: 0.0149 based on sheep population: 3.78",
            "Calculated theta: 0.0164 based on sheep population: 4.16",
            "Calculated theta: 0.0180 based on sheep population: 4.58",
            "Calculated theta: 0.0197 based on sheep population: 5.03"
        ]
    }
}