{
    "wolf_id": 3,
    "beta": 0.1,
    "gamma": 1.5,
    "delta": 0.75,
    "alive": false,
    "born_at_step": 0,
    "died_at_step": 3,
    "thetas": [
        0.04069675127711392,
        0.031008127516229642,
        0.03390160176117893,
        0.03705653223926253,
        0.040496138216456326
    ],
    "decision_history": {
        "history_steps": [
            0,
            1,
            2,
            3
        ],
        "new_thetas": [
            0.031008127516229642,
            0.03390160176117893,
            0.03705653223926253,
            0.040496138216456326
        ],
        "prompts": [
            "N/A",
            "N/A",
            "N/A",
            "N/A"
        ],
        "explanations": [
            "Calculated theta: 0.0310 based on sheep population: 8.00",
            "Calculated theta: 0.0339 based on sheep population: 8.77",
            "Calculated theta: 0.0371 based on sheep population: 9.62",
            "Calculated theta: 0.0405 based on sheep population: 10.55"
        ],
        "vocalizations": [
            "Calculated theta: 0.0310 based on sheep population: 8.00",
            "Calculated theta: 0.0339 based on sheep population: 8.77",
            "Calculated theta: 0.0371 based on sheep population: 9.62",
            "Calculated theta: 0.0405 based on sheep population: 10.55"
        ]
    }
}