{
    "wolf_id": 44,
    "beta": 0.1,
    "gamma": 1.5,
    "delta": 0.75,
    "alive": false,
    "born_at_step": 141,
    "died_at_step": 156,
    "thetas": [
        0.4343200874003711,
        0.9776804043180839,
        0.9762570484258455,
        0.9738777416255946,
        0.9702581232960936,
        0.964947551780662,
        0.9572505880330169,
        0.9467905064459872,
        0.9342056627396361,
        0.9192724971630631,
        0.9018336248588956,
        0.884324195444518,
        0.8675532400358691,
        0.8522354760701866,
        0.8403300978407114,
        0.8308967308309791
    ],
    "decision_history": {
        "history_steps": [
            142,
            143,
            144,
            145,
            146,
            147,
            148,
            149,
            150,
            151,
            152,
            153,
            154,
            155,
            156
        ],
        "new_thetas": [
            0.9776804043180839,
            0.9762570484258455,
            0.9738777416255946,
            0.9702581232960936,
            0.964947551780662,
            0.9572505880330169,
            0.9467905064459872,
            0.9342056627396361,
            0.9192724971630631,
            0.9018336248588956,
            0.884324195444518,
            0.8675532400358691,
            0.8522354760701866,
            0.8403300978407114,
            0.8308967308309791
        ],
        "prompts": [
            "N/A",
            "N/A",
            "N/A",
            "N/A",
            "N/A",
            "N/A",
            "N/A",
            "N/A",
            "N/A",
            "N/A",
            "N/A",
            "N/A",
            "N/A",
            "N/A",
            "N/A"
        ],
        "explanations": [
            "Calculated theta: 0.9777 based on sheep population: 48.18",
            "Calculated theta: 0.9763 based on sheep population: 45.23",
            "Calculated theta: 0.9739 based on sheep population: 41.01",
            "Calculated theta: 0.9703 based on sheep population: 35.88",
            "Calculated theta: 0.9649 based on sheep population: 30.28",
            "Calculated theta: 0.9573 based on sheep population: 24.63",
            "Calculated theta: 0.9468 based on sheep population: 19.57",
            "Calculated theta: 0.9342 based on sheep population: 15.62",
            "Calculated theta: 0.9193 based on sheep population: 12.53",
            "Calculated theta: 0.9018 based on sheep population: 10.11",
            "Calculated theta: 0.8843 based on sheep population: 8.41",
            "Calculated theta: 0.8676 based on sheep population: 7.21",
            "Calculated theta: 0.8522 based on sheep population: 6.34",
            "Calculated theta: 0.8403 based on sheep population: 5.79",
            "Calculated theta: 0.8309 based on sheep population: 5.40"
        ],
        "vocalizations": [
            "Calculated theta: 0.9777 based on sheep population: 48.18",
            "Calculated theta: 0.9763 based on sheep population: 45.23",
            "Calculated theta: 0.9739 based on sheep population: 41.01",
            "Calculated theta: 0.9703 based on sheep population: 35.88",
            "Calculated theta: 0.9649 based on sheep population: 30.28",
            "Calculated theta: 0.9573 based on sheep population: 24.63",
            "Calculated theta: 0.9468 based on sheep population: 19.57",
            "Calculated theta: 0.9342 based on sheep population: 15.62",
            "Calculated theta: 0.9193 based on sheep population: 12.53",
            "Calculated theta: 0.9018 based on sheep population: 10.11",
            "Calculated theta: 0.8843 based on sheep population: 8.41",
            "Calculated theta: 0.8676 based on sheep population: 7.21",
            "Calculated theta: 0.8522 based on sheep population: 6.34",
            "Calculated theta: 0.8403 based on sheep population: 5.79",
            "Calculated theta: 0.8309 based on sheep population: 5.40"
        ]
    }
}