{
    "wolf_id": 72,
    "beta": 0.1,
    "gamma": 1.5,
    "delta": 0.75,
    "alive": false,
    "born_at_step": 201,
    "died_at_step": 210,
    "thetas": [
        0.7861441099179423,
        0.9866177002674164,
        0.9852280402312644,
        0.9820053889526589,
        0.9748792472686778,
        0.9592586922054256,
        0.925836212495609,
        0.8686363145620453,
        0.794319493623519,
        0.7243996138705238
    ],
    "decision_history": {
        "history_steps": [
            202,
            203,
            204,
            205,
            206,
            207,
            208,
            209,
            210
        ],
        "new_thetas": [
            0.9866177002674164,
            0.9852280402312644,
            0.9820053889526589,
            0.9748792472686778,
            0.9592586922054256,
            0.925836212495609,
            0.8686363145620453,
            0.794319493623519,
            0.7243996138705238
        ],
        "prompts": [
            "N/A",
            "N/A",
            "N/A",
            "N/A",
            "N/A",
            "N/A",
            "N/A",
            "N/A",
            "N/A"
        ],
        "explanations": [
            "Calculated theta: 0.9866 based on sheep population: 81.10",
            "Calculated theta: 0.9852 based on sheep population: 73.37",
            "Calculated theta: 0.9820 based on sheep population: 60.03",
            "Calculated theta: 0.9749 based on sheep population: 42.69",
            "Calculated theta: 0.9593 based on sheep population: 25.90",
            "Calculated theta: 0.9258 based on sheep population: 13.73",
            "Calculated theta: 0.8686 based on sheep population: 7.27",
            "Calculated theta: 0.7943 based on sheep population: 4.25",
            "Calculated theta: 0.7244 based on sheep population: 2.89"
        ],
        "vocalizations": [
            "Calculated theta: 0.9866 based on sheep population: 81.10",
            "Calculated theta: 0.9852 based on sheep population: 73.37",
            "Calculated theta: 0.9820 based on sheep population: 60.03",
            "Calculated theta: 0.9749 based on sheep population: 42.69",
            "Calculated theta: 0.9593 based on sheep population: 25.90",
            "Calculated theta: 0.9258 based on sheep population: 13.73",
            "Calculated theta: 0.8686 based on sheep population: 7.27",
            "Calculated theta: 0.7943 based on sheep population: 4.25",
            "Calculated theta: 0.7244 based on sheep population: 2.89"
        ]
    }
}