{
    "wolf_id": 14,
    "beta": 0.1,
    "gamma": 1.5,
    "delta": 0.75,
    "alive": false,
    "born_at_step": 34,
    "died_at_step": 98,
    "thetas": [
        0.5707504139930818,
        0.9623204927057172,
        0.9613143614698811,
        0.9598689056597388,
        0.9583803461650453,
        0.9563913700700631,
        0.9543258918393013,
        0.9521826786804121,
        0.949432887670894,
        0.9465581877018402,
        0.9435565620956792,
        0.9404263611110356,
        0.9371663402029136,
        0.9337756971179639,
        0.9309515842774063,
        0.9280466939984301,
        0.9257940367889216,
        0.9242365730567413,
        0.9226641544083277,
        0.9218243992290982,
        0.9217233303772695,
        0.9216229461574811,
        0.9222505965324297,
        0.9228692566760576,
        0.9241837794917223,
        0.9254698766168704,
        0.9274007775910345,
        0.9292759776232541,
        0.9317291404603434,
        0.9340936499560778,
        0.9363729056306266,
        0.938570167868949,
        0.941238328462693,
        0.9437901138297533,
        0.9462306033861317,
        0.948564659240078,
        0.9507969345227444,
        0.9529318815614837,
        0.9549737598711597,
        0.9569266439443292,
        0.9587944308258266,
        0.9605808474612397,
        0.9622894578120954,
        0.9639236697333791,
        0.9654867416113502,
        0.9669817887615526,
        0.9680978695096423,
        0.9691753033857492,
        0.9699151294639596,
        0.9706361534628404,
        0.9710460184022653,
        0.9711543190799621,
        0.9709617949543484,
        0.9704602526398397,
        0.9693051985377964,
        0.967765672955941,
        0.9657897805346933,
        0.9629018770575937,
        0.9593538256998788,
        0.955016546457662,
        0.9497307134883788,
        0.9439294349998534,
        0.9375865342990886,
        0.9306797551637342,
        0.9231919179022001
    ],
    "decision_history": {
        "history_steps": [
            35,
            36,
            37,
            38,
            39,
            40,
            41,
            42,
            43,
            44,
            45,
            46,
            47,
            48,
            49,
            50,
            51,
            52,
            53,
            54,
            55,
            56,
            57,
            58,
            59,
            60,
            61,
            62,
            63,
            64,
            65,
            66,
            67,
            68,
            69,
            70,
            71,
            72,
            73,
            74,
            75,
            76,
            77,
            78,
            79,
            80,
            81,
            82,
            83,
            84,
            85,
            86,
            87,
            88,
            89,
            90,
            91,
            92,
            93,
            94,
            95,
            96,
            97,
            98
        ],
        "new_thetas": [
            0.9623204927057172,
            0.9613143614698811,
            0.9598689056597388,
            0.9583803461650453,
            0.9563913700700631,
            0.9543258918393013,
            0.9521826786804121,
            0.949432887670894,
            0.9465581877018402,
            0.9435565620956792,
            0.9404263611110356,
            0.9371663402029136,
            0.9337756971179639,
            0.9309515842774063,
            0.9280466939984301,
            0.9257940367889216,
            0.9242365730567413,
            0.9226641544083277,
            0.9218243992290982,
            0.9217233303772695,
            0.9216229461574811,
            0.9222505965324297,
            0.9228692566760576,
            0.9241837794917223,
            0.9254698766168704,
            0.9274007775910345,
            0.9292759776232541,
            0.9317291404603434,
            0.9340936499560778,
            0.9363729056306266,
            0.938570167868949,
            0.941238328462693,
            0.9437901138297533,
            0.9462306033861317,
            0.948564659240078,
            0.9507969345227444,
            0.9529318815614837,
            0.9549737598711597,
            0.9569266439443292,
            0.9587944308258266,
            0.9605808474612397,
            0.9622894578120954,
            0.9639236697333791,
            0.9654867416113502,
            0.9669817887615526,
            0.9680978695096423,
            0.9691753033857492,
            0.9699151294639596,
            0.9706361534628404,
            0.9710460184022653,
            0.9711543190799621,
            0.9709617949543484,
            0.9704602526398397,
            0.9693051985377964,
            0.967765672955941,
            0.9657897805346933,
            0.9629018770575937,
            0.9593538256998788,
            0.955016546457662,
            0.9497307134883788,
            0.9439294349998534,
            0.9375865342990886,
            0.9306797551637342,
            0.9231919179022001
        ],
        "prompts": [
            "N/A",
            "N/A",
            "N/A",
            "N/A",
            "N/A",
            "N/A",
            "N/A",
            "N/A",
            "N/A",
            "N/A",
            "N/A",
            "N/A",
            "N/A",
            "N/A",
            "N/A",
            "N/A",
            "N/A",
            "N/A",
            "N/A",
            "N/A",
            "N/A",
            "N/A",
            "N/A",
            "N/A",
            "N/A",
            "N/A",
            "N/A",
            "N/A",
            "N/A",
            "N/A",
            "N/A",
            "N/A",
            "N/A",
            "N/A",
            "N/A",
            "N/A",
            "N/A",
            "N/A",
            "N/A",
            "N/A",
            "N/A",
            "N/A",
            "N/A",
            "N/A",
            "N/A",
            "N/A",
            "N/A",
            "N/A",
            "N/A",
            "N/A",
            "N/A",
            "N/A",
            "N/A",
            "N/A",
            "N/A",
            "N/A",
            "N/A",
            "N/A",
            "N/A",
            "N/A",
            "N/A",
            "N/A",
            "N/A",
            "N/A"
        ],