{
    "wolf_id": 33,
    "beta": 0.1,
    "gamma": 1.5,
    "delta": 0.75,
    "alive": false,
    "born_at_step": 133,
    "died_at_step": 151,
    "thetas": [
        0.4594465322287151,
        0.9730735500364173,
        0.9744928891666067,
        0.9758378774685894,
        0.976882984117862,
        0.9776583380826751,
        0.9781855489715401,
        0.9784785844386222,
        0.9783166452516341,
        0.9776804043180839,
        0.9762570484258455,
        0.9738777416255946,
        0.9702581232960936,
        0.964947551780662,
        0.9572505880330169,
        0.9467905064459872,
        0.9342056627396361,
        0.9192724971630631,
        0.9018336248588956
    ],
    "decision_history": {
        "history_steps": [
            134,
            135,
            136,
            137,
            138,
            139,
            140,
            141,
            142,
            143,
            144,
            145,
            146,
            147,
            148,
            149,
            150,
            151
        ],
        "new_thetas": [
            0.9730735500364173,
            0.9744928891666067,
            0.9758378774685894,
            0.976882984117862,
            0.9776583380826751,
            0.9781855489715401,
            0.9784785844386222,
            0.9783166452516341,
            0.9776804043180839,
            0.9762570484258455,
            0.9738777416255946,
            0.9702581232960936,
            0.964947551780662,
            0.9572505880330169,
            0.9467905064459872,
            0.9342056627396361,
            0.9192724971630631,
            0.9018336248588956
        ],
        "prompts": [
            "N/A",
            "N/A",
            "N/A",
            "N/A",
            "N/A",
            "N/A",
            "N/A",
            "N/A",
            "N/A",
            "N/A",
            "N/A",
            "N/A",
            "N/A",
            "N/A",
            "N/A",
            "N/A",
            "N/A",
            "N/A"
        ],
        "explanations": [
            "Calculated theta: 0.9731 based on sheep population: 39.75",
            "Calculated theta: 0.9745 based on sheep population: 42.03",
            "Calculated theta: 0.9758 based on sheep population: 44.43",
            "Calculated theta: 0.9769 based on sheep population: 46.48",
            "Calculated theta: 0.9777 based on sheep population: 48.14",
            "Calculated theta: 0.9782 based on sheep population: 49.33",
            "Calculated theta: 0.9785 based on sheep population: 50.01",
            "Calculated theta: 0.9783 based on sheep population: 49.63",
            "Calculated theta: 0.9777 based on sheep population: 48.18",
            "Calculated theta: 0.9763 based on sheep population: 45.23",
            "Calculated theta: 0.9739 based on sheep population: 41.01",
            "Calculated theta: 0.9703 based on sheep population: 35.88",
            "Calculated theta: 0.9649 based on sheep population: 30.28",
            "Calculated theta: 0.9573 based on sheep population: 24.63",
            "Calculated theta: 0.9468 based on sheep population: 19.57",
            "Calculated theta: 0.9342 based on sheep population: 15.62",
            "Calculated theta: 0.9193 based on sheep population: 12.53",
            "Calculated theta: 0.9018 based on sheep population: 10.11"
        ],
        "vocalizations": [
            "Calculated theta: 0.9731 based on sheep population: 39.75",
            "Calculated theta: 0.9745 based on sheep population: 42.03",
            "Calculated theta: 0.9758 based on sheep population: 44.43",
            "Calculated theta: 0.9769 based on sheep population: 46.48",
            "Calculated theta: 0.9777 based on sheep population: 48.14",
            "Calculated theta: 0.9782 based on sheep population: 49.33",
            "Calculated theta: 0.9785 based on sheep population: 50.01",
            "Calculated theta: 0.9783 based on sheep population: 49.63",
            "Calculated theta: 0.9777 based on sheep population: 48.18",
            "Calculated theta: 0.9763 based on sheep population: 45.23",
            "Calculated theta: 0.9739 based on sheep population: 41.01",
            "Calculated theta: 0.9703 based on sheep population: 35.88",
            "Calculated theta: 0.9649 based on sheep population: 30.28",
            "Calculated theta: 0.9573 based on sheep population: 24.63",
            "Calculated theta: 0.9468 based on sheep population: 19.57",
            "Calculated theta: 0.9342 based on sheep population: 15.62",
            "Calculated theta: 0.9193 based on sheep population: 12.53",
            "Calculated theta: 0.9018 based on sheep population: 10.11"
        ]
    }
}