{
    "wolf_id": 31,
    "beta": 0.1,
    "gamma": 1.5,
    "delta": 0.75,
    "alive": false,
    "born_at_step": 44,
    "died_at_step": 51,
    "thetas": [
        0.3471690213474403,
        0.9592693048871725,
        0.9526708110869977,
        0.9354408527617865,
        0.8922318848734468,
        0.8099532410571882,
        0.7112487164078704,
        0.6506704727535243
    ],
    "decision_history": {
        "history_steps": [
            45,
            46,
            47,
            48,
            49,
            50,
            51
        ],
        "new_thetas": [
            0.9592693048871725,
            0.9526708110869977,
            0.9354408527617865,
            0.8922318848734468,
            0.8099532410571882,
            0.7112487164078704,
            0.6506704727535243
        ],
        "prompts": [
            "N/A",
            "N/A",
            "N/A",
            "N/A",
            "N/A",
            "N/A",
            "N/A"
        ],
        "explanations": [
            "Calculated theta: 0.9593 based on sheep population: 51.81",
            "Calculated theta: 0.9527 based on sheep population: 44.28",
            "Calculated theta: 0.9354 based on sheep population: 31.88",
            "Calculated theta: 0.8922 based on sheep population: 18.21",
            "Calculated theta: 0.8100 based on sheep population: 9.38",
            "Calculated theta: 0.7112 based on sheep population: 5.42",
            "Calculated theta: 0.6507 based on sheep population: 4.10"
        ],
        "vocalizations": [
            "Calculated theta: 0.9593 based on sheep population: 51.81",
            "Calculated theta: 0.9527 based on sheep population: 44.28",
            "Calculated theta: 0.9354 based on sheep population: 31.88",
            "Calculated theta: 0.8922 based on sheep population: 18.21",
            "Calculated theta: 0.8100 based on sheep population: 9.38",
            "Calculated theta: 0.7112 based on sheep population: 5.42",
            "Calculated theta: 0.6507 based on sheep population: 4.10"
        ]
    }
}