{
    "wolf_id": 65,
    "beta": 0.1,
    "gamma": 1.5,
    "delta": 0.75,
    "alive": false,
    "born_at_step": 76,
    "died_at_step": 80,
    "thetas": [
        0.4255949743243882,
        0.979065452194399,
        0.973985207017653,
        0.9210791954017062,
        4.545247943275306e-05
    ],
    "decision_history": {
        "history_steps": [
            77,
            78,
            79,
            80
        ],
        "new_thetas": [
            0.979065452194399,
            0.973985207017653,
            0.9210791954017062,
            4.545247943275306e-05
        ],
        "prompts": [
            "N/A",
            "N/A",
            "N/A",
            "N/A"
        ],
        "explanations": [
            "Calculated theta: 0.9791 based on sheep population: 102.89",
            "Calculated theta: 0.9740 based on sheep population: 82.37",
            "Calculated theta: 0.9211 based on sheep population: 25.68",
            "Calculated theta: 0.0000 based on sheep population: 0.00"
        ],
        "vocalizations": [
            "Calculated theta: 0.9791 based on sheep population: 102.89",
            "Calculated theta: 0.9740 based on sheep population: 82.37",
            "Calculated theta: 0.9211 based on sheep population: 25.68",
            "Calculated theta: 0.0000 based on sheep population: 0.00"
        ]
    }
}