{
    "wolf_id": 19,
    "beta": 0.1,
    "gamma": 1.5,
    "delta": 0.75,
    "alive": false,
    "born_at_step": 20,
    "died_at_step": 49,
    "thetas": [
        0.27820422333278827,
        0.9127956234774453,
        0.8989066643192296,
        0.8810812919037464,
        0.8616395753572305,
        0.8440549633787103,
        0.8322153240992858,
        0.8264858256579828,
        0.826721179080876,
        0.8324380691749326,
        0.840428003152684,
        0.8527018530993655,
        0.8640267474794049,
        0.8765155423319706,
        0.8897446630503663,
        0.9016411441096985,
        0.9123200952030088,
        0.9218912223032493,
        0.9304578526313574,
        0.9381163844409383,
        0.9449560574947649,
        0.951058959307795,
        0.9556443685590903,
        0.958988373062038,
        0.9604629066103498,
        0.9592693048871725,
        0.9526708110869977,
        0.9354408527617865,
        0.8922318848734468,
        0.8099532410571882
    ],
    "decision_history": {
        "history_steps": [
            21,
            22,
            23,
            24,
            25,
            26,
            27,
            28,
            29,
            30,
            31,
            32,
            33,
            34,
            35,
            36,
            37,
            38,
            39,
            40,
            41,
            42,
            43,
            44,
            45,
            46,
            47,
            48,
            49
        ],
        "new_thetas": [
            0.9127956234774453,
            0.8989066643192296,
            0.8810812919037464,
            0.8616395753572305,
            0.8440549633787103,
            0.8322153240992858,
            0.8264858256579828,
            0.826721179080876,
            0.8324380691749326,
            0.840428003152684,
            0.8527018530993655,
            0.8640267474794049,
            0.8765155423319706,
            0.8897446630503663,
            0.9016411441096985,
            0.9123200952030088,
            0.9218912223032493,
            0.9304578526313574,
            0.9381163844409383,
            0.9449560574947649,
            0.951058959307795,
            0.9556443685590903,
            0.958988373062038,
            0.9604629066103498,
            0.9592693048871725,
            0.9526708110869977,
            0.9354408527617865,
            0.8922318848734468,
            0.8099532410571882
        ],
        "prompts": [
            "N/A",
            "N/A",
            "N/A",
            "N/A",
            "N/A",
            "N/A",
            "N/A",
            "N/A",
            "N/A",
            "N/A",
            "N/A",
            "N/A",
            "N/A",
            "N/A",
            "N/A",
            "N/A",
            "N/A",
            "N/A",
            "N/A",
            "N/A",
            "N/A",
            "N/A",
            "N/A",
            "N/A",
            "N/A",
            "N/A",
            "N/A",
            "N/A",
            "N/A"
        ],
        "explanations": [
            "Calculated theta: 0.9128 based on sheep population: 23.03",
            "Calculated theta: 0.8989 based on sheep population: 19.56",
            "Calculated theta: 0.8811 based on sheep population: 16.30",
            "Calculated theta: 0.8616 based on sheep population: 13.70",
            "Calculated theta: 0.8441 based on sheep population: 11.91",
            "Calculated theta: 0.8322 based on sheep population: 10.91",
            "Calculated theta: 0.8265 based on sheep population: 10.48",
            "Calculated theta: 0.8267 based on sheep population: 10.50",
            "Calculated theta: 0.8324 based on sheep population: 10.93",
            "Calculated theta: 0.8404 based on sheep population: 11.59",
            "Calculated theta: 0.8527 based on sheep population: 12.74",
            "Calculated theta: 0.8640 based on sheep population: 13.98",
            "Calculated theta: 0.8765 based on sheep population: 15.62",
            "Calculated theta: 0.8897 based on sheep population: 17.75",
            "Calculated theta: 0.9016 based on sheep population: 20.17",
            "Calculated theta: 0.9123 based on sheep population: 22.89",
            "Calculated theta: 0.9219 based on sheep population: 25.97",
            "Calculated theta: 0.9305 based on sheep population: 29.44",
            "Calculated theta: 0.9381 based on sheep population: 33.35",
            "Calculated theta: 0.9450 based on sheep population: 37.77",
            "Calculated theta: 0.9511 based on sheep population: 42.75",
            "Calculated theta: 0.9556 based on sheep population: 47.40",
            "Calculated theta: 0.9590 based on sheep population: 51.44",
            "Calculated theta: 0.9605 based on sheep population: 53.44",
            "Calculated theta: 0.9593 based on sheep population: 51.81",
            "Calculated theta: 0.9527 based on sheep population: 44.28",
            "Calculated theta: 0.9354 based on sheep population: 31.88",
            "Calculated theta: 0.8922 based on sheep population: 18.21",
            "Calculated theta: 0.8100 based on sheep population: 9.38"
        ],
        "vocalizations": [
            "Calculated theta: 0.9128 based on sheep population: 23.03",
            "Calculated theta: 0.8989 based on sheep population: 19.56",
            "Calculated theta: 0.8811 based on sheep population: 16.30",
            "Calculated theta: 0.8616 based on sheep population: 13.70",
            "Calculated theta: 0.8441 based on sheep population: 11.91",
            "Calculated theta: 0.8322 based on sheep population: 10.91",
            "Calculated theta: 0.8265 based on sheep population: 10.48",
            "Calculated theta: 0.8267 based on sheep population: 10.50",
            "Calculated theta: 0.8324 based on sheep population: 10.93",
            "Calculated theta: 0.8404 based on sheep population: 11.59",
            "Calculated theta: 0.8527 based on sheep population: 12.74",
            "Calculated theta: 0.8640 based on sheep population: 13.98",
            "Calculated theta: 0.8765 based on sheep population: 15.62",
            "Calculated theta: 0.8897 based on sheep population: 17.75",
            "Calculated theta: 0.9016 based on sheep population: 20.17",
            "Calculated theta: 0.9123 based on sheep population: 22.89",
            "Calculated theta: 0.9219 based on sheep population: 25.97",
            "Calculated theta: 0.9305 based on sheep population: 29.44",
            "Calculated theta: 0.9381 based on sheep population: 33.35",
            "Calculated theta: 0.9450 based on sheep population: 37.77",
            "Calculated theta: 0.9511 based on sheep population: 42.75",
            "Calculated theta: 0.9556 based on sheep population: 47.40",
            "Calculated theta: 0.9590 based on sheep population: 51.44",
            "Calculated theta: 0.9605 based on sheep population: 53.44",
            "Calculated theta: 0.9593 based on sheep population: 51.81",
            "Calculated theta: 0.9527 based on sheep population: 44.28",
            "Calculated theta: 0.9354 based on sheep population: 31.88",
            "Calculated theta: 0.8922 based on sheep population: 18.21",
            "Calculated theta: 0.8100 based on sheep population: 9.38"
        ]
    }
}