{
    "wolf_id": 4,
    "beta": 0.1,
    "gamma": 1.5,
    "delta": 0.75,
    "alive": false,
    "born_at_step": 0,
    "died_at_step": 4,
    "thetas": [
        0.5,
        0.09836139478574198,
        0.10620163347867008,
        0.11461587331742787,
        0.12364710763068835,
        0.13334276260837907
    ],
    "decision_history": {
        "history_steps": [
            0,
            1,
            2,
            3,
            4
        ],
        "new_thetas": [
            0.09836139478574198,
            0.10620163347867008,
            0.11461587331742787,
            0.12364710763068835,
            0.13334276260837907
        ],
        "prompts": [
            "N/A",
            "N/A",
            "N/A",
            "N/A",
            "N/A"
        ],
        "explanations": [
            "Calculated theta: 0.0984 based on sheep population: 12.00",
            "Calculated theta: 0.1062 based on sheep population: 13.07",
            "Calculated theta: 0.1146 based on sheep population: 14.24",
            "Calculated theta: 0.1236 based on sheep population: 15.52",
            "Calculated theta: 0.1333 based on sheep population: 16.92"
        ],
        "vocalizations": [
            "Calculated theta: 0.0984 based on sheep population: 12.00",
            "Calculated theta: 0.1062 based on sheep population: 13.07",
            "Calculated theta: 0.1146 based on sheep population: 14.24",
            "Calculated theta: 0.1236 based on sheep population: 15.52",
            "Calculated theta: 0.1333 based on sheep population: 16.92"
        ]
    }
}