{
    "wolf_id": 115,
    "beta": 0.1,
    "gamma": 1.5,
    "delta": 0.75,
    "alive": false,
    "born_at_step": 424,
    "died_at_step": 497,
    "thetas": [
        0.1474994055520502,
        0.1474994055520502,
        0.1474994055520502,
        0.1474994055520502,
        0.1474994055520502,
        0.1474994055520502,
        0.1474994055520502,
        0.1474994055520502,
        0.25,
        0.25,
        0.5,
        0.5,
        0.5,
        0.5,
        0.5,
        0.3,
        0.5,
        0.5,
        0.75,
        0.75,
        0.75,
        0.75,
        0.75,
        0.6,
        0.6,
        0.4,
        0.6,
        0.6,
        0.75,
        0.6,
        0.6,
        0.6,
        0.6,
        0.6,
        0.6,
        0.75,
        0.6,
        0.75,
        0.6,
        0.6,
        0.6,
        0.6,
        0.75,
        0.6,
        0.6,
        0.6,
        0.6,
        0.6,
        0.6,
        0.6,
        0.6,
        0.6,
        0.6,
        0.4,
        0.3,
        0.3,
        0.3,
        0.3,
        0.3,
        0.3,
        0.3,
        0.3,
        0.3,
        0.3,
        0.3,
        0.4,
        0.6,
        0.75,
        0.75,
        0.75,
        0.6,
        0.4,
        0.4,
        0.4
    ],
    "decision_history": {
        "history_steps": [
            432,
            434,
            439,
            440,
            442,
            447,
            449,
            450,
            452,
            453,
            459,
            460,
            461,
            462,
            466,
            467,
            477,
            478,
            489,
            490,
            491,
            494,
            495
        ],
        "new_thetas": [
            0.25,
            0.5,
            0.3,
            0.5,
            0.75,
            0.6,
            0.4,
            0.6,
            0.75,
            0.6,
            0.75,
            0.6,
            0.75,
            0.6,
            0.75,
            0.6,
            0.4,
            0.3,
            0.4,
            0.6,
            0.75,
            0.6,
            0.4
        ],
        "prompts": [
            null,
            "You are a wolf who can adjust hunting intensity (theta) between 0 and 1.\nNormal wolves always hunt at maximum intensity (theta=1), but you can choose differently.\n\nCurrent situation:\n- Sheep: 29.00 (decreased by 1.73)\n- Wolves: 23.00 (stayed the same by 0.00)\n- Your previous theta: 0.25\n- The trend is that wolves (stayed the same) recently.\nChoose your new theta (0-1) to help ensure your survival.\nRemember: Other wolves are also trying to survive, but you don't control their choices.\nPlease provide a short explanation of your reasoning for choosing theta.\nPlease also provide a short vocalization expressing your wolf's attitude about the current situation.\nPlease respond with a JSON object in this format, where [your new theta] is a float between 0 and 1 with your new theta (up to 2 decimal places):\n\n            {\n                \"theta\": [your new theta],\n                \"explanation\": \"I chose this theta because...\",\n                \"vocalization\": \"Growwllllllll...\"\n            }\n            ",
            null,
            null,
            null,
            "You are a wolf who can adjust hunting intensity (theta) between 0 and 1.\nNormal wolves always hunt at maximum intensity (theta=1), but you can choose differently.\n\nCurrent situation:\n- Sheep: 24.29 (increased by 0.48)\n- Wolves: 12.00 (decreased by 1.00)\n- Your previous theta: 0.75\n- The trend is that wolves (decreased) recently.\nChoose your new theta (0-1) to help ensure your survival.\nRemember: Other wolves are also trying to survive, but you don't control their choices.\nPlease provide a short explanation of your reasoning for choosing theta.\nPlease also provide a short vocalization expressing your wolf's attitude about the current situation.\nPlease respond with a JSON object in this format, where [your new theta] is a float between 0 and 1 with your new theta (up to 2 decimal places):\n\n            {\n                \"theta\": [your new theta],\n                \"explanation\": \"I chose this theta because...\",\n                \"vocalization\": \"Growwllllllll...\"\n            }\n            ",
            null,
            null,
            "You are a wolf who can adjust hunting intensity (theta) between 0 and 1.\nNormal wolves always hunt at maximum intensity (theta=1), but you can choose differently.\n\nCurrent situation:\n- Sheep: 28.18 (increased by 1.17)\n- Wolves: 10.00 (stayed the same by 0.00)\n- Your previous theta: 0.60\n- The trend is that wolves (stayed the same) recently.\nChoose your new theta (0-1) to help ensure your survival.\nRemember: Other wolves are also trying to survive, but you don't control their choices.\nPlease provide a short explanation of your reasoning for choosing theta.\nPlease also provide a short vocalization expressing your wolf's attitude about the current situation.\nPlease respond with a JSON object in this format, where [your new theta] is a float between 0 and 1 with your new theta (up to 2 decimal places):\n\n            {\n                \"theta\": [your new theta],\n                \"explanation\": \"I chose this theta because...\",\n                \"vocalization\": \"Growwllllllll...\"\n            }\n            ",
            null,
            null,
            null,
            null,
            null,
            null,
            "You are a wolf who can adjust hunting intensity (theta) between 0 and 1.\nNormal wolves always hunt at maximum intensity (theta=1), but you can choose differently.\n\nCurrent situation:\n- Sheep: 47.04 (increased by 1.18)\n- Wolves: 12.00 (increased by 1.00)\n- Your previous theta: 0.75\n- The trend is that wolves (increased) recently.\nChoose your new theta (0-1) to help ensure your survival.\nRemember: Other wolves are also trying to survive, but you don't control their choices.\nPlease provide a short explanation of your reasoning for choosing theta.\nPlease also provide a short vocalization expressing your wolf's attitude about the current situation.\nPlease respond with a JSON object in this format, where [your new theta] is a float between 0 and 1 with your new theta (up to 2 decimal places):\n\n            {\n                \"theta\": [your new theta],\n                \"explanation\": \"I chose this theta because...\",\n                \"vocalization\": \"Growwllllllll...\"\n            }\n            ",
            "You are a wolf who can adjust hunting intensity (theta) between 0 and 1.\nNormal wolves always hunt at maximum intensity (theta=1), but you can choose differently.\n\nCurrent situation:\n- Sheep: 49.53 (decreased by 0.80)\n- Wolves: 21.00 (increased by 1.00)\n- Your previous theta: 0.60\n- The trend is that wolves (increased) recently.\nChoose your new theta (0-1) to help ensure your survival.\nRemember: Other wolves are also trying to survive, but you don't control their choices.\nPlease provide a short explanation of your reasoning for choosing theta.\nPlease also provide a short vocalization expressing your wolf's attitude about the current situation.\nPlease respond with a JSON object in this format, where [your new theta] is a float between 0 and 1 with your new theta (up to 2 decimal places):\n\n            {\n                \"theta\": [your new theta],\n                \"explanation\": \"I chose this theta because...\",\n                \"vocalization\": \"Growwllllllll...\"\n            }\n            ",
            null,
            null,
