{
    "wolf_id": 73,
    "beta": 0.1,
    "gamma": 1.5,
    "delta": 0.75,
    "alive": false,
    "born_at_step": 33,
    "died_at_step": 46,
    "thetas": [
        0.6342959322355826,
        0.6342959322355826,
        0.6342959322355826,
        0.6342959322355826,
        0.6342959322355826,
        0.6342959322355826,
        0.6342959322355826,
        0.6342959322355826,
        0.6342959322355826,
        0.6342959322355826,
        0.6342959322355826,
        0.6342959322355826,
        0.6342959322355826,
        0.6342959322355826
    ],
    "decision_history": {
        "history_steps": [],
        "new_thetas": [],
        "prompts": [],
        "explanations": [],
        "vocalizations": []
    }
}