{
    "wolf_id": 33,
    "beta": 0.1,
    "gamma": 1.5,
    "delta": 0.75,
    "alive": false,
    "born_at_step": 30,
    "died_at_step": 39,
    "thetas": [
        0.1982753062855257,
        0.1982753062855257,
        0.1982753062855257,
        0.1982753062855257,
        0.1982753062855257,
        0.1982753062855257,
        0.1982753062855257,
        0.1982753062855257,
        0.1982753062855257,
        0.1982753062855257
    ],
    "decision_history": {
        "history_steps": [],
        "new_thetas": [],
        "prompts": [],
        "explanations": [],
        "vocalizations": []
    }
}