{
    "wolf_id": 18,
    "beta": 0.1,
    "gamma": 1.5,
    "delta": 0.75,
    "alive": false,
    "born_at_step": 27,
    "died_at_step": 38,
    "thetas": [
        0.6618229157069323,
        0.6618229157069323,
        0.6618229157069323,
        0.6618229157069323,
        0.6618229157069323,
        0.6618229157069323,
        0.6618229157069323,
        0.6618229157069323,
        0.6618229157069323,
        0.6618229157069323,
        0.6618229157069323,
        0.6618229157069323
    ],
    "decision_history": {
        "history_steps": [],
        "new_thetas": [],
        "prompts": [],
        "explanations": [],
        "vocalizations": []
    }
}