{
    "wolf_id": 27,
    "beta": 0.1,
    "gamma": 1.5,
    "delta": 0.75,
    "alive": false,
    "born_at_step": 29,
    "died_at_step": 39,
    "thetas": [
        0.05655219618208118,
        0.05655219618208118,
        0.05655219618208118,
        0.05655219618208118,
        0.05655219618208118,
        0.05655219618208118,
        0.05655219618208118,
        0.05655219618208118,
        0.05655219618208118,
        0.05655219618208118,
        0.05655219618208118
    ],
    "decision_history": {
        "history_steps": [],
        "new_thetas": [],
        "prompts": [],
        "explanations": [],
        "vocalizations": []
    }
}