{
    "wolf_id": 11,
    "beta": 0.1,
    "gamma": 1.5,
    "delta": 0.75,
    "alive": false,
    "born_at_step": 8,
    "died_at_step": 12,
    "thetas": [
        0.09508046441250273,
        0.9804523010208467,
        0.9815177478620255,
        0.961432138838879,
        9.09008271975275e-05
    ],
    "decision_history": {
        "history_steps": [
            9,
            10,
            11,
            12
        ],
        "new_thetas": [
            0.9804523010208467,
            0.9815177478620255,
            0.961432138838879,
            9.09008271975275e-05
        ],
        "prompts": [
            "N/A",
            "N/A",
            "N/A",
            "N/A"
        ],
        "explanations": [
            "Calculated theta: 0.9805 based on sheep population: 55.17",
            "Calculated theta: 0.9815 based on sheep population: 58.42",
            "Calculated theta: 0.9614 based on sheep population: 27.42",
            "Calculated theta: 0.0001 based on sheep population: 0.00"
        ],
        "vocalizations": [
            "Calculated theta: 0.9805 based on sheep population: 55.17",
            "Calculated theta: 0.9815 based on sheep population: 58.42",
            "Calculated theta: 0.9614 based on sheep population: 27.42",
            "Calculated theta: 0.0001 based on sheep population: 0.00"
        ]
    }
}