{
    "wolf_id": 45,
    "beta": 0.1,
    "gamma": 1.5,
    "delta": 0.75,
    "alive": false,
    "born_at_step": 11,
    "died_at_step": 14,
    "thetas": [
        0.24850897932642868,
        9.09008271975275e-05,
        9.09008271975275e-05,
        9.09008271975275e-05
    ],
    "decision_history": {
        "history_steps": [
            12,
            13,
            14
        ],
        "new_thetas": [
            9.09008271975275e-05,
            9.09008271975275e-05,
            9.09008271975275e-05
        ],
        "prompts": [
            "N/A",
            "N/A",
            "N/A"
        ],
        "explanations": [
            "Calculated theta: 0.0001 based on sheep population: 0.00",
            "Calculated theta: 0.0001 based on sheep population: 0.00",
            "Calculated theta: 0.0001 based on sheep population: 0.00"
        ],
        "vocalizations": [
            "Calculated theta: 0.0001 based on sheep population: 0.00",
            "Calculated theta: 0.0001 based on sheep population: 0.00",
            "Calculated theta: 0.0001 based on sheep population: 0.00"
        ]
    }
}