{
    "wolf_id": 28,
    "beta": 0.1,
    "gamma": 1.5,
    "delta": 0.75,
    "alive": false,
    "born_at_step": 10,
    "died_at_step": 12,
    "thetas": [
        0.10722799608358402,
        0.961432138838879,
        9.09008271975275e-05
    ],
    "decision_history": {
        "history_steps": [
            11,
            12
        ],
        "new_thetas": [
            0.961432138838879,
            9.09008271975275e-05
        ],
        "prompts": [
            "N/A",
            "N/A"
        ],
        "explanations": [
            "Calculated theta: 0.9614 based on sheep population: 27.42",
            "Calculated theta: 0.0001 based on sheep population: 0.00"
        ],
        "vocalizations": [
            "Calculated theta: 0.9614 based on sheep population: 27.42",
            "Calculated theta: 0.0001 based on sheep population: 0.00"
        ]
    }
}