{
    "wolf_id": 9,
    "beta": 0.1,
    "gamma": 1.5,
    "delta": 0.75,
    "alive": false,
    "born_at_step": 0,
    "died_at_step": 12,
    "thetas": [
        0.5,
        0.9392268551002481,
        0.9247861067173179,
        0.9150235053206296,
        0.921371969033591,
        0.9348029788302936,
        0.9486953550254509,
        0.9596611233979565,
        0.9683023943381781,
        0.9751037555560866,
        0.9804523010208467,
        0.9815177478620255,
        0.961432138838879,
        9.09008271975275e-05
    ],
    "decision_history": {
        "history_steps": [
            0,
            1,
            2,
            3,
            4,
            5,
            6,
            7,
            8,
            9,
            10,
            11,
            12
        ],
        "new_thetas": [
            0.9392268551002481,
            0.9247861067173179,
            0.9150235053206296,
            0.921371969033591,
            0.9348029788302936,
            0.9486953550254509,
            0.9596611233979565,
            0.9683023943381781,
            0.9751037555560866,
            0.9804523010208467,
            0.9815177478620255,
            0.961432138838879,
            9.09008271975275e-05
        ],
        "prompts": [
            "N/A",
            "N/A",
            "N/A",
            "N/A",
            "N/A",
            "N/A",
            "N/A",
            "N/A",
            "N/A",
            "N/A",
            "N/A",
            "N/A",
            "N/A"
        ],
        "explanations": [
            "Calculated theta: 0.9392 based on sheep population: 17.00",
            "Calculated theta: 0.9248 based on sheep population: 13.52",
            "Calculated theta: 0.9150 based on sheep population: 11.84",
            "Calculated theta: 0.9214 based on sheep population: 12.89",
            "Calculated theta: 0.9348 based on sheep population: 15.77",
            "Calculated theta: 0.9487 based on sheep population: 20.34",
            "Calculated theta: 0.9597 based on sheep population: 26.17",
            "Calculated theta: 0.9683 based on sheep population: 33.60",
            "Calculated theta: 0.9751 based on sheep population: 43.08",
            "Calculated theta: 0.9805 based on sheep population: 55.17",
            "Calculated theta: 0.9815 based on sheep population: 58.42",
            "Calculated theta: 0.9614 based on sheep population: 27.42",
            "Calculated theta: 0.0001 based on sheep population: 0.00"
        ],
        "vocalizations": [
            "Calculated theta: 0.9392 based on sheep population: 17.00",
            "Calculated theta: 0.9248 based on sheep population: 13.52",
            "Calculated theta: 0.9150 based on sheep population: 11.84",
            "Calculated theta: 0.9214 based on sheep population: 12.89",
            "Calculated theta: 0.9348 based on sheep population: 15.77",
            "Calculated theta: 0.9487 based on sheep population: 20.34",
            "Calculated theta: 0.9597 based on sheep population: 26.17",
            "Calculated theta: 0.9683 based on sheep population: 33.60",
            "Calculated theta: 0.9751 based on sheep population: 43.08",
            "Calculated theta: 0.9805 based on sheep population: 55.17",
            "Calculated theta: 0.9815 based on sheep population: 58.42",
            "Calculated theta: 0.9614 based on sheep population: 27.42",
            "Calculated theta: 0.0001 based on sheep population: 0.00"
        ]
    }
}