{
    "wolf_id": 235,
    "beta": 0.1,
    "gamma": 1.5,
    "delta": 0.75,
    "alive": false,
    "born_at_step": 157,
    "died_at_step": 167,
    "thetas": [
        0.7822219270236023,
        0.7822219270236023,
        0.7822219270236023,
        0.7822219270236023,
        0.7822219270236023,
        0.7822219270236023,
        0.7822219270236023,
        0.7822219270236023,
        0.7822219270236023,
        0.7822219270236023,
        0.7822219270236023
    ],
    "decision_history": {
        "history_steps": [],
        "new_thetas": [],
        "prompts": [],
        "explanations": [],
        "vocalizations": []
    }
}