{
    "wolf_id": 227,
    "beta": 0.1,
    "gamma": 1.5,
    "delta": 0.75,
    "alive": false,
    "born_at_step": 157,
    "died_at_step": 166,
    "thetas": [
        0.5941112870588036,
        0.5941112870588036,
        0.5941112870588036,
        0.5941112870588036,
        0.5941112870588036,
        0.5941112870588036,
        0.5941112870588036,
        0.5941112870588036,
        0.5941112870588036,
        0.5941112870588036
    ],
    "decision_history": {
        "history_steps": [],
        "new_thetas": [],
        "prompts": [],
        "explanations": [],
        "vocalizations": []
    }
}