{
    "wolf_id": 218,
    "beta": 0.1,
    "gamma": 1.5,
    "delta": 0.75,
    "alive": false,
    "born_at_step": 157,
    "died_at_step": 165,
    "thetas": [
        0.7989574766728061,
        0.7989574766728061,
        0.7989574766728061,
        0.7989574766728061,
        0.7989574766728061,
        0.7989574766728061,
        0.7989574766728061,
        0.7989574766728061,
        0.7989574766728061
    ],
    "decision_history": {
        "history_steps": [],
        "new_thetas": [],
        "prompts": [],
        "explanations": [],
        "vocalizations": []
    }
}