{
    "wolf_id": 117,
    "beta": 0.1,
    "gamma": 1.5,
    "delta": 0.75,
    "alive": false,
    "born_at_step": 89,
    "died_at_step": 102,
    "thetas": [
        0.366551501069317,
        0.366551501069317,
        0.366551501069317,
        0.366551501069317,
        0.366551501069317,
        0.366551501069317,
        0.366551501069317,
        0.366551501069317,
        0.366551501069317,
        0.366551501069317,
        0.366551501069317,
        0.366551501069317,
        0.366551501069317,
        0.366551501069317
    ],
    "decision_history": {
        "history_steps": [],
        "new_thetas": [],
        "prompts": [],
        "explanations": [],
        "vocalizations": []
    }
}