{
    "wolf_id": 109,
    "beta": 0.1,
    "gamma": 1.5,
    "delta": 0.75,
    "alive": false,
    "born_at_step": 89,
    "died_at_step": 101,
    "thetas": [
        0.8306707394371406,
        0.8306707394371406,
        0.8306707394371406,
        0.8306707394371406,
        0.8306707394371406,
        0.8306707394371406,
        0.8306707394371406,
        0.8306707394371406,
        0.8306707394371406,
        0.8306707394371406,
        0.8306707394371406,
        0.8306707394371406,
        0.8306707394371406
    ],
    "decision_history": {
        "history_steps": [],
        "new_thetas": [],
        "prompts": [],
        "explanations": [],
        "vocalizations": []
    }
}