{
    "wolf_id": 226,
    "beta": 0.1,
    "gamma": 1.5,
    "delta": 0.75,
    "alive": false,
    "born_at_step": 157,
    "died_at_step": 166,
    "thetas": [
        0.033057452956268496,
        0.033057452956268496,
        0.033057452956268496,
        0.033057452956268496,
        0.033057452956268496,
        0.033057452956268496,
        0.033057452956268496,
        0.033057452956268496,
        0.033057452956268496,
        0.033057452956268496
    ],
    "decision_history": {
        "history_steps": [],
        "new_thetas": [],
        "prompts": [],
        "explanations": [],
        "vocalizations": []
    }
}