{
    "wolf_id": 215,
    "beta": 0.1,
    "gamma": 1.5,
    "delta": 0.75,
    "alive": false,
    "born_at_step": 156,
    "died_at_step": 165,
    "thetas": [
        0.787994054943531,
        0.787994054943531,
        0.787994054943531,
        0.787994054943531,
        0.787994054943531,
        0.787994054943531,
        0.787994054943531,
        0.787994054943531,
        0.787994054943531,
        0.787994054943531
    ],
    "decision_history": {
        "history_steps": [],
        "new_thetas": [],
        "prompts": [],
        "explanations": [],
        "vocalizations": []
    }
}