{
    "wolf_id": 247,
    "beta": 0.1,
    "gamma": 1.5,
    "delta": 0.75,
    "alive": false,
    "born_at_step": 158,
    "died_at_step": 169,
    "thetas": [
        0.285677109747015,
        0.285677109747015,
        0.285677109747015,
        0.285677109747015,
        0.285677109747015,
        0.285677109747015,
        0.285677109747015,
        0.285677109747015,
        0.285677109747015,
        0.285677109747015,
        0.285677109747015,
        0.285677109747015
    ],
    "decision_history": {
        "history_steps": [],
        "new_thetas": [],
        "prompts": [],
        "explanations": [],
        "vocalizations": []
    }
}