{
    "wolf_id": 214,
    "beta": 0.1,
    "gamma": 1.5,
    "delta": 0.75,
    "alive": false,
    "born_at_step": 156,
    "died_at_step": 165,
    "thetas": [
        0.24010386418770613,
        0.24010386418770613,
        0.24010386418770613,
        0.24010386418770613,
        0.24010386418770613,
        0.24010386418770613,
        0.24010386418770613,
        0.24010386418770613,
        0.24010386418770613,
        0.24010386418770613
    ],
    "decision_history": {
        "history_steps": [],
        "new_thetas": [],
        "prompts": [],
        "explanations": [],
        "vocalizations": []
    }
}