{
    "wolf_id": 101,
    "beta": 0.1,
    "gamma": 1.5,
    "delta": 0.75,
    "alive": false,
    "born_at_step": 88,
    "died_at_step": 99,
    "thetas": [
        0.23476036025010283,
        0.23476036025010283,
        0.23476036025010283,
        0.23476036025010283,
        0.23476036025010283,
        0.23476036025010283,
        0.23476036025010283,
        0.23476036025010283,
        0.23476036025010283,
        0.23476036025010283,
        0.23476036025010283,
        0.23476036025010283
    ],
    "decision_history": {
        "history_steps": [],
        "new_thetas": [],
        "prompts": [],
        "explanations": [],
        "vocalizations": []
    }
}