{
    "wolf_id": 90,
    "beta": 0.1,
    "gamma": 1.5,
    "delta": 0.75,
    "alive": false,
    "born_at_step": 86,
    "died_at_step": 98,
    "thetas": [
        0.4392460370907967,
        0.4392460370907967,
        0.4392460370907967,
        0.4392460370907967,
        0.4392460370907967,
        0.4392460370907967,
        0.4392460370907967,
        0.4392460370907967,
        0.4392460370907967,
        0.4392460370907967,
        0.4392460370907967,
        0.4392460370907967,
        0.4392460370907967
    ],
    "decision_history": {
        "history_steps": [],
        "new_thetas": [],
        "prompts": [],
        "explanations": [],
        "vocalizations": []
    }
}