{
    "wolf_id": 160,
    "beta": 0.1,
    "gamma": 1.5,
    "delta": 0.75,
    "alive": false,
    "born_at_step": 80,
    "died_at_step": 105,
    "thetas": [
        0.5,
        0.4585219079495636,
        0.4306421347439742,
        0.39889492922711384,
        0.3676737165497225,
        0.3388945903520659,
        0.3153912158364551,
        0.29599810352706163,
        0.2812523847889445,
        0.2706689232042087,
        0.2632993502517632,
        0.25850819798819424,
        0.2564129662913611,
        0.2561193152983251,
        0.2574560263782773,
        0.26032006829374393,
        0.26411714909558137,
        0.26939814456728334,
        0.2756121069286669,
        0.28220034099052654,
        0.28979938792899196,
        0.29782338520464496,
        0.3063003625122155,
        0.3152606446924625,
        0.3247369632052769,
        0.33476454893846114
    ],
    "decision_history": {
        "history_steps": [
            81,
            82,
            83,
            84,
            85,
            86,
            87,
            88,
            89,
            90,
            91,
            92,
            93,
            94,
            95,
            96,
            97,
            98,
            99,
            100,
            101,
            102,
            103,
            104,
            105
        ],
        "new_thetas": [
            0.4585219079495636,
            0.4306421347439742,
            0.39889492922711384,
            0.3676737165497225,
            0.3388945903520659,
            0.3153912158364551,
            0.29599810352706163,
            0.2812523847889445,
            0.2706689232042087,
            0.2632993502517632,
            0.25850819798819424,
            0.2564129662913611,
            0.2561193152983251,
            0.2574560263782773,
            0.26032006829374393,
            0.26411714909558137,
            0.26939814456728334,
            0.2756121069286669,
            0.28220034099052654,
            0.28979938792899196,
            0.29782338520464496,
            0.3063003625122155,
            0.3152606446924625,
            0.3247369632052769,
            0.33476454893846114
        ],
        "prompts": [
            "N/A",
            "N/A",
            "N/A",
            "N/A",
            "N/A",
            "N/A",
            "N/A",
            "N/A",
            "N/A",
            "N/A",
            "N/A",
            "N/A",
            "N/A",
            "N/A",
            "N/A",
            "N/A",
            "N/A",
            "N/A",
            "N/A",
            "N/A",
            "N/A",
            "N/A",
            "N/A",
            "N/A",
            "N/A"
        ],
        "explanations": [
            "Calculated theta: 0.4585 based on sheep population: 84.68",
            "Calculated theta: 0.4306 based on sheep population: 75.64",
            "Calculated theta: 0.3989 based on sheep population: 66.36",
            "Calculated theta: 0.3677 based on sheep population: 58.15",
            "Calculated theta: 0.3389 based on sheep population: 51.26",
            "Calculated theta: 0.3154 based on sheep population: 46.07",
            "Calculated theta: 0.2960 based on sheep population: 42.04",
            "Calculated theta: 0.2813 based on sheep population: 39.13",
            "Calculated theta: 0.2707 based on sheep population: 37.11",
            "Calculated theta: 0.2633 based on sheep population: 35.74",
            "Calculated theta: 0.2585 based on sheep population: 34.86",
            "Calculated theta: 0.2564 based on sheep population: 34.48",
            "Calculated theta: 0.2561 based on sheep population: 34.43",
            "Calculated theta: 0.2575 based on sheep population: 34.67",
            "Calculated theta: 0.2603 based on sheep population: 35.19",
            "Calculated theta: 0.2641 based on sheep population: 35.89",
            "Calculated theta: 0.2694 based on sheep population: 36.87",
            "Calculated theta: 0.2756 based on sheep population: 38.05",
            "Calculated theta: 0.2822 based on sheep population: 39.31",
            "Calculated theta: 0.2898 based on sheep population: 40.81",
            "Calculated theta: 0.2978 based on sheep population: 42.41",
            "Calculated theta: 0.3063 based on sheep population: 44.15",
            "Calculated theta: 0.3153 based on sheep population: 46.04",
            "Calculated theta: 0.3247 based on sheep population: 48.09",
            "Calculated theta: 0.3348 based on sheep population: 50.32"
        ],
        "vocalizations": [
            "Calculated theta: 0.4585 based on sheep population: 84.68",
            "Calculated theta: 0.4306 based on sheep population: 75.64",
            "Calculated theta: 0.3989 based on sheep population: 66.36",
            "Calculated theta: 0.3677 based on sheep population: 58.15",
            "Calculated theta: 0.3389 based on sheep population: 51.26",
            "Calculated theta: 0.3154 based on sheep population: 46.07",
            "Calculated theta: 0.2960 based on sheep population: 42.04",
            "Calculated theta: 0.2813 based on sheep population: 39.13",
            "Calculated theta: 0.2707 based on sheep population: 37.11",
            "Calculated theta: 0.2633 based on sheep population: 35.74",
            "Calculated theta: 0.2585 based on sheep population: 34.86",
            "Calculated theta: 0.2564 based on sheep population: 34.48",
            "Calculated theta: 0.2561 based on sheep population: 34.43",
            "Calculated theta: 0.2575 based on sheep population: 34.67",
            "Calculated theta: 0.2603 based on sheep population: 35.19",
            "Calculated theta: 0.2641 based on sheep population: 35.89",
            "Calculated theta: 0.2694 based on sheep population: 36.87",
            "Calculated theta: 0.2756 based on sheep population: 38.05",
            "Calculated theta: 0.2822 based on sheep population: 39.31",
            "Calculated theta: 0.2898 based on sheep population: 40.81",
            "Calculated theta: 0.2978 based on sheep population: 42.41",
            "Calculated theta: 0.3063 based on sheep population: 44.15",
            "Calculated theta: 0.3153 based on sheep population: 46.04",
            "Calculated theta: 0.3247 based on sheep population: 48.09",
            "Calculated theta: 0.3348 based on sheep population: 50.32"
        ]
    }
}