{
    "wolf_id": 7,
    "beta": 0.1,
    "gamma": 1.5,
    "delta": 0.75,
    "alive": false,
    "born_at_step": 0,
    "died_at_step": 9,
    "thetas": [
        0.5,
        0.09090991735462059,
        0.09828755050953204,
        0.10621744835970744,
        0.11474145674700222,
        0.12390567811823308,
        0.13376106441811345,
        0.1443640748224832,
        0.15577739373540436,
        0.1678518061901233,
        0.18083987863697715
    ],
    "decision_history": {
        "history_steps": [
            0,
            1,
            2,
            3,
            4,
            5,
            6,
            7,
            8,
            9
        ],
        "new_thetas": [
            0.09090991735462059,
            0.09828755050953204,
            0.10621744835970744,
            0.11474145674700222,
            0.12390567811823308,
            0.13376106441811345,
            0.1443640748224832,
            0.15577739373540436,
            0.1678518061901233,
            0.18083987863697715
        ],
        "prompts": [
            "N/A",
            "N/A",
            "N/A",
            "N/A",
            "N/A",
            "N/A",
            "N/A",
            "N/A",
            "N/A",
            "N/A"
        ],
        "explanations": [
            "Calculated theta: 0.0909 based on sheep population: 10.00",
            "Calculated theta: 0.0983 based on sheep population: 10.90",
            "Calculated theta: 0.1062 based on sheep population: 11.88",
            "Calculated theta: 0.1147 based on sheep population: 12.96",
            "Calculated theta: 0.1239 based on sheep population: 14.14",
            "Calculated theta: 0.1338 based on sheep population: 15.44",
            "Calculated theta: 0.1444 based on sheep population: 16.87",
            "Calculated theta: 0.1558 based on sheep population: 18.45",
            "Calculated theta: 0.1679 based on sheep population: 20.17",
            "Calculated theta: 0.1808 based on sheep population: 22.08"
        ],
        "vocalizations": [
            "Calculated theta: 0.0909 based on sheep population: 10.00",
            "Calculated theta: 0.0983 based on sheep population: 10.90",
            "Calculated theta: 0.1062 based on sheep population: 11.88",
            "Calculated theta: 0.1147 based on sheep population: 12.96",
            "Calculated theta: 0.1239 based on sheep population: 14.14",
            "Calculated theta: 0.1338 based on sheep population: 15.44",
            "Calculated theta: 0.1444 based on sheep population: 16.87",
            "Calculated theta: 0.1558 based on sheep population: 18.45",
            "Calculated theta: 0.1679 based on sheep population: 20.17",
            "Calculated theta: 0.1808 based on sheep population: 22.08"
        ]
    }
}