{
    "wolf_id": 6,
    "beta": 0.1,
    "gamma": 1.5,
    "delta": 0.75,
    "alive": false,
    "born_at_step": 0,
    "died_at_step": 3,
    "thetas": [
        0.5,
        0.8854172634517528,
        0.8659438186016695,
        0.8553586467085257,
        0.8683212695088797
    ],
    "decision_history": {
        "history_steps": [
            0,
            1,
            2,
            3
        ],
        "new_thetas": [
            0.8854172634517528,
            0.8659438186016695,
            0.8553586467085257,
            0.8683212695088797
        ],
        "prompts": [
            "N/A",
            "N/A",
            "N/A",
            "N/A"
        ],
        "explanations": [
            "Calculated theta: 0.8854 based on sheep population: 17.00",
            "Calculated theta: 0.8659 based on sheep population: 14.21",
            "Calculated theta: 0.8554 based on sheep population: 13.01",
            "Calculated theta: 0.8683 based on sheep population: 14.51"
        ],
        "vocalizations": [
            "Calculated theta: 0.8854 based on sheep population: 17.00",
            "Calculated theta: 0.8659 based on sheep population: 14.21",
            "Calculated theta: 0.8554 based on sheep population: 13.01",
            "Calculated theta: 0.8683 based on sheep population: 14.51"
        ]
    }
}