{
    "wolf_id": 9,
    "beta": 0.1,
    "gamma": 1.5,
    "delta": 0.75,
    "alive": false,
    "born_at_step": 0,
    "died_at_step": 11,
    "thetas": [
        0.5,
        0.8854172634517528,
        0.8659438186016695,
        0.8553586467085257,
        0.8683212695088797,
        0.8909912387315615,
        0.9139545646466866,
        0.9353857495254577,
        0.9516523191652773,
        0.9639190771746007,
        0.9700129594834361,
        0.9647162397255028,
        4.545247943275306e-05
    ],
    "decision_history": {
        "history_steps": [
            0,
            1,
            2,
            3,
            4,
            5,
            6,
            7,
            8,
            9,
            10,
            11
        ],
        "new_thetas": [
            0.8854172634517528,
            0.8659438186016695,
            0.8553586467085257,
            0.8683212695088797,
            0.8909912387315615,
            0.9139545646466866,
            0.9353857495254577,
            0.9516523191652773,
            0.9639190771746007,
            0.9700129594834361,
            0.9647162397255028,
            4.545247943275306e-05
        ],
        "prompts": [
            "N/A",
            "N/A",
            "N/A",
            "N/A",
            "N/A",
            "N/A",
            "N/A",
            "N/A",
            "N/A",
            "N/A",
            "N/A",
            "N/A"
        ],
        "explanations": [
            "Calculated theta: 0.8854 based on sheep population: 17.00",
            "Calculated theta: 0.8659 based on sheep population: 14.21",
            "Calculated theta: 0.8554 based on sheep population: 13.01",
            "Calculated theta: 0.8683 based on sheep population: 14.51",
            "Calculated theta: 0.8910 based on sheep population: 17.98",
            "Calculated theta: 0.9140 based on sheep population: 23.37",
            "Calculated theta: 0.9354 based on sheep population: 31.85",
            "Calculated theta: 0.9517 based on sheep population: 43.30",
            "Calculated theta: 0.9639 based on sheep population: 58.77",
            "Calculated theta: 0.9700 based on sheep population: 71.16",
            "Calculated theta: 0.9647 based on sheep population: 60.15",
            "Calculated theta: 0.0000 based on sheep population: 0.00"
        ],
        "vocalizations": [
            "Calculated theta: 0.8854 based on sheep population: 17.00",
            "Calculated theta: 0.8659 based on sheep population: 14.21",
            "Calculated theta: 0.8554 based on sheep population: 13.01",
            "Calculated theta: 0.8683 based on sheep population: 14.51",
            "Calculated theta: 0.8910 based on sheep population: 17.98",
            "Calculated theta: 0.9140 based on sheep population: 23.37",
            "Calculated theta: 0.9354 based on sheep population: 31.85",
            "Calculated theta: 0.9517 based on sheep population: 43.30",
            "Calculated theta: 0.9639 based on sheep population: 58.77",
            "Calculated theta: 0.9700 based on sheep population: 71.16",
            "Calculated theta: 0.9647 based on sheep population: 60.15",
            "Calculated theta: 0.0000 based on sheep population: 0.00"
        ]
    }
}