{
    "wolf_id": 6,
    "beta": 0.1,
    "gamma": 1.5,
    "delta": 0.75,
    "alive": false,
    "born_at_step": 0,
    "died_at_step": 16,
    "thetas": [
        0.5,
        0.9523814058913724,
        0.952164464480616,
        0.951947681412077,
        0.9522095956899377,
        0.9529358394860846,
        0.9536488043610435,
        0.9547941968551089,
        0.9563360316613865,
        0.9578236380513444,
        0.9592590213392351,
        0.961025193325087,
        0.9627144464126633,
        0.9643301494944563,
        0.9662062298465727,
        0.9679844939106467,
        0.9696699455505466,
        0.9712673437635394
    ],
    "decision_history": {
        "history_steps": [
            0,
            1,
            2,
            3,
            4,
            5,
            6,
            7,
            8,
            9,
            10,
            11,
            12,
            13,
            14,
            15,
            16
        ],
        "new_thetas": [
            0.9523814058913724,
            0.952164464480616,
            0.951947681412077,
            0.9522095956899377,
            0.9529358394860846,
            0.9536488043610435,
            0.9547941968551089,
            0.9563360316613865,
            0.9578236380513444,
            0.9592590213392351,
            0.961025193325087,
            0.9627144464126633,
            0.9643301494944563,
            0.9662062298465727,
            0.9679844939106467,
            0.9696699455505466,
            0.9712673437635394
        ],
        "prompts": [
            "N/A",
            "N/A",
            "N/A",
            "N/A",
            "N/A",
            "N/A",
            "N/A",
            "N/A",
            "N/A",
            "N/A",
            "N/A",
            "N/A",
            "N/A",
            "N/A",
            "N/A",
            "N/A",
            "N/A"
        ],
        "explanations": [
            "Calculated theta: 0.9524 based on sheep population: 10.00",
            "Calculated theta: 0.9522 based on sheep population: 9.95",
            "Calculated theta: 0.9519 based on sheep population: 9.91",
            "Calculated theta: 0.9522 based on sheep population: 9.96",
            "Calculated theta: 0.9529 based on sheep population: 10.12",
            "Calculated theta: 0.9536 based on sheep population: 10.29",
            "Calculated theta: 0.9548 based on sheep population: 10.56",
            "Calculated theta: 0.9563 based on sheep population: 10.95",
            "Calculated theta: 0.9578 based on sheep population: 11.35",
            "Calculated theta: 0.9593 based on sheep population: 11.77",
            "Calculated theta: 0.9610 based on sheep population: 12.33",
            "Calculated theta: 0.9627 based on sheep population: 12.91",
            "Calculated theta: 0.9643 based on sheep population: 13.52",
            "Calculated theta: 0.9662 based on sheep population: 14.30",
            "Calculated theta: 0.9680 based on sheep population: 15.12",
            "Calculated theta: 0.9697 based on sheep population: 15.99",
            "Calculated theta: 0.9713 based on sheep population: 16.90"
        ],
        "vocalizations": [
            "Calculated theta: 0.9524 based on sheep population: 10.00",
            "Calculated theta: 0.9522 based on sheep population: 9.95",
            "Calculated theta: 0.9519 based on sheep population: 9.91",
            "Calculated theta: 0.9522 based on sheep population: 9.96",
            "Calculated theta: 0.9529 based on sheep population: 10.12",
            "Calculated theta: 0.9536 based on sheep population: 10.29",
            "Calculated theta: 0.9548 based on sheep population: 10.56",
            "Calculated theta: 0.9563 based on sheep population: 10.95",
            "Calculated theta: 0.9578 based on sheep population: 11.35",
            "Calculated theta: 0.9593 based on sheep population: 11.77",
            "Calculated theta: 0.9610 based on sheep population: 12.33",
            "Calculated theta: 0.9627 based on sheep population: 12.91",
            "Calculated theta: 0.9643 based on sheep population: 13.52",
            "Calculated theta: 0.9662 based on sheep population: 14.30",
            "Calculated theta: 0.9680 based on sheep population: 15.12",
            "Calculated theta: 0.9697 based on sheep population: 15.99",
            "Calculated theta: 0.9713 based on sheep population: 16.90"
        ]
    }
}