{
    "wolf_id": 24,
    "beta": 0.1,
    "gamma": 1.5,
    "delta": 0.75,
    "alive": false,
    "born_at_step": 37,
    "died_at_step": 54,
    "thetas": [
        0.5,
        0.988201934226206,
        0.9869701565806733,
        0.9850862163907846,
        0.9822944990009992,
        0.9784674808967595,
        0.9735310211414236,
        0.9671373763526679,
        0.9593599114833493,
        0.9505947944848515,
        0.9416402285480936,
        0.9329070010727412,
        0.9248046557975104,
        0.9177052313882322,
        0.9119167056667118,
        0.9076675542062569,
        0.9051010373885214,
        0.9033984379622206
    ],
    "decision_history": {
        "history_steps": [
            38,
            39,
            40,
            41,
            42,
            43,
            44,
            45,
            46,
            47,
            48,
            49,
            50,
            51,
            52,
            53,
            54
        ],
        "new_thetas": [
            0.988201934226206,
            0.9869701565806733,
            0.9850862163907846,
            0.9822944990009992,
            0.9784674808967595,
            0.9735310211414236,
            0.9671373763526679,
            0.9593599114833493,
            0.9505947944848515,
            0.9416402285480936,
            0.9329070010727412,
            0.9248046557975104,
            0.9177052313882322,
            0.9119167056667118,
            0.9076675542062569,
            0.9051010373885214,
            0.9033984379622206
        ],
        "prompts": [
            "N/A",
            "N/A",
            "N/A",
            "N/A",
            "N/A",
            "N/A",
            "N/A",
            "N/A",
            "N/A",
            "N/A",
            "N/A",
            "N/A",
            "N/A",
            "N/A",
            "N/A",
            "N/A",
            "N/A"
        ],
        "explanations": [
            "Calculated theta: 0.9882 based on sheep population: 41.88",
            "Calculated theta: 0.9870 based on sheep population: 37.87",
            "Calculated theta: 0.9851 based on sheep population: 33.03",
            "Calculated theta: 0.9823 based on sheep population: 27.74",
            "Calculated theta: 0.9785 based on sheep population: 22.72",
            "Calculated theta: 0.9735 based on sheep population: 18.39",
            "Calculated theta: 0.9671 based on sheep population: 14.71",
            "Calculated theta: 0.9594 based on sheep population: 11.80",
            "Calculated theta: 0.9506 based on sheep population: 9.62",
            "Calculated theta: 0.9416 based on sheep population: 8.07",
            "Calculated theta: 0.9329 based on sheep population: 6.95",
            "Calculated theta: 0.9248 based on sheep population: 6.15",
            "Calculated theta: 0.9177 based on sheep population: 5.58",
            "Calculated theta: 0.9119 based on sheep population: 5.18",
            "Calculated theta: 0.9077 based on sheep population: 4.92",
            "Calculated theta: 0.9051 based on sheep population: 4.77",
            "Calculated theta: 0.9034 based on sheep population: 4.68"
        ],
        "vocalizations": [
            "Calculated theta: 0.9882 based on sheep population: 41.88",
            "Calculated theta: 0.9870 based on sheep population: 37.87",
            "Calculated theta: 0.9851 based on sheep population: 33.03",
            "Calculated theta: 0.9823 based on sheep population: 27.74",
            "Calculated theta: 0.9785 based on sheep population: 22.72",
            "Calculated theta: 0.9735 based on sheep population: 18.39",
            "Calculated theta: 0.9671 based on sheep population: 14.71",
            "Calculated theta: 0.9594 based on sheep population: 11.80",
            "Calculated theta: 0.9506 based on sheep population: 9.62",
            "Calculated theta: 0.9416 based on sheep population: 8.07",
            "Calculated theta: 0.9329 based on sheep population: 6.95",
            "Calculated theta: 0.9248 based on sheep population: 6.15",
            "Calculated theta: 0.9177 based on sheep population: 5.58",
            "Calculated theta: 0.9119 based on sheep population: 5.18",
            "Calculated theta: 0.9077 based on sheep population: 4.92",
            "Calculated theta: 0.9051 based on sheep population: 4.77",
            "Calculated theta: 0.9034 based on sheep population: 4.68"
        ]
    }
}