{
    "wolf_id": 13,
    "beta": 0.1,
    "gamma": 1.5,
    "delta": 0.75,
    "alive": false,
    "born_at_step": 32,
    "died_at_step": 47,
    "thetas": [
        0.5,
        0.9893337337463309,
        0.9895793196635101,
        0.9896002281133975,
        0.9893930069471393,
        0.98893903046883,
        0.988201934226206,
        0.9869701565806733,
        0.9850862163907846,
        0.9822944990009992,
        0.9784674808967595,
        0.9735310211414236,
        0.9671373763526679,
        0.9593599114833493,
        0.9505947944848515,
        0.9416402285480936
    ],
    "decision_history": {
        "history_steps": [
            33,
            34,
            35,
            36,
            37,
            38,
            39,
            40,
            41,
            42,
            43,
            44,
            45,
            46,
            47
        ],
        "new_thetas": [
            0.9893337337463309,
            0.9895793196635101,
            0.9896002281133975,
            0.9893930069471393,
            0.98893903046883,
            0.988201934226206,
            0.9869701565806733,
            0.9850862163907846,
            0.9822944990009992,
            0.9784674808967595,
            0.9735310211414236,
            0.9671373763526679,
            0.9593599114833493,
            0.9505947944848515,
            0.9416402285480936
        ],
        "prompts": [
            "N/A",
            "N/A",
            "N/A",
            "N/A",
            "N/A",
            "N/A",
            "N/A",
            "N/A",
            "N/A",
            "N/A",
            "N/A",
            "N/A",
            "N/A",
            "N/A",
            "N/A"
        ],
        "explanations": [
            "Calculated theta: 0.9893 based on sheep population: 46.38",
            "Calculated theta: 0.9896 based on sheep population: 47.48",
            "Calculated theta: 0.9896 based on sheep population: 47.58",
            "Calculated theta: 0.9894 based on sheep population: 46.64",
            "Calculated theta: 0.9889 based on sheep population: 44.70",
            "Calculated theta: 0.9882 based on sheep population: 41.88",
            "Calculated theta: 0.9870 based on sheep population: 37.87",
            "Calculated theta: 0.9851 based on sheep population: 33.03",
            "Calculated theta: 0.9823 based on sheep population: 27.74",
            "Calculated theta: 0.9785 based on sheep population: 22.72",
            "Calculated theta: 0.9735 based on sheep population: 18.39",
            "Calculated theta: 0.9671 based on sheep population: 14.71",
            "Calculated theta: 0.9594 based on sheep population: 11.80",
            "Calculated theta: 0.9506 based on sheep population: 9.62",
            "Calculated theta: 0.9416 based on sheep population: 8.07"
        ],
        "vocalizations": [
            "Calculated theta: 0.9893 based on sheep population: 46.38",
            "Calculated theta: 0.9896 based on sheep population: 47.48",
            "Calculated theta: 0.9896 based on sheep population: 47.58",
            "Calculated theta: 0.9894 based on sheep population: 46.64",
            "Calculated theta: 0.9889 based on sheep population: 44.70",
            "Calculated theta: 0.9882 based on sheep population: 41.88",
            "Calculated theta: 0.9870 based on sheep population: 37.87",
            "Calculated theta: 0.9851 based on sheep population: 33.03",
            "Calculated theta: 0.9823 based on sheep population: 27.74",
            "Calculated theta: 0.9785 based on sheep population: 22.72",
            "Calculated theta: 0.9735 based on sheep population: 18.39",
            "Calculated theta: 0.9671 based on sheep population: 14.71",
            "Calculated theta: 0.9594 based on sheep population: 11.80",
            "Calculated theta: 0.9506 based on sheep population: 9.62",
            "Calculated theta: 0.9416 based on sheep population: 8.07"
        ]
    }
}