{
    "wolf_id": 2,
    "beta": 0.1,
    "gamma": 1.5,
    "delta": 0.75,
    "alive": false,
    "born_at_step": 0,
    "died_at_step": 4,
    "thetas": [
        0.5,
        0.9523814058913724,
        0.952164464480616,
        0.951947681412077,
        0.9522095956899377,
        0.9529358394860846
    ],
    "decision_history": {
        "history_steps": [
            0,
            1,
            2,
            3,
            4
        ],
        "new_thetas": [
            0.9523814058913724,
            0.952164464480616,
            0.951947681412077,
            0.9522095956899377,
            0.9529358394860846
        ],
        "prompts": [
            "N/A",
            "N/A",
            "N/A",
            "N/A",
            "N/A"
        ],
        "explanations": [
            "Calculated theta: 0.9524 based on sheep population: 10.00",
            "Calculated theta: 0.9522 based on sheep population: 9.95",
            "Calculated theta: 0.9519 based on sheep population: 9.91",
            "Calculated theta: 0.9522 based on sheep population: 9.96",
            "Calculated theta: 0.9529 based on sheep population: 10.12"
        ],
        "vocalizations": [
            "Calculated theta: 0.9524 based on sheep population: 10.00",
            "Calculated theta: 0.9522 based on sheep population: 9.95",
            "Calculated theta: 0.9519 based on sheep population: 9.91",
            "Calculated theta: 0.9522 based on sheep population: 9.96",
            "Calculated theta: 0.9529 based on sheep population: 10.12"
        ]
    }
}