{
    "wolf_id": 34,
    "beta": 0.1,
    "gamma": 1.5,
    "delta": 0.75,
    "alive": false,
    "born_at_step": 42,
    "died_at_step": 109,
    "thetas": [
        0.5,
        0.9735310211414236,
        0.9671373763526679,
        0.9593599114833493,
        0.9505947944848515,
        0.9416402285480936,
        0.9329070010727412,
        0.9248046557975104,
        0.9177052313882322,
        0.9119167056667118,
        0.9076675542062569,
        0.9051010373885214,
        0.9033984379622206,
        0.9025789757981568,
        0.9035060375121035,
        0.9052600315197997,
        0.9077888538131398,
        0.9110264952239351,
        0.9141450863478531,
        0.9178777312530109,
        0.922138087113303,
        0.9261831040932303,
        0.930022992285794,
        0.9342604467369081,
        0.938250764465102,
        0.9425298310337298,
        0.9465248572109637,
        0.9502529801738,
        0.9537305432691455,
        0.956973097146771,
        0.9599954075114264,
        0.9631586541735645,
        0.9660795691407614,
        0.9687755201887737,
        0.971262815680103,
        0.9735567394991647,
        0.9756715902023362,
        0.9776207231466467,
        0.9794165945569939,
        0.9810708066659358,
        0.9825941532132618,
        0.9839966647261162,
        0.9852876531159647,
        0.9864757552278284,
        0.9875689750616363,
        0.9885747244568739,
        0.989499862091519,
        0.9900990295068721,
        0.9900990295068721,
        0.9900990295068721,
        0.9900990295068721,
        0.9900990295068721,
        0.9900990295068721,
        0.9900990295068721,
        0.9900990295068721,
        0.9900990295068721,
        0.9900990295068721,
        0.9900990295068721,
        0.9900990295068721,
        0.9900108991753785,
        0.9896979762611905,
        0.9891343372229002,
        0.9881373438262104,
        0.9865807454977799,
        0.98405689320298,
        0.9803365974007511,
        0.9751554192378947,
        0.9682987726165779
    ],
    "decision_history": {
        "history_steps": [
            43,
            44,
            45,
            46,
            47,
            48,
            49,
            50,
            51,
            52,
            53,
            54,
            55,
            56,
            57,
            58,
            59,
            60,
            61,
            62,
            63,
            64,
            65,
            66,
            67,
            68,
            69,
            70,
            71,
            72,
            73,
            74,
            75,
            76,
            77,
            78,
            79,
            80,
            81,
            82,
            83,
            84,
            85,
            86,
            87,
            88,
            89,
            90,
            91,
            92,
            93,
            94,
            95,
            96,
            97,
            98,
            99,
            100,
            101,
            102,
            103,
            104,
            105,
            106,
            107,
            108,
            109
        ],
        "new_thetas": [
            0.9735310211414236,
            0.9671373763526679,
            0.9593599114833493,
            0.9505947944848515,
            0.9416402285480936,
            0.9329070010727412,
            0.9248046557975104,
            0.9177052313882322,
            0.9119167056667118,
            0.9076675542062569,
            0.9051010373885214,
            0.9033984379622206,
            0.9025789757981568,
            0.9035060375121035,
            0.9052600315197997,
            0.9077888538131398,
            0.9110264952239351,
            0.9141450863478531,
            0.9178777312530109,
            0.922138087113303,
            0.9261831040932303,
            0.930022992285794,
            0.9342604467369081,
            0.938250764465102,
            0.9425298310337298,
            0.9465248572109637,
            0.9502529801738,
            0.9537305432691455,
            0.956973097146771,
            0.9599954075114264,
            0.9631586541735645,
            0.9660795691407614,
            0.9687755201887737,
            0.971262815680103,
            0.9735567394991647,
            0.9756715902023362,
            0.9776207231466467,
            0.9794165945569939,
            0.9810708066659358,
            0.9825941532132618,
            0.9839966647261162,
            0.9852876531159647,
            0.9864757552278284,
            0.9875689750616363,
            0.9885747244568739,
            0.989499862091519,
            0.9900990295068721,
            0.9900990295068721,
            0.9900990295068721,
            0.9900990295068721,
            0.9900990295068721,
            0.9900990295068721,
            0.9900990295068721,
            0.9900990295068721,
            0.9900990295068721,
            0.9900990295068721,
            0.9900990295068721,
            0.9900990295068721,
            0.9900108991753785,
            0.9896979762611905,
            0.9891343372229002,
            0.9881373438262104,
            0.9865807454977799,
            0.98405689320298,
            0.9803365974007511,
            0.9751554192378947,
            0.9682987726165779
        ],
        "prompts": [
            "N/A",
            "N/A",
            "N/A",
            "N/A",
            "N/A",
            "N/A",
            "N/A",
            "N/A",
            "N/A",
            "N/A",
            "N/A",
            "N/A",
            "N/A",
            "N/A",
            "N/A",
            "N/A",
            "N/A",
            "N/A",
            "N/A",
            "N/A",
            "N/A",
            "N/A",
            "N/A",
            "N/A",
            "N/A",
            "N/A",
            "N/A",
            "N/A",
            "N/A",
            "N/A",
            "N/A",
            "N/A",
            "N/A",
            "N/A",
            "N/A",
            "N/A",
            "N/A",
            "N/A",
            "N/A",
            "N/A",
            "N/A",
            "N/A",
            "N/A",
            "N/A",
            "N/A",
            "N/A",
            "N/A",
            "N/A",
            "N/A",
            "N/A",
            "N/A",
            "N/A",
            "N/A",
            "N/A",
            "N/A",
            "N/A",
            "N/A",
            "N/A",
            "N/A",
            "N/A",
            "N/A",
            "N/A",
            "N/A",
            "N/A",
            "N/A",
            "N/A",
            "N/A"
        ],