{
    "wolf_id": 168,
    "beta": 0.1,
    "gamma": 1.5,
    "delta": 0.75,
    "alive": false,
    "born_at_step": 371,
    "died_at_step": 386,
    "thetas": [
        0.5,
        0.9881373438262104,
        0.9865807454977799,
        0.98405689320298,
        0.9803365974007511,
        0.9751554192378947,
        0.9682987726165779,
        0.9597405080453224,
        0.9498101578187047,
        0.9393144353185648,
        0.9287140484111259,
        0.9184985185575745,
        0.910067412129283,
        0.9029874445728362,
        0.8975355028016064,
        0.8938957621030782
    ],
    "decision_history": {
        "history_steps": [
            372,
            373,
            374,
            375,
            376,
            377,
            378,
            379,
            380,
            381,
            382,
            383,
            384,
            385,
            386
        ],
        "new_thetas": [
            0.9881373438262104,
            0.9865807454977799,
            0.98405689320298,
            0.9803365974007511,
            0.9751554192378947,
            0.9682987726165779,
            0.9597405080453224,
            0.9498101578187047,
            0.9393144353185648,
            0.9287140484111259,
            0.9184985185575745,
            0.910067412129283,
            0.9029874445728362,
            0.8975355028016064,
            0.8938957621030782
        ],
        "prompts": [
            "N/A",
            "N/A",
            "N/A",
            "N/A",
            "N/A",
            "N/A",
            "N/A",
            "N/A",
            "N/A",
            "N/A",
            "N/A",
            "N/A",
            "N/A",
            "N/A",
            "N/A"
        ],
        "explanations": [
            "Calculated theta: 0.9881 based on sheep population: 41.65",
            "Calculated theta: 0.9866 based on sheep population: 36.76",
            "Calculated theta: 0.9841 based on sheep population: 30.86",
            "Calculated theta: 0.9803 based on sheep population: 24.93",
            "Calculated theta: 0.9752 based on sheep population: 19.63",
            "Calculated theta: 0.9683 based on sheep population: 15.27",
            "Calculated theta: 0.9597 based on sheep population: 11.92",
            "Calculated theta: 0.9498 based on sheep population: 9.46",
            "Calculated theta: 0.9393 based on sheep population: 7.74",
            "Calculated theta: 0.9287 based on sheep population: 6.51",
            "Calculated theta: 0.9185 based on sheep population: 5.63",
            "Calculated theta: 0.9101 based on sheep population: 5.06",
            "Calculated theta: 0.9030 based on sheep population: 4.65",
            "Calculated theta: 0.8975 based on sheep population: 4.38",
            "Calculated theta: 0.8939 based on sheep population: 4.21"
        ],
        "vocalizations": [
            "Calculated theta: 0.9881 based on sheep population: 41.65",
            "Calculated theta: 0.9866 based on sheep population: 36.76",
            "Calculated theta: 0.9841 based on sheep population: 30.86",
            "Calculated theta: 0.9803 based on sheep population: 24.93",
            "Calculated theta: 0.9752 based on sheep population: 19.63",
            "Calculated theta: 0.9683 based on sheep population: 15.27",
            "Calculated theta: 0.9597 based on sheep population: 11.92",
            "Calculated theta: 0.9498 based on sheep population: 9.46",
            "Calculated theta: 0.9393 based on sheep population: 7.74",
            "Calculated theta: 0.9287 based on sheep population: 6.51",
            "Calculated theta: 0.9185 based on sheep population: 5.63",
            "Calculated theta: 0.9101 based on sheep population: 5.06",
            "Calculated theta: 0.9030 based on sheep population: 4.65",
            "Calculated theta: 0.8975 based on sheep population: 4.38",
            "Calculated theta: 0.8939 based on sheep population: 4.21"
        ]
    }
}