{
    "wolf_id": 156,
    "beta": 0.1,
    "gamma": 1.5,
    "delta": 0.75,
    "alive": false,
    "born_at_step": 366,
    "died_at_step": 380,
    "thetas": [
        0.5,
        0.9900990295068721,
        0.9900990295068721,
        0.9900108991753785,
        0.9896979762611905,
        0.9891343372229002,
        0.9881373438262104,
        0.9865807454977799,
        0.98405689320298,
        0.9803365974007511,
        0.9751554192378947,
        0.9682987726165779,
        0.9597405080453224,
        0.9498101578187047,
        0.9393144353185648
    ],
    "decision_history": {
        "history_steps": [
            367,
            368,
            369,
            370,
            371,
            372,
            373,
            374,
            375,
            376,
            377,
            378,
            379,
            380
        ],
        "new_thetas": [
            0.9900990295068721,
            0.9900990295068721,
            0.9900108991753785,
            0.9896979762611905,
            0.9891343372229002,
            0.9881373438262104,
            0.9865807454977799,
            0.98405689320298,
            0.9803365974007511,
            0.9751554192378947,
            0.9682987726165779,
            0.9597405080453224,
            0.9498101578187047,
            0.9393144353185648
        ],
        "prompts": [
            "N/A",
            "N/A",
            "N/A",
            "N/A",
            "N/A",
            "N/A",
            "N/A",
            "N/A",
            "N/A",
            "N/A",
            "N/A",
            "N/A",
            "N/A",
            "N/A"
        ],
        "explanations": [
            "Calculated theta: 0.9901 based on sheep population: 50.00",
            "Calculated theta: 0.9901 based on sheep population: 50.00",
            "Calculated theta: 0.9900 based on sheep population: 49.55",
            "Calculated theta: 0.9897 based on sheep population: 48.03",
            "Calculated theta: 0.9891 based on sheep population: 45.52",
            "Calculated theta: 0.9881 based on sheep population: 41.65",
            "Calculated theta: 0.9866 based on sheep population: 36.76",
            "Calculated theta: 0.9841 based on sheep population: 30.86",
            "Calculated theta: 0.9803 based on sheep population: 24.93",
            "Calculated theta: 0.9752 based on sheep population: 19.63",
            "Calculated theta: 0.9683 based on sheep population: 15.27",
            "Calculated theta: 0.9597 based on sheep population: 11.92",
            "Calculated theta: 0.9498 based on sheep population: 9.46",
            "Calculated theta: 0.9393 based on sheep population: 7.74"
        ],
        "vocalizations": [
            "Calculated theta: 0.9901 based on sheep population: 50.00",
            "Calculated theta: 0.9901 based on sheep population: 50.00",
            "Calculated theta: 0.9900 based on sheep population: 49.55",
            "Calculated theta: 0.9897 based on sheep population: 48.03",
            "Calculated theta: 0.9891 based on sheep population: 45.52",
            "Calculated theta: 0.9881 based on sheep population: 41.65",
            "Calculated theta: 0.9866 based on sheep population: 36.76",
            "Calculated theta: 0.9841 based on sheep population: 30.86",
            "Calculated theta: 0.9803 based on sheep population: 24.93",
            "Calculated theta: 0.9752 based on sheep population: 19.63",
            "Calculated theta: 0.9683 based on sheep population: 15.27",
            "Calculated theta: 0.9597 based on sheep population: 11.92",
            "Calculated theta: 0.9498 based on sheep population: 9.46",
            "Calculated theta: 0.9393 based on sheep population: 7.74"
        ]
    }
}