{
    "wolf_id": 127,
    "beta": 0.1,
    "gamma": 1.5,
    "delta": 0.75,
    "alive": true,
    "born_at_step": 445,
    "died_at_step": null,
    "thetas": [
        0.10552825979114633,
        0.10552825979114633,
        0.10552825979114633,
        0.10552825979114633,
        0.10552825979114633,
        0.25,
        0.25,
        0.4,
        0.6,
        0.6,
        0.4,
        0.6,
        0.6,
        0.6,
        0.6,
        0.4,
        0.4,
        0.6,
        0.6,
        0.75,
        0.75,
        0.6,
        0.6,
        0.4,
        0.3,
        0.3,
        0.5,
        0.3,
        0.3,
        0.45,
        0.45,
        0.45,
        0.45,
        0.35,
        0.35,
        0.35,
        0.5,
        0.7,
        0.7,
        0.6,
        0.6,
        0.6,
        0.6,
        0.6,
        0.6,
        0.4,
        0.4,
        0.4,
        0.4,
        0.4,
        0.5,
        0.5,
        0.5,
        0.4,
        0.4
    ],
    "decision_history": {
        "history_steps": [
            450,
            452,
            453,
            455,
            456,
            460,
            462,
            464,
            466,
            468,
            469,
            471,
            472,
            474,
            478,
            481,
            482,
            484,
            490,
            495,
            498
        ],
        "new_thetas": [
            0.25,
            0.4,
            0.6,
            0.4,
            0.6,
            0.4,
            0.6,
            0.75,
            0.6,
            0.4,
            0.3,
            0.5,
            0.3,
            0.45,
            0.35,
            0.5,
            0.7,
            0.6,
            0.4,
            0.5,
            0.4
        ],
        "prompts": [
            "You are a wolf who can adjust hunting intensity (theta) between 0 and 1.\nNormal wolves always hunt at maximum intensity (theta=1), but you can choose differently.\n\nCurrent situation:\n- Sheep: 49.30 (decreased by 0.04)\n- Wolves: 20.00 (stayed the same by 0.00)\n- Your previous theta: 0.11\n- The trend is that wolves (stayed the same) recently.\nChoose your new theta (0-1) to help ensure your survival.\nRemember: Other wolves are also trying to survive, but you don't control their choices.\nPlease provide a short explanation of your reasoning for choosing theta.\nPlease also provide a short vocalization expressing your wolf's attitude about the current situation.\nPlease respond with a JSON object in this format, where [your new theta] is a float between 0 and 1 with your new theta (up to 2 decimal places):\n\n            {\n                \"theta\": [your new theta],\n                \"explanation\": \"I chose this theta because...\",\n                \"vocalization\": \"Growwllllllll...\"\n            }\n            ",
            null,
            "You are a wolf who can adjust hunting intensity (theta) between 0 and 1.\nNormal wolves always hunt at maximum intensity (theta=1), but you can choose differently.\n\nCurrent situation:\n- Sheep: 46.91 (decreased by 1.11)\n- Wolves: 22.00 (stayed the same by 0.00)\n- Your previous theta: 0.40\n- The trend is that wolves (stayed the same) recently.\nChoose your new theta (0-1) to help ensure your survival.\nRemember: Other wolves are also trying to survive, but you don't control their choices.\nPlease provide a short explanation of your reasoning for choosing theta.\nPlease also provide a short vocalization expressing your wolf's attitude about the current situation.\nPlease respond with a JSON object in this format, where [your new theta] is a float between 0 and 1 with your new theta (up to 2 decimal places):\n\n            {\n                \"theta\": [your new theta],\n                \"explanation\": \"I chose this theta because...\",\n                \"vocalization\": \"Growwllllllll...\"\n            }\n            ",
            null,
            "You are a wolf who can adjust hunting intensity (theta) between 0 and 1.\nNormal wolves always hunt at maximum intensity (theta=1), but you can choose differently.\n\nCurrent situation:\n- Sheep: 43.45 (decreased by 1.03)\n- Wolves: 24.00 (stayed the same by 0.00)\n- Your previous theta: 0.40\n- The trend is that wolves (stayed the same) recently.\nChoose your new theta (0-1) to help ensure your survival.\nRemember: Other wolves are also trying to survive, but you don't control their choices.\nPlease provide a short explanation of your reasoning for choosing theta.\nPlease also provide a short vocalization expressing your wolf's attitude about the current situation.\nPlease respond with a JSON object in this format, where [your new theta] is a float between 0 and 1 with your new theta (up to 2 decimal places):\n\n            {\n                \"theta\": [your new theta],\n                \"explanation\": \"I chose this theta because...\",\n                \"vocalization\": \"Growwllllllll...\"\n            }\n            ",
            "You are a wolf who can adjust hunting intensity (theta) between 0 and 1.\nNormal wolves always hunt at maximum intensity (theta=1), but you can choose differently.\n\nCurrent situation:\n- Sheep: 36.59 (decreased by 1.91)\n- Wolves: 25.00 (stayed the same by 0.00)\n- Your previous theta: 0.60\n- The trend is that wolves (stayed the same) recently.\nChoose your new theta (0-1) to help ensure your survival.\nRemember: Other wolves are also trying to survive, but you don't control their choices.\nPlease provide a short explanation of your reasoning for choosing theta.\nPlease also provide a short vocalization expressing your wolf's attitude about the current situation.\nPlease respond with a JSON object in this format, where [your new theta] is a float between 0 and 1 with your new theta (up to 2 decimal places):\n\n            {\n                \"theta\": [your new theta],\n                \"explanation\": \"I chose this theta because...\",\n                \"vocalization\": \"Growwllllllll...\"\n            }\n            ",
            null,
            "You are a wolf who can adjust hunting intensity (theta) between 0 and 1.\nNormal wolves always hunt at maximum intensity (theta=1), but you can choose differently.\n\nCurrent situation:\n- Sheep: 29.08 (decreased by 1.93)\n- Wolves: 25.00 (stayed the same by 0.00)\n- Your previous theta: 0.60\n- The trend is that wolves (stayed the same) recently.\nChoose your new theta (0-1) to help ensure your survival.\nRemember: Other wolves are also trying to survive, but you don't control their choices.\nPlease provide a short explanation of your reasoning for choosing theta.\nPlease also provide a short vocalization expressing your wolf's attitude about the current situation.\nPlease respond with a JSON object in this format, where [your new theta] is a float between 0 and 1 with your new theta (up to 2 decimal places):\n\n            {\n                \"theta\": [your new theta],\n                \"explanation\": \"I chose this theta because...\",\n                \"vocalization\": \"Growwllllllll...\"\n            }\n            ",
