{
    "wolf_id": 177,
    "beta": 0.1,
    "gamma": 1.5,
    "delta": 0.75,
    "alive": false,
    "born_at_step": 74,
    "died_at_step": 92,
    "thetas": [
        0.7788014302279507,
        0.3448838628047166,
        0.3443342561792528,
        0.33951148198206615,
        0.32997645454768715,
        0.315673940299638,
        0.297815705035689,
        0.2784750111853063,
        0.2592956071577357,
        0.2419495550169762,
        0.22680054325607873,
        0.2143911347724842,
        0.2044982664365341,
        0.19728092595551072,
        0.19212095524986458,
        0.18893284720737022,
        0.1873748343871714,
        0.18690922097989018,
        0.18773268259908643
    ],
    "decision_history": {
        "history_steps": [
            75,
            76,
            77,
            78,
            79,
            80,
            81,
            82,
            83,
            84,
            85,
            86,
            87,
            88,
            89,
            90,
            91,
            92
        ],
        "new_thetas": [
            0.3448838628047166,
            0.3443342561792528,
            0.33951148198206615,
            0.32997645454768715,
            0.315673940299638,
            0.297815705035689,
            0.2784750111853063,
            0.2592956071577357,
            0.2419495550169762,
            0.22680054325607873,
            0.2143911347724842,
            0.2044982664365341,
            0.19728092595551072,
            0.19212095524986458,
            0.18893284720737022,
            0.1873748343871714,
            0.18690922097989018,
            0.18773268259908643
        ],
        "prompts": [
            "N/A",
            "N/A",
            "N/A",
            "N/A",
            "N/A",
            "N/A",
            "N/A",
            "N/A",
            "N/A",
            "N/A",
            "N/A",
            "N/A",
            "N/A",
            "N/A",
            "N/A",
            "N/A",
            "N/A",
            "N/A"
        ],
        "explanations": [
            "Calculated theta: 0.3449 based on sheep population: 131.61",
            "Calculated theta: 0.3443 based on sheep population: 131.29",
            "Calculated theta: 0.3395 based on sheep population: 128.51",
            "Calculated theta: 0.3300 based on sheep population: 123.12",
            "Calculated theta: 0.3157 based on sheep population: 115.32",
            "Calculated theta: 0.2978 based on sheep population: 106.03",
            "Calculated theta: 0.2785 based on sheep population: 96.49",
            "Calculated theta: 0.2593 based on sheep population: 87.52",
            "Calculated theta: 0.2419 based on sheep population: 79.79",
            "Calculated theta: 0.2268 based on sheep population: 73.33",
            "Calculated theta: 0.2144 based on sheep population: 68.22",
            "Calculated theta: 0.2045 based on sheep population: 64.27",
            "Calculated theta: 0.1973 based on sheep population: 61.44",
            "Calculated theta: 0.1921 based on sheep population: 59.45",
            "Calculated theta: 0.1889 based on sheep population: 58.24",
            "Calculated theta: 0.1874 based on sheep population: 57.64",
            "Calculated theta: 0.1869 based on sheep population: 57.47",
            "Calculated theta: 0.1877 based on sheep population: 57.78"
        ],
        "vocalizations": [
            "Calculated theta: 0.3449 based on sheep population: 131.61",
            "Calculated theta: 0.3443 based on sheep population: 131.29",
            "Calculated theta: 0.3395 based on sheep population: 128.51",
            "Calculated theta: 0.3300 based on sheep population: 123.12",
            "Calculated theta: 0.3157 based on sheep population: 115.32",
            "Calculated theta: 0.2978 based on sheep population: 106.03",
            "Calculated theta: 0.2785 based on sheep population: 96.49",
            "Calculated theta: 0.2593 based on sheep population: 87.52",
            "Calculated theta: 0.2419 based on sheep population: 79.79",
            "Calculated theta: 0.2268 based on sheep population: 73.33",
            "Calculated theta: 0.2144 based on sheep population: 68.22",
            "Calculated theta: 0.2045 based on sheep population: 64.27",
            "Calculated theta: 0.1973 based on sheep population: 61.44",
            "Calculated theta: 0.1921 based on sheep population: 59.45",
            "Calculated theta: 0.1889 based on sheep population: 58.24",
            "Calculated theta: 0.1874 based on sheep population: 57.64",
            "Calculated theta: 0.1869 based on sheep population: 57.47",
            "Calculated theta: 0.1877 based on sheep population: 57.78"
        ]
    }
}