{
    "wolf_id": 187,
    "beta": 0.1,
    "gamma": 1.5,
    "delta": 0.75,
    "alive": false,
    "born_at_step": 76,
    "died_at_step": 96,
    "thetas": [
        0.5313365067975641,
        0.33951148198206615,
        0.32997645454768715,
        0.315673940299638,
        0.297815705035689,
        0.2784750111853063,
        0.2592956071577357,
        0.2419495550169762,
        0.22680054325607873,
        0.2143911347724842,
        0.2044982664365341,
        0.19728092595551072,
        0.19212095524986458,
        0.18893284720737022,
        0.1873748343871714,
        0.18690922097989018,
        0.18773268259908643,
        0.18943734505173015,
        0.19198555251562632,
        0.19503774061330437,
        0.19892971953409844
    ],
    "decision_history": {
        "history_steps": [
            77,
            78,
            79,
            80,
            81,
            82,
            83,
            84,
            85,
            86,
            87,
            88,
            89,
            90,
            91,
            92,
            93,
            94,
            95,
            96
        ],
        "new_thetas": [
            0.33951148198206615,
            0.32997645454768715,
            0.315673940299638,
            0.297815705035689,
            0.2784750111853063,
            0.2592956071577357,
            0.2419495550169762,
            0.22680054325607873,
            0.2143911347724842,
            0.2044982664365341,
            0.19728092595551072,
            0.19212095524986458,
            0.18893284720737022,
            0.1873748343871714,
            0.18690922097989018,
            0.18773268259908643,
            0.18943734505173015,
            0.19198555251562632,
            0.19503774061330437,
            0.19892971953409844
        ],
        "prompts": [
            "N/A",
            "N/A",
            "N/A",
            "N/A",
            "N/A",
            "N/A",
            "N/A",
            "N/A",
            "N/A",
            "N/A",
            "N/A",
            "N/A",
            "N/A",
            "N/A",
            "N/A",
            "N/A",
            "N/A",
            "N/A",
            "N/A",
            "N/A"
        ],
        "explanations": [
            "Calculated theta: 0.3395 based on sheep population: 128.51",
            "Calculated theta: 0.3300 based on sheep population: 123.12",
            "Calculated theta: 0.3157 based on sheep population: 115.32",
            "Calculated theta: 0.2978 based on sheep population: 106.03",
            "Calculated theta: 0.2785 based on sheep population: 96.49",
            "Calculated theta: 0.2593 based on sheep population: 87.52",
            "Calculated theta: 0.2419 based on sheep population: 79.79",
            "Calculated theta: 0.2268 based on sheep population: 73.33",
            "Calculated theta: 0.2144 based on sheep population: 68.22",
            "Calculated theta: 0.2045 based on sheep population: 64.27",
            "Calculated theta: 0.1973 based on sheep population: 61.44",
            "Calculated theta: 0.1921 based on sheep population: 59.45",
            "Calculated theta: 0.1889 based on sheep population: 58.24",
            "Calculated theta: 0.1874 based on sheep population: 57.64",
            "Calculated theta: 0.1869 based on sheep population: 57.47",
            "Calculated theta: 0.1877 based on sheep population: 57.78",
            "Calculated theta: 0.1894 based on sheep population: 58.43",
            "Calculated theta: 0.1920 based on sheep population: 59.40",
            "Calculated theta: 0.1950 based on sheep population: 60.57",
            "Calculated theta: 0.1989 based on sheep population: 62.08"
        ],
        "vocalizations": [
            "Calculated theta: 0.3395 based on sheep population: 128.51",
            "Calculated theta: 0.3300 based on sheep population: 123.12",
            "Calculated theta: 0.3157 based on sheep population: 115.32",
            "Calculated theta: 0.2978 based on sheep population: 106.03",
            "Calculated theta: 0.2785 based on sheep population: 96.49",
            "Calculated theta: 0.2593 based on sheep population: 87.52",
            "Calculated theta: 0.2419 based on sheep population: 79.79",
            "Calculated theta: 0.2268 based on sheep population: 73.33",
            "Calculated theta: 0.2144 based on sheep population: 68.22",
            "Calculated theta: 0.2045 based on sheep population: 64.27",
            "Calculated theta: 0.1973 based on sheep population: 61.44",
            "Calculated theta: 0.1921 based on sheep population: 59.45",
            "Calculated theta: 0.1889 based on sheep population: 58.24",
            "Calculated theta: 0.1874 based on sheep population: 57.64",
            "Calculated theta: 0.1869 based on sheep population: 57.47",
            "Calculated theta: 0.1877 based on sheep population: 57.78",
            "Calculated theta: 0.1894 based on sheep population: 58.43",
            "Calculated theta: 0.1920 based on sheep population: 59.40",
            "Calculated theta: 0.1950 based on sheep population: 60.57",
            "Calculated theta: 0.1989 based on sheep population: 62.08"
        ]
    }
}