{
    "wolf_id": 3,
    "beta": 0.1,
    "gamma": 1.5,
    "delta": 0.75,
    "alive": false,
    "born_at_step": 0,
    "died_at_step": 3,
    "thetas": [
        0.9085496895330093,
        0.04943001922812957,
        0.05385250188212113,
        0.0586515951327868,
        0.06385878976871662
    ],
    "decision_history": {
        "history_steps": [
            0,
            1,
            2,
            3
        ],
        "new_thetas": [
            0.04943001922812957,
            0.05385250188212113,
            0.0586515951327868,
            0.06385878976871662
        ],
        "prompts": [
            "N/A",
            "N/A",
            "N/A",
            "N/A"
        ],
        "explanations": [
            "Calculated theta: 0.0494 based on sheep population: 13.00",
            "Calculated theta: 0.0539 based on sheep population: 14.23",
            "Calculated theta: 0.0587 based on sheep population: 15.58",
            "Calculated theta: 0.0639 based on sheep population: 17.05"
        ],
        "vocalizations": [
            "Calculated theta: 0.0494 based on sheep population: 13.00",
            "Calculated theta: 0.0539 based on sheep population: 14.23",
            "Calculated theta: 0.0587 based on sheep population: 15.58",
            "Calculated theta: 0.0639 based on sheep population: 17.05"
        ]
    }
}