{
    "wolf_id": 198,
    "beta": 0.1,
    "gamma": 1.5,
    "delta": 0.75,
    "alive": false,
    "born_at_step": 78,
    "died_at_step": 128,
    "thetas": [
        0.823131960747121,
        0.315673940299638,
        0.297815705035689,
        0.2784750111853063,
        0.2592956071577357,
        0.2419495550169762,
        0.22680054325607873,
        0.2143911347724842,
        0.2044982664365341,
        0.19728092595551072,
        0.19212095524986458,
        0.18893284720737022,
        0.1873748343871714,
        0.18690922097989018,
        0.18773268259908643,
        0.18943734505173015,
        0.19198555251562632,
        0.19503774061330437,
        0.19892971953409844,
        0.2033336528264258,
        0.20826997524496915,
        0.21376569083556263,
        0.21946535850902674,
        0.22538458763213437,
        0.23154007384225855,
        0.2379496976999787,
        0.24416601133992524,
        0.25018098814543427,
        0.2559885145637511,
        0.26158427306977283,
        0.26696560882523124,
        0.27213138562603634,
        0.2770818361001669,
        0.28121536188294777,
        0.2839109015421389,
        0.28582344126157455,
        0.2863403698436045,
        0.28553400567686793,
        0.2835023630658551,
        0.28036344488534837,
        0.2756192874573028,
        0.2701201158858518,
        0.2640091990528573,
        0.2574242572115131,
        0.2510448582055911,
        0.24487402657334656,
        0.2394182175064986,
        0.23457791636745223,
        0.23027023856251955,
        0.22642569525501427,
        0.2234255637358877
    ],
    "decision_history": {
        "history_steps": [
            79,
            80,
            81,
            82,
            83,
            84,
            85,
            86,
            87,
            88,
            89,
            90,
            91,
            92,
            93,
            94,
            95,
            96,
            97,
            98,
            99,
            100,
            101,
            102,
            103,
            104,
            105,
            106,
            107,
            108,
            109,
            110,
            111,
            112,
            113,
            114,
            115,
            116,
            117,
            118,
            119,
            120,
            121,
            122,
            123,
            124,
            125,
            126,
            127,
            128
        ],
        "new_thetas": [
            0.315673940299638,
            0.297815705035689,
            0.2784750111853063,
            0.2592956071577357,
            0.2419495550169762,
            0.22680054325607873,
            0.2143911347724842,
            0.2044982664365341,
            0.19728092595551072,
            0.19212095524986458,
            0.18893284720737022,
            0.1873748343871714,
            0.18690922097989018,
            0.18773268259908643,
            0.18943734505173015,
            0.19198555251562632,
            0.19503774061330437,
            0.19892971953409844,
            0.2033336528264258,
            0.20826997524496915,
            0.21376569083556263,
            0.21946535850902674,
            0.22538458763213437,
            0.23154007384225855,
            0.2379496976999787,
            0.24416601133992524,
            0.25018098814543427,
            0.2559885145637511,
            0.26158427306977283,
            0.26696560882523124,
            0.27213138562603634,
            0.2770818361001669,
            0.28121536188294777,
            0.2839109015421389,
            0.28582344126157455,
            0.2863403698436045,
            0.28553400567686793,
            0.2835023630658551,
            0.28036344488534837,
            0.2756192874573028,
            0.2701201158858518,
            0.2640091990528573,
            0.2574242572115131,
            0.2510448582055911,
            0.24487402657334656,
            0.2394182175064986,
            0.23457791636745223,
            0.23027023856251955,
            0.22642569525501427,
            0.2234255637358877
        ],
        "prompts": [
            "N/A",
            "N/A",
            "N/A",
            "N/A",
            "N/A",
            "N/A",
            "N/A",
            "N/A",
            "N/A",
            "N/A",
            "N/A",
            "N/A",
            "N/A",
            "N/A",
            "N/A",
            "N/A",
            "N/A",
            "N/A",
            "N/A",
            "N/A",
            "N/A",
            "N/A",
            "N/A",
            "N/A",
            "N/A",
            "N/A",
            "N/A",
            "N/A",
            "N/A",
            "N/A",
            "N/A",
            "N/A",
            "N/A",
            "N/A",
            "N/A",
            "N/A",
            "N/A",
            "N/A",
            "N/A",
            "N/A",
            "N/A",
            "N/A",
            "N/A",
            "N/A",
            "N/A",
            "N/A",
            "N/A",
            "N/A",
            "N/A",
            "N/A"
        ],