{
    "wolf_id": 9,
    "beta": 0.1,
    "gamma": 1.5,
    "delta": 0.75,
    "alive": false,
    "born_at_step": 0,
    "died_at_step": 40,
    "thetas": [
        0.8128342186172889,
        0.04943001922812957,
        0.05385250188212113,
        0.0586515951327868,
        0.06385878976871662,
        0.06950858624793164,
        0.07563890084057931,
        0.08229154040134325,
        0.08951275600972064,
        0.09727500760043464,
        0.10569507246577727,
        0.11472559285248225,
        0.12451609574534807,
        0.1349917622963001,
        0.14617536365634742,
        0.15808627418955032,
        0.17096425869000018,
        0.1846417921548721,
        0.1991288534435497,
        0.21442916421466865,
        0.23053944240195462,
        0.24744872873125037,
        0.2651378196602414,
        0.2835788404154781,
        0.30273499010734106,
        0.32256048699387146,
        0.3430007357766375,
        0.36399273049015124,
        0.3854656964610779,
        0.40734196355342206,
        0.4295380512496335,
        0.4519659349250203,
        0.4733999084389736,
        0.49362669949779747,
        0.50000009999998,
        0.50000009999998,
        0.50000009999998,
        0.4861254828995247,
        0.4406124174902664,
        0.3498558977550076,
        0.24516066315212337,
        0.1813371039316939
    ],
    "decision_history": {
        "history_steps": [
            0,
            1,
            2,
            3,
            4,
            5,
            6,
            7,
            8,
            9,
            10,
            11,
            12,
            13,
            14,
            15,
            16,
            17,
            18,
            19,
            20,
            21,
            22,
            23,
            24,
            25,
            26,
            27,
            28,
            29,
            30,
            31,
            32,
            33,
            34,
            35,
            36,
            37,
            38,
            39,
            40
        ],
        "new_thetas": [
            0.04943001922812957,
            0.05385250188212113,
            0.0586515951327868,
            0.06385878976871662,
            0.06950858624793164,
            0.07563890084057931,
            0.08229154040134325,
            0.08951275600972064,
            0.09727500760043464,
            0.10569507246577727,
            0.11472559285248225,
            0.12451609574534807,
            0.1349917622963001,
            0.14617536365634742,
            0.15808627418955032,
            0.17096425869000018,
            0.1846417921548721,
            0.1991288534435497,
            0.21442916421466865,
            0.23053944240195462,
            0.24744872873125037,
            0.2651378196602414,
            0.2835788404154781,
            0.30273499010734106,
            0.32256048699387146,
            0.3430007357766375,
            0.36399273049015124,
            0.3854656964610779,
            0.40734196355342206,
            0.4295380512496335,
            0.4519659349250203,
            0.4733999084389736,
            0.49362669949779747,
            0.50000009999998,
            0.50000009999998,
            0.50000009999998,
            0.4861254828995247,
            0.4406124174902664,
            0.3498558977550076,
            0.24516066315212337,
            0.1813371039316939
        ],
        "prompts": [
            "N/A",
            "N/A",
            "N/A",
            "N/A",
            "N/A",
            "N/A",
            "N/A",
            "N/A",
            "N/A",
            "N/A",
            "N/A",
            "N/A",
            "N/A",
            "N/A",
            "N/A",
            "N/A",
            "N/A",
            "N/A",
            "N/A",
            "N/A",
            "N/A",
            "N/A",
            "N/A",
            "N/A",
            "N/A",
            "N/A",
            "N/A",
            "N/A",
            "N/A",
            "N/A",
            "N/A",
            "N/A",
            "N/A",
            "N/A",
            "N/A",
            "N/A",
            "N/A",
            "N/A",
            "N/A",
            "N/A",
            "N/A"
        ],
        "explanations": [
            "Calculated theta: 0.0494 based on sheep population: 13.00",
            "Calculated theta: 0.0539 based on sheep population: 14.23",
            "Calculated theta: 0.0587 based on sheep population: 15.58",
            "Calculated theta: 0.0639 based on sheep population: 17.05",
            "Calculated theta: 0.0695 based on sheep population: 18.68",
            "Calculated theta: 0.0756 based on sheep population: 20.46",
            "Calculated theta: 0.0823 based on sheep population: 22.42",
            "Calculated theta: 0.0895 based on sheep population: 24.58",
            "Calculated theta: 0.0973 based on sheep population: 26.94",
            "Calculated theta: 0.1057 based on sheep population: 29.55",
            "Calculated theta: 0.1147 based on sheep population: 32.40",
            "Calculated theta: 0.1245 based on sheep population: 35.56",
            "Calculated theta: 0.1350 based on sheep population: 39.01",
            "Calculated theta: 0.1462 based on sheep population: 42.80",
            "Calculated theta: 0.1581 based on sheep population: 46.94",
            "Calculated theta: 0.1710 based on sheep population: 51.56",
            "Calculated theta: 0.1846 based on sheep population: 56.61",
            "Calculated theta: 0.1991 based on sheep population: 62.16",
            "Calculated theta: 0.2144 based on sheep population: 68.24",
            "Calculated theta: 0.2305 based on sheep population: 74.90",
            "Calculated theta: 0.2474 based on sheep population: 82.20",
            "Calculated theta: 0.2651 based on sheep population: 90.20",
            "Calculated theta: 0.2836 based on sheep population: 98.96",
            "Calculated theta: 0.3027 based on sheep population: 108.54",
            "Calculated theta: 0.3226 based on sheep population: 119.04",
            "Calculated theta: 0.3430 based on sheep population: 130.52",
            "Calculated theta: 0.3640 based on sheep population: 143.08",
            "Calculated theta: 0.3855 based on sheep population: 156.81",
            "Calculated theta: 0.4073 based on sheep population: 171.83",
            "Calculated theta: 0.4295 based on sheep population: 188.24",
            "Calculated theta: 0.4520 based on sheep population: 206.18",
            "Calculated theta: 0.4734 based on sheep population: 224.74",
            "Calculated theta: 0.4936 based on sheep population: 243.71",
            "Calculated theta: 0.5000 based on sheep population: 250.00",
            "Calculated theta: 0.5000 based on sheep population: 250.00",
            "Calculated theta: 0.5000 based on sheep population: 250.00",
            "Calculated theta: 0.4861 based on sheep population: 236.50",
            "Calculated theta: 0.4406 based on sheep population: 196.92",
            "Calculated theta: 0.3499 based on sheep population: 134.53",
            "Calculated theta: 0.2452 based on sheep population: 81.20",
            "Calculated theta: 0.1813 based on sheep population: 55.38"
        ],