{
    "wolf_id": 141,
    "beta": 0.1,
    "gamma": 1.5,
    "delta": 0.75,
    "alive": false,
    "born_at_step": 71,
    "died_at_step": 89,
    "thetas": [
        0.5,
        0.410326019120988,
        0.4243512390206276,
        0.4370882225314247,
        0.44844594562816686,
        0.45717817922033666,
        0.46198358966170777,
        0.46283860585006753,
        0.4585537711896472,
        0.4481186632043892,
        0.430879332534131,
        0.40676842562862164,
        0.3789021172681868,
        0.350159715165068,
        0.32272121932946113,
        0.29958711658146064,
        0.2806568688840402,
        0.26563504416992767,
        0.25418660283706856
    ],
    "decision_history": {
        "history_steps": [
            72,
            73,
            74,
            75,
            76,
            77,
            78,
            79,
            80,
            81,
            82,
            83,
            84,
            85,
            86,
            87,
            88,
            89
        ],
        "new_thetas": [
            0.410326019120988,
            0.4243512390206276,
            0.4370882225314247,
            0.44844594562816686,
            0.45717817922033666,
            0.46198358966170777,
            0.46283860585006753,
            0.4585537711896472,
            0.4481186632043892,
            0.430879332534131,
            0.40676842562862164,
            0.3789021172681868,
            0.350159715165068,
            0.32272121932946113,
            0.29958711658146064,
            0.2806568688840402,
            0.26563504416992767,
            0.25418660283706856
        ],
        "prompts": [
            "N/A",
            "N/A",
            "N/A",
            "N/A",
            "N/A",
            "N/A",
            "N/A",
            "N/A",
            "N/A",
            "N/A",
            "N/A",
            "N/A",
            "N/A",
            "N/A",
            "N/A",
            "N/A",
            "N/A",
            "N/A"
        ],
        "explanations": [
            "Calculated theta: 0.4103 based on sheep population: 86.98",
            "Calculated theta: 0.4244 based on sheep population: 92.15",
            "Calculated theta: 0.4371 based on sheep population: 97.06",
            "Calculated theta: 0.4484 based on sheep population: 101.63",
            "Calculated theta: 0.4572 based on sheep population: 105.28",
            "Calculated theta: 0.4620 based on sheep population: 107.33",
            "Calculated theta: 0.4628 based on sheep population: 107.70",
            "Calculated theta: 0.4586 based on sheep population: 105.86",
            "Calculated theta: 0.4481 based on sheep population: 101.50",
            "Calculated theta: 0.4309 based on sheep population: 94.64",
            "Calculated theta: 0.4068 based on sheep population: 85.71",
            "Calculated theta: 0.3789 based on sheep population: 76.26",
            "Calculated theta: 0.3502 based on sheep population: 67.35",
            "Calculated theta: 0.3227 based on sheep population: 59.56",
            "Calculated theta: 0.2996 based on sheep population: 53.47",
            "Calculated theta: 0.2807 based on sheep population: 48.77",
            "Calculated theta: 0.2656 based on sheep population: 45.21",
            "Calculated theta: 0.2542 based on sheep population: 42.60"
        ],
        "vocalizations": [
            "Calculated theta: 0.4103 based on sheep population: 86.98",
            "Calculated theta: 0.4244 based on sheep population: 92.15",
            "Calculated theta: 0.4371 based on sheep population: 97.06",
            "Calculated theta: 0.4484 based on sheep population: 101.63",
            "Calculated theta: 0.4572 based on sheep population: 105.28",
            "Calculated theta: 0.4620 based on sheep population: 107.33",
            "Calculated theta: 0.4628 based on sheep population: 107.70",
            "Calculated theta: 0.4586 based on sheep population: 105.86",
            "Calculated theta: 0.4481 based on sheep population: 101.50",
            "Calculated theta: 0.4309 based on sheep population: 94.64",
            "Calculated theta: 0.4068 based on sheep population: 85.71",
            "Calculated theta: 0.3789 based on sheep population: 76.26",
            "Calculated theta: 0.3502 based on sheep population: 67.35",
            "Calculated theta: 0.3227 based on sheep population: 59.56",
            "Calculated theta: 0.2996 based on sheep population: 53.47",
            "Calculated theta: 0.2807 based on sheep population: 48.77",
            "Calculated theta: 0.2656 based on sheep population: 45.21",
            "Calculated theta: 0.2542 based on sheep population: 42.60"
        ]
    }
}