{
    "wolf_id": 252,
    "beta": 0.1,
    "gamma": 1.5,
    "delta": 0.75,
    "alive": true,
    "born_at_step": 467,
    "died_at_step": null,
    "thetas": [
        0.5,
        0.334775030228102,
        0.3332587260777168,
        0.331853812570175,
        0.3305516595048592,
        0.3293443622566077,
        0.32822467387014276,
        0.3271859442786169,
        0.32622206582469243,
        0.3253274243625272,
        0.3244968553069343,
        0.3237256040730884,
        0.3230092904176817,
        0.32234387625150757,
        0.3217256365451003,
        0.3211511329941979,
        0.3206171901512487,
        0.3201208737636688,
        0.31965947108972387,
        0.3192304729893022,
        0.319594730101324,
        0.3199348363843313,
        0.3202523645780621,
        0.32054878875494175,
        0.32159195852012246,
        0.32256951864507266,
        0.32348536694845187,
        0.3243431998279258,
        0.32514651851968257,
        0.32589863580754647,
        0.32738768013711117,
        0.32878683362067174,
        0.33010107918404674
    ],
    "decision_history": {
        "history_steps": [
            468,
            469,
            470,
            471,
            472,
            473,
            474,
            475,
            476,
            477,
            478,
            479,
            480,
            481,
            482,
            483,
            484,
            485,
            486,
            487,
            488,
            489,
            490,
            491,
            492,
            493,
            494,
            495,
            496,
            497,
            498,
            499
        ],
        "new_thetas": [
            0.334775030228102,
            0.3332587260777168,
            0.331853812570175,
            0.3305516595048592,
            0.3293443622566077,
            0.32822467387014276,
            0.3271859442786169,
            0.32622206582469243,
            0.3253274243625272,
            0.3244968553069343,
            0.3237256040730884,
            0.3230092904176817,
            0.32234387625150757,
            0.3217256365451003,
            0.3211511329941979,
            0.3206171901512487,
            0.3201208737636688,
            0.31965947108972387,
            0.3192304729893022,
            0.319594730101324,
            0.3199348363843313,
            0.3202523645780621,
            0.32054878875494175,
            0.32159195852012246,
            0.32256951864507266,
            0.32348536694845187,
            0.3243431998279258,
            0.32514651851968257,
            0.32589863580754647,
            0.32738768013711117,
            0.32878683362067174,
            0.33010107918404674
        ],
        "prompts": [
            "N/A",
            "N/A",
            "N/A",
            "N/A",
            "N/A",
            "N/A",
            "N/A",
            "N/A",
            "N/A",
            "N/A",
            "N/A",
            "N/A",
            "N/A",
            "N/A",
            "N/A",
            "N/A",
            "N/A",
            "N/A",
            "N/A",
            "N/A",
            "N/A",
            "N/A",
            "N/A",
            "N/A",
            "N/A",
            "N/A",
            "N/A",
            "N/A",
            "N/A",
            "N/A",
            "N/A",
            "N/A"
        ],
        "explanations": [
            "Calculated theta: 0.3348 based on sheep population: 62.91",
            "Calculated theta: 0.3333 based on sheep population: 62.48",
            "Calculated theta: 0.3319 based on sheep population: 62.08",
            "Calculated theta: 0.3306 based on sheep population: 61.72",
            "Calculated theta: 0.3293 based on sheep population: 61.38",
            "Calculated theta: 0.3282 based on sheep population: 61.07",
            "Calculated theta: 0.3272 based on sheep population: 60.79",
            "Calculated theta: 0.3262 based on sheep population: 60.52",
            "Calculated theta: 0.3253 based on sheep population: 60.27",
            "Calculated theta: 0.3245 based on sheep population: 60.05",
            "Calculated theta: 0.3237 based on sheep population: 59.84",
            "Calculated theta: 0.3230 based on sheep population: 59.64",
            "Calculated theta: 0.3223 based on sheep population: 59.46",
            "Calculated theta: 0.3217 based on sheep population: 59.29",
            "Calculated theta: 0.3212 based on sheep population: 59.14",
            "Calculated theta: 0.3206 based on sheep population: 58.99",
            "Calculated theta: 0.3201 based on sheep population: 58.86",
            "Calculated theta: 0.3197 based on sheep population: 58.73",
            "Calculated theta: 0.3192 based on sheep population: 58.62",
            "Calculated theta: 0.3196 based on sheep population: 58.71",
            "Calculated theta: 0.3199 based on sheep population: 58.81",
            "Calculated theta: 0.3203 based on sheep population: 58.89",
            "Calculated theta: 0.3205 based on sheep population: 58.97",
            "Calculated theta: 0.3216 based on sheep population: 59.25",
            "Calculated theta: 0.3226 based on sheep population: 59.52",
            "Calculated theta: 0.3235 based on sheep population: 59.77",
            "Calculated theta: 0.3243 based on sheep population: 60.01",
            "Calculated theta: 0.3251 based on sheep population: 60.23",
            "Calculated theta: 0.3259 based on sheep population: 60.43",
            "Calculated theta: 0.3274 based on sheep population: 60.84",
            "Calculated theta: 0.3288 based on sheep population: 61.23",
            "Calculated theta: 0.3301 based on sheep population: 61.60"
        ],