{
    "wolf_id": 29,
    "beta": 0.1,
    "gamma": 1.5,
    "delta": 0.75,
    "alive": false,
    "born_at_step": 30,
    "died_at_step": 40,
    "thetas": [
        0.6463572635652381,
        0.6463572635652381,
        0.6463572635652381,
        0.6463572635652381,
        0.6463572635652381,
        0.6463572635652381,
        0.6463572635652381,
        0.6463572635652381,
        0.6463572635652381,
        0.6463572635652381,
        0.6463572635652381
    ],
    "decision_history": {
        "history_steps": [],
        "new_thetas": [],
        "prompts": [],
        "explanations": [],
        "vocalizations": []
    }
}