{
    "wolf_id": 45,
    "beta": 0.1,
    "gamma": 1.5,
    "delta": 0.75,
    "alive": false,
    "born_at_step": 31,
    "died_at_step": 42,
    "thetas": [
        0.544308945202922,
        0.544308945202922,
        0.544308945202922,
        0.544308945202922,
        0.544308945202922,
        0.544308945202922,
        0.544308945202922,
        0.544308945202922,
        0.544308945202922,
        0.544308945202922,
        0.544308945202922,
        0.544308945202922
    ],
    "decision_history": {
        "history_steps": [],
        "new_thetas": [],
        "prompts": [],
        "explanations": [],
        "vocalizations": []
    }
}