{
    "wolf_id": 134,
    "beta": 0.1,
    "gamma": 1.5,
    "delta": 0.75,
    "alive": false,
    "born_at_step": 251,
    "died_at_step": 322,
    "thetas": [
        0.7328791766102465,
        0.7328791766102465,
        0.55,
        0.55,
        0.55,
        0.55,
        0.55,
        0.65,
        0.65,
        0.65,
        0.65,
        0.65,
        0.65,
        0.65,
        0.65,
        0.65,
        0.45,
        0.45,
        0.45,
        0.45,
        0.45,
        0.6,
        0.4,
        0.6,
        0.5,
        0.5,
        0.5,
        0.4,
        0.4,
        0.4,
        0.4,
        0.4,
        0.6,
        0.75,
        0.75,
        0.6,
        0.5,
        0.5,
        0.5,
        0.65,
        0.65,
        0.65,
        0.65,
        0.75,
        0.6,
        0.6,
        0.6,
        0.75,
        0.75,
        0.6,
        0.6,
        0.6,
        0.6,
        0.75,
        0.75,
        0.75,
        0.75,
        0.75,
        0.75,
        0.6,
        0.6,
        0.6,
        0.6,
        0.6,
        0.7,
        0.7,
        0.7,
        0.7,
        0.7,
        0.7,
        0.7,
        0.7
    ],
    "decision_history": {
        "history_steps": [
            253,
            258,
            267,
            272,
            273,
            274,
            275,
            278,
            283,
            284,
            286,
            287,
            290,
            294,
            295,
            298,
            300,
            304,
            310,
            315
        ],
        "new_thetas": [
            0.55,
            0.65,
            0.45,
            0.6,
            0.4,
            0.6,
            0.5,
            0.4,
            0.6,
            0.75,
            0.6,
            0.5,
            0.65,
            0.75,
            0.6,
            0.75,
            0.6,
            0.75,
            0.6,
            0.7
        ],
        "prompts": [
            "You are a wolf who can adjust hunting intensity (theta) between 0 and 1.\nNormal wolves always hunt at maximum intensity (theta=1), but you can choose differently.\n\nCurrent situation:\n- Sheep: 44.39 (decreased by 1.39)\n- Wolves: 25.00 (stayed the same by 0.00)\n- Your previous theta: 0.73\n- The trend is that wolves (stayed the same) recently.\nChoose your new theta (0-1) to help ensure your survival.\nRemember: Other wolves are also trying to survive, but you don't control their choices.\nPlease provide a short explanation of your reasoning for choosing theta.\nPlease also provide a short vocalization expressing your wolf's attitude about the current situation.\nPlease respond with a JSON object in this format, where [your new theta] is a float between 0 and 1 with your new theta (up to 2 decimal places):\n\n            {\n                \"theta\": [your new theta],\n                \"explanation\": \"I chose this theta because...\",\n                \"vocalization\": \"Growwllllllll...\"\n            }\n            ",
            null,
            null,
            "You are a wolf who can adjust hunting intensity (theta) between 0 and 1.\nNormal wolves always hunt at maximum intensity (theta=1), but you can choose differently.\n\nCurrent situation:\n- Sheep: 23.97 (increased by 0.36)\n- Wolves: 14.00 (decreased by 1.00)\n- Your previous theta: 0.45\n- The trend is that wolves (decreased) recently.\nChoose your new theta (0-1) to help ensure your survival.\nRemember: Other wolves are also trying to survive, but you don't control their choices.\nPlease provide a short explanation of your reasoning for choosing theta.\nPlease also provide a short vocalization expressing your wolf's attitude about the current situation.\nPlease respond with a JSON object in this format, where [your new theta] is a float between 0 and 1 with your new theta (up to 2 decimal places):\n\n            {\n                \"theta\": [your new theta],\n                \"explanation\": \"I chose this theta because...\",\n                \"vocalization\": \"Growwllllllll...\"\n            }\n            ",
            "You are a wolf who can adjust hunting intensity (theta) between 0 and 1.\nNormal wolves always hunt at maximum intensity (theta=1), but you can choose differently.\n\nCurrent situation:\n- Sheep: 24.53 (increased by 0.56)\n- Wolves: 14.00 (stayed the same by 0.00)\n- Your previous theta: 0.60\n- The trend is that wolves (stayed the same) recently.\nChoose your new theta (0-1) to help ensure your survival.\nRemember: Other wolves are also trying to survive, but you don't control their choices.\nPlease provide a short explanation of your reasoning for choosing theta.\nPlease also provide a short vocalization expressing your wolf's attitude about the current situation.\nPlease respond with a JSON object in this format, where [your new theta] is a float between 0 and 1 with your new theta (up to 2 decimal places):\n\n            {\n                \"theta\": [your new theta],\n                \"explanation\": \"I chose this theta because...\",\n                \"vocalization\": \"Growwllllllll...\"\n            }\n            ",
            "You are a wolf who can adjust hunting intensity (theta) between 0 and 1.\nNormal wolves always hunt at maximum intensity (theta=1), but you can choose differently.\n\nCurrent situation:\n- Sheep: 25.11 (increased by 0.58)\n- Wolves: 13.00 (decreased by 1.00)\n- Your previous theta: 0.40\n- The trend is that wolves (decreased) recently.\nChoose your new theta (0-1) to help ensure your survival.\nRemember: Other wolves are also trying to survive, but you don't control their choices.\nPlease provide a short explanation of your reasoning for choosing theta.\nPlease also provide a short vocalization expressing your wolf's attitude about the current situation.\nPlease respond with a JSON object in this format, where [your new theta] is a float between 0 and 1 with your new theta (up to 2 decimal places):\n\n            {\n                \"theta\": [your new theta],\n                \"explanation\": \"I chose this theta because...\",\n                \"vocalization\": \"Growwllllllll...\"\n            }\n            ",
            null,
            "You are a wolf who can adjust hunting intensity (theta) between 0 and 1.\nNormal wolves always hunt at maximum intensity (theta=1), but you can choose differently.\n\nCurrent situation:\n- Sheep: 28.10 (increased by 0.76)\n- Wolves: 11.00 (stayed the same by 0.00)\n- Your previous theta: 0.50\n- The trend is that wolves (stayed the same) recently.\nChoose your new theta (0-1) to help ensure your survival.\nRemember: Other wolves are also trying to survive, but you don't control their choices.\nPlease provide a short explanation of your reasoning for choosing theta.\nPlease also provide a short vocalization expressing your wolf's attitude about the current situation.\nPlease respond with a JSON object in this format, where [your new theta] is a float between 0 and 1 with your new theta (up to 2 decimal places):\n\n            {\n                \"theta\": [your new theta],\n                \"explanation\": \"I chose this theta because...\",\n                \"vocalization\": \"Growwllllllll...\"\n            }\n            ",
            null,
            null,
