{
    "wolf_id": 24,
    "beta": 0.1,
    "gamma": 1.5,
    "delta": 0.75,
    "alive": false,
    "born_at_step": 30,
    "died_at_step": 48,
    "thetas": [
        0.3883798773237951,
        0.3883798773237951,
        0.3883798773237951,
        0.3883798773237951,
        0.3883798773237951,
        0.3883798773237951,
        0.3883798773237951,
        0.3883798773237951,
        0.3883798773237951,
        0.55,
        0.55,
        0.55,
        0.55,
        0.55,
        0.55,
        0.55,
        0.55,
        0.55,
        0.55
    ],
    "decision_history": {
        "history_steps": [
            39
        ],
        "new_thetas": [
            0.55
        ],
        "prompts": [
            null
        ],
        "explanations": [
            "I chose this theta because the number of sheep has decreased significantly, making hunting less rewarding. With more wolves around, I need to balance my energy expenditure with the likelihood of a successful hunt. A moderate intensity allows me to conserve energy while still being competitive."
        ],
        "vocalizations": [
            "Growwllllllll... The hunt is tough, but I will adapt!"
        ]
    }
}