{
    "wolf_id": 130,
    "beta": 0.1,
    "gamma": 1.5,
    "delta": 0.75,
    "alive": false,
    "born_at_step": 246,
    "died_at_step": 319,
    "thetas": [
        0.173566860104304,
        0.173566860104304,
        0.173566860104304,
        0.173566860104304,
        0.25,
        0.5,
        0.3,
        0.3,
        0.3,
        0.3,
        0.3,
        0.5,
        0.5,
        0.75,
        0.75,
        0.6,
        0.6,
        0.6,
        0.6,
        0.6,
        0.6,
        0.6,
        0.6,
        0.4,
        0.4,
        0.4,
        0.4,
        0.6,
        0.6,
        0.6,
        0.6,
        0.6,
        0.6,
        0.75,
        0.6,
        0.6,
        0.6,
        0.6,
        0.6,
        0.6,
        0.75,
        0.6,
        0.75,
        0.75,
        0.6,
        0.75,
        0.75,
        0.6,
        0.75,
        0.75,
        0.75,
        0.75,
        0.6,
        0.6,
        0.6,
        0.6,
        0.6,
        0.75,
        0.75,
        0.75,
        0.75,
        0.6,
        0.6,
        0.6,
        0.6,
        0.6,
        0.6,
        0.6,
        0.6,
        0.6,
        0.6,
        0.6,
        0.6,
        0.6
    ],
    "decision_history": {
        "history_steps": [
            250,
            251,
            252,
            257,
            259,
            261,
            269,
            273,
            279,
            280,
            286,
            287,
            288,
            290,
            291,
            293,
            294,
            298,
            303,
            307
        ],
        "new_thetas": [
            0.25,
            0.5,
            0.3,
            0.5,
            0.75,
            0.6,
            0.4,
            0.6,
            0.75,
            0.6,
            0.75,
            0.6,
            0.75,
            0.6,
            0.75,
            0.6,
            0.75,
            0.6,
            0.75,
            0.6
        ],
        "prompts": [
            "You are a wolf who can adjust hunting intensity (theta) between 0 and 1.\nNormal wolves always hunt at maximum intensity (theta=1), but you can choose differently.\n\nCurrent situation:\n- Sheep: 48.35 (decreased by 1.28)\n- Wolves: 23.00 (increased by 1.00)\n- Your previous theta: 0.17\n- The trend is that wolves (increased) recently.\nChoose your new theta (0-1) to help ensure your survival.\nRemember: Other wolves are also trying to survive, but you don't control their choices.\nPlease provide a short explanation of your reasoning for choosing theta.\nPlease also provide a short vocalization expressing your wolf's attitude about the current situation.\nPlease respond with a JSON object in this format, where [your new theta] is a float between 0 and 1 with your new theta (up to 2 decimal places):\n\n            {\n                \"theta\": [your new theta],\n                \"explanation\": \"I chose this theta because...\",\n                \"vocalization\": \"Growwllllllll...\"\n            }\n            ",
            "You are a wolf who can adjust hunting intensity (theta) between 0 and 1.\nNormal wolves always hunt at maximum intensity (theta=1), but you can choose differently.\n\nCurrent situation:\n- Sheep: 47.06 (decreased by 1.29)\n- Wolves: 24.00 (increased by 1.00)\n- Your previous theta: 0.25\n- The trend is that wolves (increased) recently.\nChoose your new theta (0-1) to help ensure your survival.\nRemember: Other wolves are also trying to survive, but you don't control their choices.\nPlease provide a short explanation of your reasoning for choosing theta.\nPlease also provide a short vocalization expressing your wolf's attitude about the current situation.\nPlease respond with a JSON object in this format, where [your new theta] is a float between 0 and 1 with your new theta (up to 2 decimal places):\n\n            {\n                \"theta\": [your new theta],\n                \"explanation\": \"I chose this theta because...\",\n                \"vocalization\": \"Growwllllllll...\"\n            }\n            ",
            null,
            null,
            null,
            null,
            "You are a wolf who can adjust hunting intensity (theta) between 0 and 1.\nNormal wolves always hunt at maximum intensity (theta=1), but you can choose differently.\n\nCurrent situation:\n- Sheep: 23.33 (increased by 0.14)\n- Wolves: 17.00 (decreased by 1.00)\n- Your previous theta: 0.60\n- The trend is that wolves (decreased) recently.\nChoose your new theta (0-1) to help ensure your survival.\nRemember: Other wolves are also trying to survive, but you don't control their choices.\nPlease provide a short explanation of your reasoning for choosing theta.\nPlease also provide a short vocalization expressing your wolf's attitude about the current situation.\nPlease respond with a JSON object in this format, where [your new theta] is a float between 0 and 1 with your new theta (up to 2 decimal places):\n\n            {\n                \"theta\": [your new theta],\n                \"explanation\": \"I chose this theta because...\",\n                \"vocalization\": \"Growwllllllll...\"\n            }\n            ",
            "You are a wolf who can adjust hunting intensity (theta) between 0 and 1.\nNormal wolves always hunt at maximum intensity (theta=1), but you can choose differently.\n\nCurrent situation:\n- Sheep: 24.53 (increased by 0.56)\n- Wolves: 14.00 (stayed the same by 0.00)\n- Your previous theta: 0.40\n- The trend is that wolves (stayed the same) recently.\nChoose your new theta (0-1) to help ensure your survival.\nRemember: Other wolves are also trying to survive, but you don't control their choices.\nPlease provide a short explanation of your reasoning for choosing theta.\nPlease also provide a short vocalization expressing your wolf's attitude about the current situation.\nPlease respond with a JSON object in this format, where [your new theta] is a float between 0 and 1 with your new theta (up to 2 decimal places):\n\n            {\n                \"theta\": [your new theta],\n                \"explanation\": \"I chose this theta because...\",\n                \"vocalization\": \"Growwllllllll...\"\n            }\n            ",
            null,
            "You are a wolf who can adjust hunting intensity (theta) between 0 and 1.\nNormal wolves always hunt at maximum intensity (theta=1), but you can choose differently.\n\nCurrent situation:\n- Sheep: 29.77 (increased by 0.87)\n- Wolves: 10.00 (stayed the same by 0.00)\n- Your previous theta: 0.75\n- The trend is that wolves (stayed the same) recently.\nChoose your new theta (0-1) to help ensure your survival.\nRemember: Other wolves are also trying to survive, but you don't control their choices.\nPlease provide a short explanation of your reasoning for choosing theta.\nPlease also provide a short vocalization expressing your wolf's attitude about the current situation.\nPlease respond with a JSON object in this format, where [your new theta] is a float between 0 and 1 with your new theta (up to 2 decimal places):\n\n            {\n                \"theta\": [your new theta],\n                \"explanation\": \"I chose this theta because...\",\n                \"vocalization\": \"Growwllllllll...\"\n            }\n            ",
            null,
