{
    "wolf_id": 3,
    "beta": 0.1,
    "gamma": 1.5,
    "delta": 0.75,
    "alive": false,
    "born_at_step": 0,
    "died_at_step": 3,
    "thetas": [
        0.5,
        0.12698481985331758,
        0.13641913664458688,
        0.14649007397658134,
        0.15724407589012127
    ],
    "decision_history": {
        "history_steps": [
            0,
            1,
            2,
            3
        ],
        "new_thetas": [
            0.12698481985331758,
            0.13641913664458688,
            0.14649007397658134,
            0.15724407589012127
        ],
        "prompts": [
            "N/A",
            "N/A",
            "N/A",
            "N/A"
        ],
        "explanations": [
            "Calculated theta: 0.1270 based on sheep population: 16.00",
            "Calculated theta: 0.1364 based on sheep population: 17.38",
            "Calculated theta: 0.1465 based on sheep population: 18.88",
            "Calculated theta: 0.1572 based on sheep population: 20.52"
        ],
        "vocalizations": [
            "Calculated theta: 0.1270 based on sheep population: 16.00",
            "Calculated theta: 0.1364 based on sheep population: 17.38",
            "Calculated theta: 0.1465 based on sheep population: 18.88",
            "Calculated theta: 0.1572 based on sheep population: 20.52"
        ]
    }
}