{
    "wolf_id": 5,
    "beta": 0.1,
    "gamma": 1.5,
    "delta": 0.75,
    "alive": false,
    "born_at_step": 0,
    "died_at_step": 6,
    "thetas": [
        0.5,
        0.12698481985331758,
        0.13641913664458688,
        0.14649007397658134,
        0.15724407589012127,
        0.16873257524464277,
        0.18101257535943985,
        0.1941472381122131
    ],
    "decision_history": {
        "history_steps": [
            0,
            1,
            2,
            3,
            4,
            5,
            6
        ],
        "new_thetas": [
            0.12698481985331758,
            0.13641913664458688,
            0.14649007397658134,
            0.15724407589012127,
            0.16873257524464277,
            0.18101257535943985,
            0.1941472381122131
        ],
        "prompts": [
            "N/A",
            "N/A",
            "N/A",
            "N/A",
            "N/A",
            "N/A",
            "N/A"
        ],
        "explanations": [
            "Calculated theta: 0.1270 based on sheep population: 16.00",
            "Calculated theta: 0.1364 based on sheep population: 17.38",
            "Calculated theta: 0.1465 based on sheep population: 18.88",
            "Calculated theta: 0.1572 based on sheep population: 20.52",
            "Calculated theta: 0.1687 based on sheep population: 22.33",
            "Calculated theta: 0.1810 based on sheep population: 24.31",
            "Calculated theta: 0.1941 based on sheep population: 26.50"
        ],
        "vocalizations": [
            "Calculated theta: 0.1270 based on sheep population: 16.00",
            "Calculated theta: 0.1364 based on sheep population: 17.38",
            "Calculated theta: 0.1465 based on sheep population: 18.88",
            "Calculated theta: 0.1572 based on sheep population: 20.52",
            "Calculated theta: 0.1687 based on sheep population: 22.33",
            "Calculated theta: 0.1810 based on sheep population: 24.31",
            "Calculated theta: 0.1941 based on sheep population: 26.50"
        ]
    }
}