{
    "wolf_id": 126,
    "beta": 0.1,
    "gamma": 1.5,
    "delta": 0.75,
    "alive": false,
    "born_at_step": 105,
    "died_at_step": 157,
    "thetas": [
        0.6777610904064041,
        0.2844503231223096,
        0.2834711406020845,
        0.27985667807348685,
        0.27271675553426855,
        0.2642548567006068,
        0.256196076751561,
        0.2485337743517276,
        0.24239027725151419,
        0.23850305181634826,
        0.23739963827308289,
        0.23853522399122853,
        0.24054246336486046,
        0.24436607827848736,
        0.24985095680306638,
        0.25581946626489943,
        0.2622792657288672,
        0.26804680460261116,
        0.2731717737805835,
        0.2777068797303373,
        0.28038097318757715,
        0.2800026018542105,
        0.27832097357041097,
        0.2741939317344493,
        0.2681087345947144,
        0.26184583294221103,
        0.255506485688655,
        0.2491715188445251,
        0.24403966281434755,
        0.24094482884903173,
        0.2394465064294717,
        0.24028541523329072,
        0.24309730848503008,
        0.24660197061946346,
        0.2518352797394331,
        0.2575875861708391,
        0.2626966495039843,
        0.2672142138632156,
        0.2711932994216164,
        0.27468631771337404,
        0.27774372193522867,
        0.27774864070200866,
        0.2764131639514634,
        0.2726092618267452,
        0.2681303359426782,
        0.2618633847940759,
        0.2555206950816255,
        0.25036764353235175,
        0.24615378079066166,
        0.24268934758047583,
        0.24197942380713144,
        0.24244591499407658,
        0.24497232937836827
    ],
    "decision_history": {
        "history_steps": [
            106,
            107,
            108,
            109,
            110,
            111,
            112,
            113,
            114,
            115,
            116,
            117,
            118,
            119,
            120,
            121,
            122,
            123,
            124,
            125,
            126,
            127,
            128,
            129,
            130,
            131,
            132,
            133,
            134,
            135,
            136,
            137,
            138,
            139,
            140,
            141,
            142,
            143,
            144,
            145,
            146,
            147,
            148,
            149,
            150,
            151,
            152,
            153,
            154,
            155,
            156,
            157
        ],
        "new_thetas": [
            0.2844503231223096,
            0.2834711406020845,
            0.27985667807348685,
            0.27271675553426855,
            0.2642548567006068,
            0.256196076751561,
            0.2485337743517276,
            0.24239027725151419,
            0.23850305181634826,
            0.23739963827308289,
            0.23853522399122853,
            0.24054246336486046,
            0.24436607827848736,
            0.24985095680306638,
            0.25581946626489943,
            0.2622792657288672,
            0.26804680460261116,
            0.2731717737805835,
            0.2777068797303373,
            0.28038097318757715,
            0.2800026018542105,
            0.27832097357041097,
            0.2741939317344493,
            0.2681087345947144,
            0.26184583294221103,
            0.255506485688655,
            0.2491715188445251,
            0.24403966281434755,
            0.24094482884903173,
            0.2394465064294717,
            0.24028541523329072,
            0.24309730848503008,
            0.24660197061946346,
            0.2518352797394331,
            0.2575875861708391,
            0.2626966495039843,
            0.2672142138632156,
            0.2711932994216164,
            0.27468631771337404,
            0.27774372193522867,
            0.27774864070200866,
            0.2764131639514634,
            0.2726092618267452,
            0.2681303359426782,
            0.2618633847940759,
            0.2555206950816255,
            0.25036764353235175,
            0.24615378079066166,
            0.24268934758047583,
            0.24197942380713144,
            0.24244591499407658,
            0.24497232937836827
        ],
        "prompts": [
            "N/A",
            "N/A",
            "N/A",
            "N/A",
            "N/A",
            "N/A",
            "N/A",
            "N/A",
            "N/A",
            "N/A",
            "N/A",
            "N/A",
            "N/A",
            "N/A",
            "N/A",
            "N/A",
            "N/A",
            "N/A",
            "N/A",
            "N/A",
            "N/A",
            "N/A",
            "N/A",
            "N/A",
            "N/A",
            "N/A",
            "N/A",
            "N/A",
            "N/A",
            "N/A",
            "N/A",
            "N/A",
            "N/A",
            "N/A",
            "N/A",
            "N/A",
            "N/A",
            "N/A",
            "N/A",
            "N/A",
            "N/A",
            "N/A",
            "N/A",
            "N/A",
            "N/A",
            "N/A",
            "N/A",
            "N/A",
            "N/A",
            "N/A",
            "N/A",
            "N/A"
        ],