{
    "wolf_id": 97,
    "beta": 0.1,
    "gamma": 1.5,
    "delta": 0.75,
    "alive": false,
    "born_at_step": 66,
    "died_at_step": 100,
    "thetas": [
        0.7795301525589303,
        0.2981331591060068,
        0.293539330531097,
        0.28524601323902415,
        0.27276970814442536,
        0.25894239097536115,
        0.2470464229033588,
        0.23781569322076224,
        0.23054775356666024,
        0.22674595895703356,
        0.22650911613493074,
        0.22915758580189494,
        0.2343347741521093,
        0.24089920656331315,
        0.24884255606771827,
        0.2571100171032761,
        0.265743878899293,
        0.27357249854411325,
        0.2806290532457653,
        0.28695674243058344,
        0.28982041410408277,
        0.28946724817819125,
        0.28629320600235747,
        0.27935788425917146,
        0.2695489032120223,
        0.2591046570782202,
        0.2496283131773092,
        0.24212838016411545,
        0.23612784418594904,
        0.23334932961478894,
        0.23306051290720875,
        0.2348122280228448,
        0.23933111138495344,
        0.24536798760219983,
        0.251814001668029
    ],
    "decision_history": {
        "history_steps": [
            67,
            68,
            69,
            70,
            71,
            72,
            73,
            74,
            75,
            76,
            77,
            78,
            79,
            80,
            81,
            82,
            83,
            84,
            85,
            86,
            87,
            88,
            89,
            90,
            91,
            92,
            93,
            94,
            95,
            96,
            97,
            98,
            99,
            100
        ],
        "new_thetas": [
            0.2981331591060068,
            0.293539330531097,
            0.28524601323902415,
            0.27276970814442536,
            0.25894239097536115,
            0.2470464229033588,
            0.23781569322076224,
            0.23054775356666024,
            0.22674595895703356,
            0.22650911613493074,
            0.22915758580189494,
            0.2343347741521093,
            0.24089920656331315,
            0.24884255606771827,
            0.2571100171032761,
            0.265743878899293,
            0.27357249854411325,
            0.2806290532457653,
            0.28695674243058344,
            0.28982041410408277,
            0.28946724817819125,
            0.28629320600235747,
            0.27935788425917146,
            0.2695489032120223,
            0.2591046570782202,
            0.2496283131773092,
            0.24212838016411545,
            0.23612784418594904,
            0.23334932961478894,
            0.23306051290720875,
            0.2348122280228448,
            0.23933111138495344,
            0.24536798760219983,
            0.251814001668029
        ],
        "prompts": [
            "N/A",
            "N/A",
            "N/A",
            "N/A",
            "N/A",
            "N/A",
            "N/A",
            "N/A",
            "N/A",
            "N/A",
            "N/A",
            "N/A",
            "N/A",
            "N/A",
            "N/A",
            "N/A",
            "N/A",
            "N/A",
            "N/A",
            "N/A",
            "N/A",
            "N/A",
            "N/A",
            "N/A",
            "N/A",
            "N/A",
            "N/A",
            "N/A",
            "N/A",
            "N/A",
            "N/A",
            "N/A",
            "N/A",
            "N/A"
        ],
        "explanations": [
            "Calculated theta: 0.2981 based on sheep population: 93.45",
            "Calculated theta: 0.2935 based on sheep population: 91.41",
            "Calculated theta: 0.2852 based on sheep population: 87.80",
            "Calculated theta: 0.2728 based on sheep population: 82.52",
            "Calculated theta: 0.2589 based on sheep population: 76.87",
            "Calculated theta: 0.2470 based on sheep population: 72.18",
            "Calculated theta: 0.2378 based on sheep population: 68.64",
            "Calculated theta: 0.2305 based on sheep population: 65.92",
            "Calculated theta: 0.2267 based on sheep population: 64.51",
            "Calculated theta: 0.2265 based on sheep population: 64.42",
            "Calculated theta: 0.2292 based on sheep population: 65.40",
            "Calculated theta: 0.2343 based on sheep population: 67.33",
            "Calculated theta: 0.2409 based on sheep population: 69.82",
            "Calculated theta: 0.2488 based on sheep population: 72.88",
            "Calculated theta: 0.2571 based on sheep population: 76.14",
            "Calculated theta: 0.2657 based on sheep population: 79.62",
            "Calculated theta: 0.2736 based on sheep population: 82.85",
            "Calculated theta: 0.2806 based on sheep population: 85.82",
            "Calculated theta: 0.2870 based on sheep population: 88.54",
            "Calculated theta: 0.2898 based on sheep population: 89.78",
            "Calculated theta: 0.2895 based on sheep population: 89.63",
            "Calculated theta: 0.2863 based on sheep population: 88.25",
            "Calculated theta: 0.2794 based on sheep population: 85.28",
            "Calculated theta: 0.2695 based on sheep population: 81.18",
            "Calculated theta: 0.2591 based on sheep population: 76.94",
            "Calculated theta: 0.2496 based on sheep population: 73.19",
            "Calculated theta: 0.2421 based on sheep population: 70.29",
            "Calculated theta: 0.2361 based on sheep population: 68.01",
            "Calculated theta: 0.2333 based on sheep population: 66.96",
            "Calculated theta: 0.2331 based on sheep population: 66.85",
            "Calculated theta: 0.2348 based on sheep population: 67.51",
            "Calculated theta: 0.2393 based on sheep population: 69.22",
            "Calculated theta: 0.2454 based on sheep population: 71.53",
            "Calculated theta: 0.2518 based on sheep population: 74.04"
        ],