{
    "wolf_id": 11,
    "beta": 0.1,
    "gamma": 1.5,
    "delta": 0.75,
    "alive": false,
    "born_at_step": 26,
    "died_at_step": 44,
    "thetas": [
        0.5,
        0.9075130032367735,
        0.9090910743798647,
        0.9090910743798647,
        0.9090910743798647,
        0.9090910743798647,
        0.9090910728772433,
        0.9074075754936982,
        0.9039436889474254,
        0.8975502232906906,
        0.8877292266101579,
        0.8749854831661811,
        0.8574454276031623,
        0.835650521120351,
        0.8107631366662992,
        0.7846196509505723,
        0.7576862750226835,
        0.7304480560755539,
        0.7071516300103203
    ],
    "decision_history": {
        "history_steps": [
            27,
            28,
            29,
            30,
            31,
            32,
            33,
            34,
            35,
            36,
            37,
            38,
            39,
            40,
            41,
            42,
            43,
            44
        ],
        "new_thetas": [
            0.9075130032367735,
            0.9090910743798647,
            0.9090910743798647,
            0.9090910743798647,
            0.9090910743798647,
            0.9090910728772433,
            0.9074075754936982,
            0.9039436889474254,
            0.8975502232906906,
            0.8877292266101579,
            0.8749854831661811,
            0.8574454276031623,
            0.835650521120351,
            0.8107631366662992,
            0.7846196509505723,
            0.7576862750226835,
            0.7304480560755539,
            0.7071516300103203
        ],
        "prompts": [
            "N/A",
            "N/A",
            "N/A",
            "N/A",
            "N/A",
            "N/A",
            "N/A",
            "N/A",
            "N/A",
            "N/A",
            "N/A",
            "N/A",
            "N/A",
            "N/A",
            "N/A",
            "N/A",
            "N/A",
            "N/A"
        ],
        "explanations": [
            "Calculated theta: 0.9075 based on sheep population: 49.06",
            "Calculated theta: 0.9091 based on sheep population: 50.00",
            "Calculated theta: 0.9091 based on sheep population: 50.00",
            "Calculated theta: 0.9091 based on sheep population: 50.00",
            "Calculated theta: 0.9091 based on sheep population: 50.00",
            "Calculated theta: 0.9091 based on sheep population: 50.00",
            "Calculated theta: 0.9074 based on sheep population: 49.00",
            "Calculated theta: 0.9039 based on sheep population: 47.05",
            "Calculated theta: 0.8976 based on sheep population: 43.80",
            "Calculated theta: 0.8877 based on sheep population: 39.54",
            "Calculated theta: 0.8750 based on sheep population: 35.00",
            "Calculated theta: 0.8574 based on sheep population: 30.07",
            "Calculated theta: 0.8357 based on sheep population: 25.42",
            "Calculated theta: 0.8108 based on sheep population: 21.42",
            "Calculated theta: 0.7846 based on sheep population: 18.21",
            "Calculated theta: 0.7577 based on sheep population: 15.63",
            "Calculated theta: 0.7304 based on sheep population: 13.55",
            "Calculated theta: 0.7072 based on sheep population: 12.07"
        ],
        "vocalizations": [
            "Calculated theta: 0.9075 based on sheep population: 49.06",
            "Calculated theta: 0.9091 based on sheep population: 50.00",
            "Calculated theta: 0.9091 based on sheep population: 50.00",
            "Calculated theta: 0.9091 based on sheep population: 50.00",
            "Calculated theta: 0.9091 based on sheep population: 50.00",
            "Calculated theta: 0.9091 based on sheep population: 50.00",
            "Calculated theta: 0.9074 based on sheep population: 49.00",
            "Calculated theta: 0.9039 based on sheep population: 47.05",
            "Calculated theta: 0.8976 based on sheep population: 43.80",
            "Calculated theta: 0.8877 based on sheep population: 39.54",
            "Calculated theta: 0.8750 based on sheep population: 35.00",
            "Calculated theta: 0.8574 based on sheep population: 30.07",
            "Calculated theta: 0.8357 based on sheep population: 25.42",
            "Calculated theta: 0.8108 based on sheep population: 21.42",
            "Calculated theta: 0.7846 based on sheep population: 18.21",
            "Calculated theta: 0.7577 based on sheep population: 15.63",
            "Calculated theta: 0.7304 based on sheep population: 13.55",
            "Calculated theta: 0.7072 based on sheep population: 12.07"
        ]
    }
}