{
    "wolf_id": 207,
    "beta": 0.1,
    "gamma": 1.5,
    "delta": 0.75,
    "alive": false,
    "born_at_step": 404,
    "died_at_step": 429,
    "thetas": [
        0.5,
        0.8825944479974136,
        0.8669792628147174,
        0.8474052559225321,
        0.8232972697369046,
        0.797721639738851,
        0.7711197928885609,
        0.7439726732597131,
        0.7186543102550674,
        0.6974251685564937,
        0.6803843174781748,
        0.667449301082867,
        0.6584452630373203,
        0.6531632175433107,
        0.6513935918963718,
        0.6513221356688026,
        0.6544784770397185,
        0.6591206782045497,
        0.665188623097388,
        0.6726244733847244,
        0.6813705013889033,
        0.6913666072684811,
        0.7025475851366089,
        0.7133482267220083,
        0.7252574537426234,
        0.7367346399303009
    ],
    "decision_history": {
        "history_steps": [
            405,
            406,
            407,
            408,
            409,
            410,
            411,
            412,
            413,
            414,
            415,
            416,
            417,
            418,
            419,
            420,
            421,
            422,
            423,
            424,
            425,
            426,
            427,
            428,
            429
        ],
        "new_thetas": [
            0.8825944479974136,
            0.8669792628147174,
            0.8474052559225321,
            0.8232972697369046,
            0.797721639738851,
            0.7711197928885609,
            0.7439726732597131,
            0.7186543102550674,
            0.6974251685564937,
            0.6803843174781748,
            0.667449301082867,
            0.6584452630373203,
            0.6531632175433107,
            0.6513935918963718,
            0.6513221356688026,
            0.6544784770397185,
            0.6591206782045497,
            0.665188623097388,
            0.6726244733847244,
            0.6813705013889033,
            0.6913666072684811,
            0.7025475851366089,
            0.7133482267220083,
            0.7252574537426234,
            0.7367346399303009
        ],
        "prompts": [
            "N/A",
            "N/A",
            "N/A",
            "N/A",
            "N/A",
            "N/A",
            "N/A",
            "N/A",
            "N/A",
            "N/A",
            "N/A",
            "N/A",
            "N/A",
            "N/A",
            "N/A",
            "N/A",
            "N/A",
            "N/A",
            "N/A",
            "N/A",
            "N/A",
            "N/A",
            "N/A",
            "N/A",
            "N/A"
        ],
        "explanations": [
            "Calculated theta: 0.8826 based on sheep population: 37.59",
            "Calculated theta: 0.8670 based on sheep population: 32.59",
            "Calculated theta: 0.8474 based on sheep population: 27.77",
            "Calculated theta: 0.8233 based on sheep population: 23.30",
            "Calculated theta: 0.7977 based on sheep population: 19.72",
            "Calculated theta: 0.7711 based on sheep population: 16.85",
            "Calculated theta: 0.7440 based on sheep population: 14.53",
            "Calculated theta: 0.7187 based on sheep population: 12.77",
            "Calculated theta: 0.6974 based on sheep population: 11.52",
            "Calculated theta: 0.6804 based on sheep population: 10.64",
            "Calculated theta: 0.6674 based on sheep population: 10.04",
            "Calculated theta: 0.6584 based on sheep population: 9.64",
            "Calculated theta: 0.6532 based on sheep population: 9.42",
            "Calculated theta: 0.6514 based on sheep population: 9.34",
            "Calculated theta: 0.6513 based on sheep population: 9.34",
            "Calculated theta: 0.6545 based on sheep population: 9.47",
            "Calculated theta: 0.6591 based on sheep population: 9.67",
            "Calculated theta: 0.6652 based on sheep population: 9.93",
            "Calculated theta: 0.6726 based on sheep population: 10.27",
            "Calculated theta: 0.6814 based on sheep population: 10.69",
            "Calculated theta: 0.6914 based on sheep population: 11.20",
            "Calculated theta: 0.7025 based on sheep population: 11.81",
            "Calculated theta: 0.7133 based on sheep population: 12.44",
            "Calculated theta: 0.7253 based on sheep population: 13.20",
            "Calculated theta: 0.7367 based on sheep population: 13.99"
        ],
        "vocalizations": [
            "Calculated theta: 0.8826 based on sheep population: 37.59",
            "Calculated theta: 0.8670 based on sheep population: 32.59",
            "Calculated theta: 0.8474 based on sheep population: 27.77",
            "Calculated theta: 0.8233 based on sheep population: 23.30",
            "Calculated theta: 0.7977 based on sheep population: 19.72",
            "Calculated theta: 0.7711 based on sheep population: 16.85",
            "Calculated theta: 0.7440 based on sheep population: 14.53",
            "Calculated theta: 0.7187 based on sheep population: 12.77",
            "Calculated theta: 0.6974 based on sheep population: 11.52",
            "Calculated theta: 0.6804 based on sheep population: 10.64",
            "Calculated theta: 0.6674 based on sheep population: 10.04",
            "Calculated theta: 0.6584 based on sheep population: 9.64",
            "Calculated theta: 0.6532 based on sheep population: 9.42",
            "Calculated theta: 0.6514 based on sheep population: 9.34",
            "Calculated theta: 0.6513 based on sheep population: 9.34",
            "Calculated theta: 0.6545 based on sheep population: 9.47",
            "Calculated theta: 0.6591 based on sheep population: 9.67",
            "Calculated theta: 0.6652 based on sheep population: 9.93",
            "Calculated theta: 0.6726 based on sheep population: 10.27",
            "Calculated theta: 0.6814 based on sheep population: 10.69",
            "Calculated theta: 0.6914 based on sheep population: 11.20",
            "Calculated theta: 0.7025 based on sheep population: 11.81",
            "Calculated theta: 0.7133 based on sheep population: 12.44",
            "Calculated theta: 0.7253 based on sheep population: 13.20",
            "Calculated theta: 0.7367 based on sheep population: 13.99"
        ]
    }
}