{
    "wolf_id": 211,
    "beta": 0.1,
    "gamma": 1.5,
    "delta": 0.75,
    "alive": false,
    "born_at_step": 406,
    "died_at_step": 464,
    "thetas": [
        0.5,
        0.8474052559225321,
        0.8232972697369046,
        0.797721639738851,
        0.7711197928885609,
        0.7439726732597131,
        0.7186543102550674,
        0.6974251685564937,
        0.6803843174781748,
        0.667449301082867,
        0.6584452630373203,
        0.6531632175433107,
        0.6513935918963718,
        0.6513221356688026,
        0.6544784770397185,
        0.6591206782045497,
        0.665188623097388,
        0.6726244733847244,
        0.6813705013889033,
        0.6913666072684811,
        0.7025475851366089,
        0.7133482267220083,
        0.7252574537426234,
        0.7367346399303009,
        0.747786717928486,
        0.7598367171720481,
        0.7713993105894676,
        0.782483334626615,
        0.794415998549127,
        0.8057991040263606,
        0.8166449793945202,
        0.8269674494297299,
        0.8367815485261739,
        0.8461032599300478,
        0.8549492810362123,
        0.8633368141716325,
        0.871283381852029,
        0.8788066651853217,
        0.8859243638872641,
        0.8926540762521804,
        0.8990131973676874,
        0.9042179289771355,
        0.9090910743798647,
        0.9090910743798647,
        0.9090910743798647,
        0.9090910743798647,
        0.9090910743798647,
        0.9090910728772433,
        0.9074075754936982,
        0.9039436889474254,
        0.8975502232906906,
        0.8877292266101579,
        0.8749854831661811,
        0.8574454276031623,
        0.835650521120351,
        0.8107631366662992,
        0.7846196509505723,
        0.7576862750226835,
        0.7304480560755539
    ],
    "decision_history": {
        "history_steps": [
            407,
            408,
            409,
            410,
            411,
            412,
            413,
            414,
            415,
            416,
            417,
            418,
            419,
            420,
            421,
            422,
            423,
            424,
            425,
            426,
            427,
            428,
            429,
            430,
            431,
            432,
            433,
            434,
            435,
            436,
            437,
            438,
            439,
            440,
            441,
            442,
            443,
            444,
            445,
            446,
            447,
            448,
            449,
            450,
            451,
            452,
            453,
            454,
            455,
            456,
            457,
            458,
            459,
            460,
            461,
            462,
            463,
            464
        ],
        "new_thetas": [
            0.8474052559225321,
            0.8232972697369046,
            0.797721639738851,
            0.7711197928885609,
            0.7439726732597131,
            0.7186543102550674,
            0.6974251685564937,
            0.6803843174781748,
            0.667449301082867,
            0.6584452630373203,
            0.6531632175433107,
            0.6513935918963718,
            0.6513221356688026,
            0.6544784770397185,
            0.6591206782045497,
            0.665188623097388,
            0.6726244733847244,
            0.6813705013889033,
            0.6913666072684811,
            0.7025475851366089,
            0.7133482267220083,
            0.7252574537426234,
            0.7367346399303009,
            0.747786717928486,
            0.7598367171720481,
            0.7713993105894676,
            0.782483334626615,
            0.794415998549127,
            0.8057991040263606,
            0.8166449793945202,
            0.8269674494297299,
            0.8367815485261739,
            0.8461032599300478,
            0.8549492810362123,
            0.8633368141716325,
            0.871283381852029,
            0.8788066651853217,
            0.8859243638872641,
            0.8926540762521804,
            0.8990131973676874,
            0.9042179289771355,
            0.9090910743798647,
            0.9090910743798647,
            0.9090910743798647,
            0.9090910743798647,
            0.9090910743798647,
            0.9090910728772433,
            0.9074075754936982,
            0.9039436889474254,
            0.8975502232906906,
            0.8877292266101579,
            0.8749854831661811,
            0.8574454276031623,
            0.835650521120351,
            0.8107631366662992,
            0.7846196509505723,
            0.7576862750226835,
            0.7304480560755539
        ],
        "prompts": [
            "N/A",
            "N/A",
            "N/A",
            "N/A",
            "N/A",
            "N/A",
            "N/A",
            "N/A",
            "N/A",
            "N/A",
            "N/A",
            "N/A",
            "N/A",
            "N/A",
            "N/A",
            "N/A",
            "N/A",
            "N/A",
            "N/A",
            "N/A",
            "N/A",
            "N/A",
            "N/A",
            "N/A",
            "N/A",
            "N/A",
            "N/A",
            "N/A",
            "N/A",
            "N/A",
            "N/A",
            "N/A",
            "N/A",
            "N/A",
            "N/A",
            "N/A",
            "N/A",
            "N/A",
            "N/A",
            "N/A",
            "N/A",
            "N/A",
            "N/A",
            "N/A",
            "N/A",
            "N/A",
            "N/A",
            "N/A",
            "N/A",
            "N/A",
            "N/A",
            "N/A",
            "N/A",
            "N/A",
            "N/A",
            "N/A",
            "N/A",
            "N/A"
        ],