{
    "wolf_id": 146,
    "beta": 0.1,
    "gamma": 1.5,
    "delta": 0.75,
    "alive": false,
    "born_at_step": 295,
    "died_at_step": 311,
    "thetas": [
        0.5,
        0.9074075754936982,
        0.9039436889474254,
        0.8975502232906906,
        0.8877292266101579,
        0.8737670007770673,
        0.8561321292163102,
        0.8342390679076852,
        0.8092663802676219,
        0.7830635577434558,
        0.7560990653823478,
        0.7288577655269892,
        0.70558532887409,
        0.6865015721796053,
        0.6715917540667674,
        0.6607113375242055,
        0.6536586244588957
    ],
    "decision_history": {
        "history_steps": [
            296,
            297,
            298,
            299,
            300,
            301,
            302,
            303,
            304,
            305,
            306,
            307,
            308,
            309,
            310,
            311
        ],
        "new_thetas": [
            0.9074075754936982,
            0.9039436889474254,
            0.8975502232906906,
            0.8877292266101579,
            0.8737670007770673,
            0.8561321292163102,
            0.8342390679076852,
            0.8092663802676219,
            0.7830635577434558,
            0.7560990653823478,
            0.7288577655269892,
            0.70558532887409,
            0.6865015721796053,
            0.6715917540667674,
            0.6607113375242055,
            0.6536586244588957
        ],
        "prompts": [
            "N/A",
            "N/A",
            "N/A",
            "N/A",
            "N/A",
            "N/A",
            "N/A",
            "N/A",
            "N/A",
            "N/A",
            "N/A",
            "N/A",
            "N/A",
            "N/A",
            "N/A",
            "N/A"
        ],
        "explanations": [
            "Calculated theta: 0.9074 based on sheep population: 49.00",
            "Calculated theta: 0.9039 based on sheep population: 47.05",
            "Calculated theta: 0.8976 based on sheep population: 43.80",
            "Calculated theta: 0.8877 based on sheep population: 39.54",
            "Calculated theta: 0.8738 based on sheep population: 34.61",
            "Calculated theta: 0.8561 based on sheep population: 29.75",
            "Calculated theta: 0.8342 based on sheep population: 25.16",
            "Calculated theta: 0.8093 based on sheep population: 21.21",
            "Calculated theta: 0.7831 based on sheep population: 18.05",
            "Calculated theta: 0.7561 based on sheep population: 15.50",
            "Calculated theta: 0.7289 based on sheep population: 13.44",
            "Calculated theta: 0.7056 based on sheep population: 11.98",
            "Calculated theta: 0.6865 based on sheep population: 10.95",
            "Calculated theta: 0.6716 based on sheep population: 10.22",
            "Calculated theta: 0.6607 based on sheep population: 9.74",
            "Calculated theta: 0.6537 based on sheep population: 9.44"
        ],
        "vocalizations": [
            "Calculated theta: 0.9074 based on sheep population: 49.00",
            "Calculated theta: 0.9039 based on sheep population: 47.05",
            "Calculated theta: 0.8976 based on sheep population: 43.80",
            "Calculated theta: 0.8877 based on sheep population: 39.54",
            "Calculated theta: 0.8738 based on sheep population: 34.61",
            "Calculated theta: 0.8561 based on sheep population: 29.75",
            "Calculated theta: 0.8342 based on sheep population: 25.16",
            "Calculated theta: 0.8093 based on sheep population: 21.21",
            "Calculated theta: 0.7831 based on sheep population: 18.05",
            "Calculated theta: 0.7561 based on sheep population: 15.50",
            "Calculated theta: 0.7289 based on sheep population: 13.44",
            "Calculated theta: 0.7056 based on sheep population: 11.98",
            "Calculated theta: 0.6865 based on sheep population: 10.95",
            "Calculated theta: 0.6716 based on sheep population: 10.22",
            "Calculated theta: 0.6607 based on sheep population: 9.74",
            "Calculated theta: 0.6537 based on sheep population: 9.44"
        ]
    }
}