{
    "wolf_id": 159,
    "beta": 0.1,
    "gamma": 1.5,
    "delta": 0.75,
    "alive": false,
    "born_at_step": 300,
    "died_at_step": 358,
    "thetas": [
        0.5,
        0.8561321292163102,
        0.8342390679076852,
        0.8092663802676219,
        0.7830635577434558,
        0.7560990653823478,
        0.7288577655269892,
        0.70558532887409,
        0.6865015721796053,
        0.6715917540667674,
        0.6607113375242055,
        0.6536586244588957,
        0.6502190597116143,
        0.6501886414320156,
        0.6517787039573811,
        0.6565102919473101,
        0.662663380815195,
        0.6701809313931522,
        0.6790061077062856,
        0.68754488559954,
        0.697337503675231,
        0.7083161822666404,
        0.7189181207408876,
        0.7306264663400971,
        0.7419058263317555,
        0.7541893689291564,
        0.7659818562678077,
        0.7772914071392139,
        0.7881275882960216,
        0.7998020623887429,
        0.8109325325160847,
        0.8215320635111019,
        0.8316150794243061,
        0.8411970888311894,
        0.8502944362813447,
        0.8589240796044434,
        0.8671033922758378,
        0.8748499896677563,
        0.882181577750571,
        0.8891158226427327,
        0.8956702393195005,
        0.9018620977632007,
        0.9069252223929479,
        0.9090910743798647,
        0.9090910743798647,
        0.9090910743798647,
        0.9090910743798647,
        0.9090910743798647,
        0.9090910728772433,
        0.9074075754936982,
        0.9030325745424952,
        0.8966023696595086,
        0.8867251865328715,
        0.8726882466780224,
        0.8549704784528577,
        0.8329918871715623,
        0.8079452741717956,
        0.7798950378670475,
        0.7510020048680215
    ],
    "decision_history": {
        "history_steps": [
            301,
            302,
            303,
            304,
            305,
            306,
            307,
            308,
            309,
            310,
            311,
            312,
            313,
            314,
            315,
            316,
            317,
            318,
            319,
            320,
            321,
            322,
            323,
            324,
            325,
            326,
            327,
            328,
            329,
            330,
            331,
            332,
            333,
            334,
            335,
            336,
            337,
            338,
            339,
            340,
            341,
            342,
            343,
            344,
            345,
            346,
            347,
            348,
            349,
            350,
            351,
            352,
            353,
            354,
            355,
            356,
            357,
            358
        ],
        "new_thetas": [
            0.8561321292163102,
            0.8342390679076852,
            0.8092663802676219,
            0.7830635577434558,
            0.7560990653823478,
            0.7288577655269892,
            0.70558532887409,
            0.6865015721796053,
            0.6715917540667674,
            0.6607113375242055,
            0.6536586244588957,
            0.6502190597116143,
            0.6501886414320156,
            0.6517787039573811,
            0.6565102919473101,
            0.662663380815195,
            0.6701809313931522,
            0.6790061077062856,
            0.68754488559954,
            0.697337503675231,
            0.7083161822666404,
            0.7189181207408876,
            0.7306264663400971,
            0.7419058263317555,
            0.7541893689291564,
            0.7659818562678077,
            0.7772914071392139,
            0.7881275882960216,
            0.7998020623887429,
            0.8109325325160847,
            0.8215320635111019,
            0.8316150794243061,
            0.8411970888311894,
            0.8502944362813447,
            0.8589240796044434,
            0.8671033922758378,
            0.8748499896677563,
            0.882181577750571,
            0.8891158226427327,
            0.8956702393195005,
            0.9018620977632007,
            0.9069252223929479,
            0.9090910743798647,
            0.9090910743798647,
            0.9090910743798647,
            0.9090910743798647,
            0.9090910743798647,
            0.9090910728772433,
            0.9074075754936982,
            0.9030325745424952,
            0.8966023696595086,
            0.8867251865328715,
            0.8726882466780224,
            0.8549704784528577,
            0.8329918871715623,
            0.8079452741717956,
            0.7798950378670475,
            0.7510020048680215
        ],
        "prompts": [
            "N/A",
            "N/A",
            "N/A",
            "N/A",
            "N/A",
            "N/A",
            "N/A",
            "N/A",
            "N/A",
            "N/A",
            "N/A",
            "N/A",
            "N/A",
            "N/A",
            "N/A",
            "N/A",
            "N/A",
            "N/A",
            "N/A",
            "N/A",
            "N/A",
            "N/A",
            "N/A",
            "N/A",
            "N/A",
            "N/A",
            "N/A",
            "N/A",
            "N/A",
            "N/A",
            "N/A",
            "N/A",
            "N/A",
            "N/A",
            "N/A",
            "N/A",
            "N/A",
            "N/A",
            "N/A",
            "N/A",
            "N/A",
            "N/A",
            "N/A",
            "N/A",
            "N/A",
            "N/A",
            "N/A",
            "N/A",
            "N/A",
            "N/A",
            "N/A",
            "N/A",
            "N/A",
            "N/A",
            "N/A",
            "N/A",
            "N/A",
            "N/A"
        ],