{
    "wolf_id": 86,
    "beta": 0.1,
    "gamma": 1.5,
    "delta": 0.75,
    "alive": false,
    "born_at_step": 182,
    "died_at_step": 201,
    "thetas": [
        0.5,
        0.8990131973676874,
        0.9042179289771355,
        0.9090910743798647,
        0.9090910743798647,
        0.9090910743798647,
        0.9090910743798647,
        0.9090910743798647,
        0.9090910728772433,
        0.9074075754936982,
        0.9039436889474254,
        0.8975502232906906,
        0.8877292266101579,
        0.8749854831661811,
        0.8574454276031623,
        0.835650521120351,
        0.8107631366662992,
        0.7846196509505723,
        0.7576862750226835,
        0.7304480560755539
    ],
    "decision_history": {
        "history_steps": [
            183,
            184,
            185,
            186,
            187,
            188,
            189,
            190,
            191,
            192,
            193,
            194,
            195,
            196,
            197,
            198,
            199,
            200,
            201
        ],
        "new_thetas": [
            0.8990131973676874,
            0.9042179289771355,
            0.9090910743798647,
            0.9090910743798647,
            0.9090910743798647,
            0.9090910743798647,
            0.9090910743798647,
            0.9090910728772433,
            0.9074075754936982,
            0.9039436889474254,
            0.8975502232906906,
            0.8877292266101579,
            0.8749854831661811,
            0.8574454276031623,
            0.835650521120351,
            0.8107631366662992,
            0.7846196509505723,
            0.7576862750226835,
            0.7304480560755539
        ],
        "prompts": [
            "N/A",
            "N/A",
            "N/A",
            "N/A",
            "N/A",
            "N/A",
            "N/A",
            "N/A",
            "N/A",
            "N/A",
            "N/A",
            "N/A",
            "N/A",
            "N/A",
            "N/A",
            "N/A",
            "N/A",
            "N/A",
            "N/A"
        ],
        "explanations": [
            "Calculated theta: 0.8990 based on sheep population: 44.51",
            "Calculated theta: 0.9042 based on sheep population: 47.20",
            "Calculated theta: 0.9091 based on sheep population: 50.00",
            "Calculated theta: 0.9091 based on sheep population: 50.00",
            "Calculated theta: 0.9091 based on sheep population: 50.00",
            "Calculated theta: 0.9091 based on sheep population: 50.00",
            "Calculated theta: 0.9091 based on sheep population: 50.00",
            "Calculated theta: 0.9091 based on sheep population: 50.00",
            "Calculated theta: 0.9074 based on sheep population: 49.00",
            "Calculated theta: 0.9039 based on sheep population: 47.05",
            "Calculated theta: 0.8976 based on sheep population: 43.80",
            "Calculated theta: 0.8877 based on sheep population: 39.54",
            "Calculated theta: 0.8750 based on sheep population: 35.00",
            "Calculated theta: 0.8574 based on sheep population: 30.07",
            "Calculated theta: 0.8357 based on sheep population: 25.42",
            "Calculated theta: 0.8108 based on sheep population: 21.42",
            "Calculated theta: 0.7846 based on sheep population: 18.21",
            "Calculated theta: 0.7577 based on sheep population: 15.63",
            "Calculated theta: 0.7304 based on sheep population: 13.55"
        ],
        "vocalizations": [
            "Calculated theta: 0.8990 based on sheep population: 44.51",
            "Calculated theta: 0.9042 based on sheep population: 47.20",
            "Calculated theta: 0.9091 based on sheep population: 50.00",
            "Calculated theta: 0.9091 based on sheep population: 50.00",
            "Calculated theta: 0.9091 based on sheep population: 50.00",
            "Calculated theta: 0.9091 based on sheep population: 50.00",
            "Calculated theta: 0.9091 based on sheep population: 50.00",
            "Calculated theta: 0.9091 based on sheep population: 50.00",
            "Calculated theta: 0.9074 based on sheep population: 49.00",
            "Calculated theta: 0.9039 based on sheep population: 47.05",
            "Calculated theta: 0.8976 based on sheep population: 43.80",
            "Calculated theta: 0.8877 based on sheep population: 39.54",
            "Calculated theta: 0.8750 based on sheep population: 35.00",
            "Calculated theta: 0.8574 based on sheep population: 30.07",
            "Calculated theta: 0.8357 based on sheep population: 25.42",
            "Calculated theta: 0.8108 based on sheep population: 21.42",
            "Calculated theta: 0.7846 based on sheep population: 18.21",
            "Calculated theta: 0.7577 based on sheep population: 15.63",
            "Calculated theta: 0.7304 based on sheep population: 13.55"
        ]
    }
}