{
    "wolf_id": 225,
    "beta": 0.1,
    "gamma": 1.5,
    "delta": 0.75,
    "alive": false,
    "born_at_step": 454,
    "died_at_step": 472,
    "thetas": [
        0.5,
        0.9039436889474254,
        0.8975502232906906,
        0.8877292266101579,
        0.8749854831661811,
        0.8574454276031623,
        0.835650521120351,
        0.8107631366662992,
        0.7846196509505723,
        0.7576862750226835,
        0.7304480560755539,
        0.7071516300103203,
        0.6880273728393436,
        0.6730685556555004,
        0.6621361212024017,
        0.6550317844277375,
        0.6515428768241646,
        0.6514662131591245,
        0.6530124580681723
    ],
    "decision_history": {
        "history_steps": [
            455,
            456,
            457,
            458,
            459,
            460,
            461,
            462,
            463,
            464,
            465,
            466,
            467,
            468,
            469,
            470,
            471,
            472
        ],
        "new_thetas": [
            0.9039436889474254,
            0.8975502232906906,
            0.8877292266101579,
            0.8749854831661811,
            0.8574454276031623,
            0.835650521120351,
            0.8107631366662992,
            0.7846196509505723,
            0.7576862750226835,
            0.7304480560755539,
            0.7071516300103203,
            0.6880273728393436,
            0.6730685556555004,
            0.6621361212024017,
            0.6550317844277375,
            0.6515428768241646,
            0.6514662131591245,
            0.6530124580681723
        ],
        "prompts": [
            "N/A",
            "N/A",
            "N/A",
            "N/A",
            "N/A",
            "N/A",
            "N/A",
            "N/A",
            "N/A",
            "N/A",
            "N/A",
            "N/A",
            "N/A",
            "N/A",
            "N/A",
            "N/A",
            "N/A",
            "N/A"
        ],
        "explanations": [
            "Calculated theta: 0.9039 based on sheep population: 47.05",
            "Calculated theta: 0.8976 based on sheep population: 43.80",
            "Calculated theta: 0.8877 based on sheep population: 39.54",
            "Calculated theta: 0.8750 based on sheep population: 35.00",
            "Calculated theta: 0.8574 based on sheep population: 30.07",
            "Calculated theta: 0.8357 based on sheep population: 25.42",
            "Calculated theta: 0.8108 based on sheep population: 21.42",
            "Calculated theta: 0.7846 based on sheep population: 18.21",
            "Calculated theta: 0.7577 based on sheep population: 15.63",
            "Calculated theta: 0.7304 based on sheep population: 13.55",
            "Calculated theta: 0.7072 based on sheep population: 12.07",
            "Calculated theta: 0.6880 based on sheep population: 11.03",
            "Calculated theta: 0.6731 based on sheep population: 10.29",
            "Calculated theta: 0.6621 based on sheep population: 9.80",
            "Calculated theta: 0.6550 based on sheep population: 9.49",
            "Calculated theta: 0.6515 based on sheep population: 9.35",
            "Calculated theta: 0.6515 based on sheep population: 9.35",
            "Calculated theta: 0.6530 based on sheep population: 9.41"
        ],
        "vocalizations": [
            "Calculated theta: 0.9039 based on sheep population: 47.05",
            "Calculated theta: 0.8976 based on sheep population: 43.80",
            "Calculated theta: 0.8877 based on sheep population: 39.54",
            "Calculated theta: 0.8750 based on sheep population: 35.00",
            "Calculated theta: 0.8574 based on sheep population: 30.07",
            "Calculated theta: 0.8357 based on sheep population: 25.42",
            "Calculated theta: 0.8108 based on sheep population: 21.42",
            "Calculated theta: 0.7846 based on sheep population: 18.21",
            "Calculated theta: 0.7577 based on sheep population: 15.63",
            "Calculated theta: 0.7304 based on sheep population: 13.55",
            "Calculated theta: 0.7072 based on sheep population: 12.07",
            "Calculated theta: 0.6880 based on sheep population: 11.03",
            "Calculated theta: 0.6731 based on sheep population: 10.29",
            "Calculated theta: 0.6621 based on sheep population: 9.80",
            "Calculated theta: 0.6550 based on sheep population: 9.49",
            "Calculated theta: 0.6515 based on sheep population: 9.35",
            "Calculated theta: 0.6515 based on sheep population: 9.35",
            "Calculated theta: 0.6530 based on sheep population: 9.41"
        ]
    }
}