{
    "wolf_id": 31,
    "beta": 0.1,
    "gamma": 1.5,
    "delta": 0.75,
    "alive": false,
    "born_at_step": 36,
    "died_at_step": 64,
    "thetas": [
        0.5,
        0.8749854831661811,
        0.8574454276031623,
        0.835650521120351,
        0.8107631366662992,
        0.7846196509505723,
        0.7576862750226835,
        0.7304480560755539,
        0.7071516300103203,
        0.6880273728393436,
        0.6730685556555004,
        0.6621361212024017,
        0.6550317844277375,
        0.6515428768241646,
        0.6514662131591245,
        0.6530124580681723,
        0.6561119262052465,
        0.6622780159134113,
        0.6698080319050949,
        0.6786452757957321,
        0.6871957915308282,
        0.6969999502849203,
        0.7079901155829531,
        0.718603328767156,
        0.7303230834730651,
        0.7416136710733793,
        0.7539087403777153,
        0.7657125845788465,
        0.7770332856547145
    ],
    "decision_history": {
        "history_steps": [
            37,
            38,
            39,
            40,
            41,
            42,
            43,
            44,
            45,
            46,
            47,
            48,
            49,
            50,
            51,
            52,
            53,
            54,
            55,
            56,
            57,
            58,
            59,
            60,
            61,
            62,
            63,
            64
        ],
        "new_thetas": [
            0.8749854831661811,
            0.8574454276031623,
            0.835650521120351,
            0.8107631366662992,
            0.7846196509505723,
            0.7576862750226835,
            0.7304480560755539,
            0.7071516300103203,
            0.6880273728393436,
            0.6730685556555004,
            0.6621361212024017,
            0.6550317844277375,
            0.6515428768241646,
            0.6514662131591245,
            0.6530124580681723,
            0.6561119262052465,
            0.6622780159134113,
            0.6698080319050949,
            0.6786452757957321,
            0.6871957915308282,
            0.6969999502849203,
            0.7079901155829531,
            0.718603328767156,
            0.7303230834730651,
            0.7416136710733793,
            0.7539087403777153,
            0.7657125845788465,
            0.7770332856547145
        ],
        "prompts": [
            "N/A",
            "N/A",
            "N/A",
            "N/A",
            "N/A",
            "N/A",
            "N/A",
            "N/A",
            "N/A",
            "N/A",
            "N/A",
            "N/A",
            "N/A",
            "N/A",
            "N/A",
            "N/A",
            "N/A",
            "N/A",
            "N/A",
            "N/A",
            "N/A",
            "N/A",
            "N/A",
            "N/A",
            "N/A",
            "N/A",
            "N/A",
            "N/A"
        ],
        "explanations": [
            "Calculated theta: 0.8750 based on sheep population: 35.00",
            "Calculated theta: 0.8574 based on sheep population: 30.07",
            "Calculated theta: 0.8357 based on sheep population: 25.42",
            "Calculated theta: 0.8108 based on sheep population: 21.42",
            "Calculated theta: 0.7846 based on sheep population: 18.21",
            "Calculated theta: 0.7577 based on sheep population: 15.63",
            "Calculated theta: 0.7304 based on sheep population: 13.55",
            "Calculated theta: 0.7072 based on sheep population: 12.07",
            "Calculated theta: 0.6880 based on sheep population: 11.03",
            "Calculated theta: 0.6731 based on sheep population: 10.29",
            "Calculated theta: 0.6621 based on sheep population: 9.80",
            "Calculated theta: 0.6550 based on sheep population: 9.49",
            "Calculated theta: 0.6515 based on sheep population: 9.35",
            "Calculated theta: 0.6515 based on sheep population: 9.35",
            "Calculated theta: 0.6530 based on sheep population: 9.41",
            "Calculated theta: 0.6561 based on sheep population: 9.54",
            "Calculated theta: 0.6623 based on sheep population: 9.80",
            "Calculated theta: 0.6698 based on sheep population: 10.14",
            "Calculated theta: 0.6786 based on sheep population: 10.56",
            "Calculated theta: 0.6872 based on sheep population: 10.98",
            "Calculated theta: 0.6970 based on sheep population: 11.50",
            "Calculated theta: 0.7080 based on sheep population: 12.12",
            "Calculated theta: 0.7186 based on sheep population: 12.77",
            "Calculated theta: 0.7303 based on sheep population: 13.54",
            "Calculated theta: 0.7416 based on sheep population: 14.35",
            "Calculated theta: 0.7539 based on sheep population: 15.32",
            "Calculated theta: 0.7657 based on sheep population: 16.34",
            "Calculated theta: 0.7770 based on sheep population: 17.42"
        ],
        "vocalizations": [
            "Calculated theta: 0.8750 based on sheep population: 35.00",
            "Calculated theta: 0.8574 based on sheep population: 30.07",
            "Calculated theta: 0.8357 based on sheep population: 25.42",
            "Calculated theta: 0.8108 based on sheep population: 21.42",
            "Calculated theta: 0.7846 based on sheep population: 18.21",
            "Calculated theta: 0.7577 based on sheep population: 15.63",
            "Calculated theta: 0.7304 based on sheep population: 13.55",
            "Calculated theta: 0.7072 based on sheep population: 12.07",
            "Calculated theta: 0.6880 based on sheep population: 11.03",
            "Calculated theta: 0.6731 based on sheep population: 10.29",
            "Calculated theta: 0.6621 based on sheep population: 9.80",
            "Calculated theta: 0.6550 based on sheep population: 9.49",
            "Calculated theta: 0.6515 based on sheep population: 9.35",
            "Calculated theta: 0.6515 based on sheep population: 9.35",
            "Calculated theta: 0.6530 based on sheep population: 9.41",
            "Calculated theta: 0.6561 based on sheep population: 9.54",
            "Calculated theta: 0.6623 based on sheep population: 9.80",
            "Calculated theta: 0.6698 based on sheep population: 10.14",
            "Calculated theta: 0.6786 based on sheep population: 10.56",
            "Calculated theta: 0.6872 based on sheep population: 10.98",
            "Calculated theta: 0.6970 based on sheep population: 11.50",
            "Calculated theta: 0.7080 based on sheep population: 12.12",
            "Calculated theta: 0.7186 based on sheep population: 12.77",
            "Calculated theta: 0.7303 based on sheep population: 13.54",
            "Calculated theta: 0.7416 based on sheep population: 14.35",
            "Calculated theta: 0.7539 based on sheep population: 15.32",
            "Calculated theta: 0.7657 based on sheep population: 16.34",
            "Calculated theta: 0.7770 based on sheep population: 17.42"
        ]
    }
}