{
    "wolf_id": 181,
    "beta": 0.1,
    "gamma": 1.5,
    "delta": 0.75,
    "alive": false,
    "born_at_step": 352,
    "died_at_step": 373,
    "thetas": [
        0.5,
        0.8726882466780224,
        0.8549704784528577,
        0.8329918871715623,
        0.8079452741717956,
        0.7798950378670475,
        0.7510020048680215,
        0.7237614652038404,
        0.7005742882046421,
        0.6816264769560401,
        0.666877935609536,
        0.6578943381143305,
        0.6509447524224775,
        0.6476034198440374,
        0.6476648145747268,
        0.6493417536913916,
        0.6541542030727535,
        0.6603842092065928,
        0.6679754727969837,
        0.6768719773512283,
        0.6870154623786984,
        0.6968255809871955
    ],
    "decision_history": {
        "history_steps": [
            353,
            354,
            355,
            356,
            357,
            358,
            359,
            360,
            361,
            362,
            363,
            364,
            365,
            366,
            367,
            368,
            369,
            370,
            371,
            372,
            373
        ],
        "new_thetas": [
            0.8726882466780224,
            0.8549704784528577,
            0.8329918871715623,
            0.8079452741717956,
            0.7798950378670475,
            0.7510020048680215,
            0.7237614652038404,
            0.7005742882046421,
            0.6816264769560401,
            0.666877935609536,
            0.6578943381143305,
            0.6509447524224775,
            0.6476034198440374,
            0.6476648145747268,
            0.6493417536913916,
            0.6541542030727535,
            0.6603842092065928,
            0.6679754727969837,
            0.6768719773512283,
            0.6870154623786984,
            0.6968255809871955
        ],
        "prompts": [
            "N/A",
            "N/A",
            "N/A",
            "N/A",
            "N/A",
            "N/A",
            "N/A",
            "N/A",
            "N/A",
            "N/A",
            "N/A",
            "N/A",
            "N/A",
            "N/A",
            "N/A",
            "N/A",
            "N/A",
            "N/A",
            "N/A",
            "N/A",
            "N/A"
        ],
        "explanations": [
            "Calculated theta: 0.8727 based on sheep population: 34.27",
            "Calculated theta: 0.8550 based on sheep population: 29.48",
            "Calculated theta: 0.8330 based on sheep population: 24.94",
            "Calculated theta: 0.8079 based on sheep population: 21.03",
            "Calculated theta: 0.7799 based on sheep population: 17.72",
            "Calculated theta: 0.7510 based on sheep population: 15.08",
            "Calculated theta: 0.7238 based on sheep population: 13.10",
            "Calculated theta: 0.7006 based on sheep population: 11.70",
            "Calculated theta: 0.6816 based on sheep population: 10.70",
            "Calculated theta: 0.6669 based on sheep population: 10.01",
            "Calculated theta: 0.6579 based on sheep population: 9.62",
            "Calculated theta: 0.6509 based on sheep population: 9.32",
            "Calculated theta: 0.6476 based on sheep population: 9.19",
            "Calculated theta: 0.6477 based on sheep population: 9.19",
            "Calculated theta: 0.6493 based on sheep population: 9.26",
            "Calculated theta: 0.6542 based on sheep population: 9.46",
            "Calculated theta: 0.6604 based on sheep population: 9.72",
            "Calculated theta: 0.6680 based on sheep population: 10.06",
            "Calculated theta: 0.6769 based on sheep population: 10.47",
            "Calculated theta: 0.6870 based on sheep population: 10.98",
            "Calculated theta: 0.6968 based on sheep population: 11.49"
        ],
        "vocalizations": [
            "Calculated theta: 0.8727 based on sheep population: 34.27",
            "Calculated theta: 0.8550 based on sheep population: 29.48",
            "Calculated theta: 0.8330 based on sheep population: 24.94",
            "Calculated theta: 0.8079 based on sheep population: 21.03",
            "Calculated theta: 0.7799 based on sheep population: 17.72",
            "Calculated theta: 0.7510 based on sheep population: 15.08",
            "Calculated theta: 0.7238 based on sheep population: 13.10",
            "Calculated theta: 0.7006 based on sheep population: 11.70",
            "Calculated theta: 0.6816 based on sheep population: 10.70",
            "Calculated theta: 0.6669 based on sheep population: 10.01",
            "Calculated theta: 0.6579 based on sheep population: 9.62",
            "Calculated theta: 0.6509 based on sheep population: 9.32",
            "Calculated theta: 0.6476 based on sheep population: 9.19",
            "Calculated theta: 0.6477 based on sheep population: 9.19",
            "Calculated theta: 0.6493 based on sheep population: 9.26",
            "Calculated theta: 0.6542 based on sheep population: 9.46",
            "Calculated theta: 0.6604 based on sheep population: 9.72",
            "Calculated theta: 0.6680 based on sheep population: 10.06",
            "Calculated theta: 0.6769 based on sheep population: 10.47",
            "Calculated theta: 0.6870 based on sheep population: 10.98",
            "Calculated theta: 0.6968 based on sheep population: 11.49"
        ]
    }
}