{
    "wolf_id": 70,
    "beta": 0.1,
    "gamma": 1.5,
    "delta": 0.75,
    "alive": true,
    "born_at_step": 422,
    "died_at_step": null,
    "thetas": [
        0.2360319995142064,
        0.7705975184484711,
        0.7694178788585049,
        0.7682495374213473,
        0.766364960099715,
        0.7644967585470271,
        0.7626451546767494,
        0.7600720635962491,
        0.7575202140553724,
        0.7542420757566985,
        0.750989879958093,
        0.7477647495758367,
        0.74380614706003,
        0.7398805433239373,
        0.7359897128727086,
        0.7313602101462869,
        0.7267735614201942,
        0.7222322822665971,
        0.7177387187096089,
        0.7132950476111759,
        0.7089032779061081,
        0.7045652526139563,
        0.7002826515539591,
        0.6960569946889165,
        0.6918896460244607,
        0.6877818179916724,
        0.6837345762432109,
        0.6797488447959575,
        0.6758254114565061,
        0.6727589609095038,
        0.6697426718170938,
        0.6667765508301052,
        0.6646501350262226,
        0.6625598528689407,
        0.6605054216461417,
        0.6592715845602256,
        0.6580590338631924,
        0.6568674945594528,
        0.6564775042285481,
        0.656094244243617,
        0.6557176059872704,
        0.6561245497799286,
        0.6565245318454496,
        0.6569176778601528,
        0.6580778899337473,
        0.659218516037557,
        0.660339928387545,
        0.6622132581099409,
        0.664055401690064,
        0.6658669580495425,
        0.6676485144557234,
        0.6701684494454533,
        0.6726469625395852,
        0.6750848335622947,
        0.6774828297213986,
        0.6798417055272257,
        0.6829259936323027,
        0.6859599015728827,
        0.6889443416820585,
        0.6918802154209179,
        0.6947684129241547,
        0.6976098126038313,
        0.7004052808071127,
        0.703155671524019,
        0.7066164300142811,
        0.7100203652012973,
        0.713368474647226,
        0.7166617469926644,
        0.7199011611989253,
        0.7230876858705457,
        0.726222278652671,
        0.7293058856982192,
        0.7323394411999835,
        0.7353238669830803,
        0.7382600721533968,
        0.7411489527979271,
        0.7439913917331199,
        0.7467882582975776
    ],
    "decision_history": {
        "history_steps": [
            423,
            424,
            425,
            426,
            427,
            428,
            429,
            430,
            431,
            432,
            433,
            434,
            435,
            436,
            437,
            438,
            439,
            440,
            441,
            442,
            443,
            444,
            445,
            446,
            447,
            448,
            449,
            450,
            451,
            452,
            453,
            454,
            455,
            456,
            457,
            458,
            459,
            460,
            461,
            462,
            463,
            464,
            465,
            466,
            467,
            468,
            469,
            470,
            471,
            472,
            473,
            474,
            475,
            476,
            477,
            478,
            479,
            480,
            481,
            482,
            483,
            484,
            485,
            486,
            487,
            488,
            489,
            490,
            491,
            492,
            493,
            494,
            495,
            496,
            497,
            498,
            499
        ],
        "new_thetas": [
            0.7705975184484711,
            0.7694178788585049,
            0.7682495374213473,
            0.766364960099715,
            0.7644967585470271,
            0.7626451546767494,
            0.7600720635962491,
            0.7575202140553724,
            0.7542420757566985,
            0.750989879958093,
            0.7477647495758367,
            0.74380614706003,
            0.7398805433239373,
            0.7359897128727086,
            0.7313602101462869,
            0.7267735614201942,
            0.7222322822665971,
            0.7177387187096089,
            0.7132950476111759,
            0.7089032779061081,
            0.7045652526139563,
            0.7002826515539591,
            0.6960569946889165,
            0.6918896460244607,
            0.6877818179916724,
            0.6837345762432109,
            0.6797488447959575,
            0.6758254114565061,
            0.6727589609095038,
            0.6697426718170938,
            0.6667765508301052,
            0.6646501350262226,
            0.6625598528689407,
            0.6605054216461417,
            0.6592715845602256,
            0.6580590338631924,
            0.6568674945594528,
            0.6564775042285481,
            0.656094244243617,
            0.6557176059872704,
            0.6561245497799286,
            0.6565245318454496,
            0.6569176778601528,
            0.6580778899337473,
            0.659218516037557,
            0.660339928387545,
            0.6622132581099409,
            0.664055401690064,
            0.6658669580495425,
            0.6676485144557234,
            0.6701684494454533,
            0.6726469625395852,
            0.6750848335622947,
            0.6774828297213986,
            0.6798417055272257,
            0.6829259936323027,
            0.6859599015728827,
            0.6889443416820585,
            0.6918802154209179,
            0.6947684129241547,
            0.6976098126038313,
            0.7004052808071127,
            0.703155671524019,
            0.7066164300142811,
            0.7100203652012973,
            0.713368474647226,
            0.7166617469926644,
            0.7199011611989253,
            0.7230876858705457,
            0.726222278652671,
            0.7293058856982192,
            0.7323394411999835,
            0.7353238669830803,
            0.7382600721533968,
            0.7411489527979271,
            0.7439913917331199,
            0.7467882582975776
        ],
        "prompts": [
            "N/A",
            "N/A",
            "N/A",
            "N/A",
            "N/A",
            "N/A",
            "N/A",
            "N/A",
            "N/A",
            "N/A",
            "N/A",
            "N/A",
            "N/A",
            "N/A",
            "N/A",
            "N/A",
            "N/A",
            "N/A",
            "N/A",
            "N/A",
            "N/A",
            "N/A",
            "N/A",
            "N/A",
            "N/A",
            "N/A",
            "N/A",
            "N/A",
            "N/A",
            "N/A",
            "N/A",
            "N/A",
            "N/A",
            "N/A",
            "N/A",
            "N/A",
            "N/A",
            "N/A",
            "N/A",
            "N/A",
            "N/A",
            "N/A",
            "N/A",
            "N/A",
            "N/A",
            "N/A",
            "N/A",
            "N/A",
            "N/A",
            "N/A",
            "N/A",
            "N/A",
            "N/A",
            "N/A",
            "N/A",
            "N/A",
            "N/A",
            "N/A",
            "N/A",
            "N/A",
            "N/A",
            "N/A",
            "N/A",
            "N/A",
            "N/A",
            "N/A",
            "N/A",
            "N/A",
            "N/A",
            "N/A",
            "N/A",
            "N/A",
            "N/A",
            "N/A",
            "N/A",
            "N/A",
            "N/A"
        ],