{
    "wolf_id": 19,
    "beta": 0.1,
    "gamma": 1.5,
    "delta": 0.75,
    "alive": false,
    "born_at_step": 50,
    "died_at_step": 103,
    "thetas": [
        0.0929288863058444,
        0.7983270508210566,
        0.7955425433058703,
        0.7920684051091811,
        0.7878934653900743,
        0.7830050711509923,
        0.7781224082586479,
        0.7725105538553451,
        0.7661573834578295,
        0.7590517674979684,
        0.7519593524379575,
        0.7441088244162506,
        0.7362888683137139,
        0.7277138314722739,
        0.7191942698007382,
        0.7107443983676403,
        0.7023774751228404,
        0.6941057517771797,
        0.6859404418327614,
        0.6778917046233557,
        0.6699686439614579,
        0.6621793198067107,
        0.6553421429307286,
        0.6486339660946375,
        0.6428618719401997,
        0.6372060326972044,
        0.6324631134174566,
        0.6278191013172251,
        0.6240614232189028,
        0.6211653116565279,
        0.6183295513371568,
        0.6163291630735086,
        0.6151414219566746,
        0.6139775566709079,
        0.6136041183392632,
        0.6132379978857482,
        0.6136425537641753,
        0.6140394152572921,
        0.6151896864083949,
        0.6163187753981743,
        0.618186313285893,
        0.6200205713995577,
        0.6225803011365624,
        0.6250958277166101,
        0.6275679694076369,
        0.6307560226529589,
        0.6338905549121958,
        0.6377302760697615,
        0.6415068985035877,
        0.6452213981592502,
        0.6488747540375598,
        0.6532266244413796,
        0.6575075940790754,
        0.6617186484141203
    ],
    "decision_history": {
        "history_steps": [
            51,
            52,
            53,
            54,
            55,
            56,
            57,
            58,
            59,
            60,
            61,
            62,
            63,
            64,
            65,
            66,
            67,
            68,
            69,
            70,
            71,
            72,
            73,
            74,
            75,
            76,
            77,
            78,
            79,
            80,
            81,
            82,
            83,
            84,
            85,
            86,
            87,
            88,
            89,
            90,
            91,
            92,
            93,
            94,
            95,
            96,
            97,
            98,
            99,
            100,
            101,
            102,
            103
        ],
        "new_thetas": [
            0.7983270508210566,
            0.7955425433058703,
            0.7920684051091811,
            0.7878934653900743,
            0.7830050711509923,
            0.7781224082586479,
            0.7725105538553451,
            0.7661573834578295,
            0.7590517674979684,
            0.7519593524379575,
            0.7441088244162506,
            0.7362888683137139,
            0.7277138314722739,
            0.7191942698007382,
            0.7107443983676403,
            0.7023774751228404,
            0.6941057517771797,
            0.6859404418327614,
            0.6778917046233557,
            0.6699686439614579,
            0.6621793198067107,
            0.6553421429307286,
            0.6486339660946375,
            0.6428618719401997,
            0.6372060326972044,
            0.6324631134174566,
            0.6278191013172251,
            0.6240614232189028,
            0.6211653116565279,
            0.6183295513371568,
            0.6163291630735086,
            0.6151414219566746,
            0.6139775566709079,
            0.6136041183392632,
            0.6132379978857482,
            0.6136425537641753,
            0.6140394152572921,
            0.6151896864083949,
            0.6163187753981743,
            0.618186313285893,
            0.6200205713995577,
            0.6225803011365624,
            0.6250958277166101,
            0.6275679694076369,
            0.6307560226529589,
            0.6338905549121958,
            0.6377302760697615,
            0.6415068985035877,
            0.6452213981592502,
            0.6488747540375598,
            0.6532266244413796,
            0.6575075940790754,
            0.6617186484141203
        ],
        "prompts": [
            "N/A",
            "N/A",
            "N/A",
            "N/A",
            "N/A",
            "N/A",
            "N/A",
            "N/A",
            "N/A",
            "N/A",
            "N/A",
            "N/A",
            "N/A",
            "N/A",
            "N/A",
            "N/A",
            "N/A",
            "N/A",
            "N/A",
            "N/A",
            "N/A",
            "N/A",
            "N/A",
            "N/A",
            "N/A",
            "N/A",
            "N/A",
            "N/A",
            "N/A",
            "N/A",
            "N/A",
            "N/A",
            "N/A",
            "N/A",
            "N/A",
            "N/A",
            "N/A",
            "N/A",
            "N/A",
            "N/A",
            "N/A",
            "N/A",
            "N/A",
            "N/A",
            "N/A",
            "N/A",
            "N/A",
            "N/A",
            "N/A",
            "N/A",
            "N/A",
            "N/A",
            "N/A"
        ],