{
    "wolf_id": 0,
    "beta": 0.1,
    "gamma": 1.5,
    "delta": 0.75,
    "alive": false,
    "born_at_step": 0,
    "died_at_step": 2,
    "thetas": [
        0.5,
        0.6071442601990708,
        0.6114203385556599,
        0.6156271552393299
    ],
    "decision_history": {
        "history_steps": [
            0,
            1,
            2
        ],
        "new_thetas": [
            0.6071442601990708,
            0.6114203385556599,
            0.6156271552393299
        ],
        "prompts": [
            "N/A",
            "N/A",
            "N/A"
        ],
        "explanations": [
            "Calculated theta: 0.6071 based on sheep population: 17.00",
            "Calculated theta: 0.6114 based on sheep population: 17.31",
            "Calculated theta: 0.6156 based on sheep population: 17.62"
        ],
        "vocalizations": [
            "Calculated theta: 0.6071 based on sheep population: 17.00",
            "Calculated theta: 0.6114 based on sheep population: 17.31",
            "Calculated theta: 0.6156 based on sheep population: 17.62"
        ]
    }
}