{
    "wolf_id": 9,
    "beta": 0.1,
    "gamma": 1.5,
    "delta": 0.75,
    "alive": false,
    "born_at_step": 0,
    "died_at_step": 79,
    "thetas": [
        0.5,
        0.6071442601990708,
        0.6114203385556599,
        0.6156271552393299,
        0.6197656127303702,
        0.6245855732647462,
        0.6293289200256585,
        0.6339964838771901,
        0.6385891295586732,
        0.643860684164202,
        0.6490483059322353,
        0.6541527577908024,
        0.6591748511859847,
        0.6648688519302953,
        0.67047020126601,
        0.6759795838784376,
        0.6813977501375279,
        0.6867255103465166,
        0.6919637292591928,
        0.6971133208654894,
        0.7021752434434726,
        0.7071504948743914,
        0.7120401082162365,
        0.7168451475302318,
        0.7223033794054176,
        0.7276631996051861,
        0.7329256435097863,
        0.7380917951257027,
        0.7431627819360495,
        0.7481397700328819,
        0.7530239595255919,
        0.7578165802185846,
        0.762518887550641,
        0.7671321587877215,
        0.7716576894604699,
        0.7760967900372945,
        0.7797679063995925,
        0.7833732165408829,
        0.7869138798871642,
        0.7903910458751455,
        0.7931384494355511,
        0.7958407038978506,
        0.7978351886538628,
        0.7998001848996202,
        0.8010746552308065,
        0.8023324900397465,
        0.8029120825700549,
        0.8034851261244114,
        0.8033872506256148,
        0.8026211642162216,
        0.8018611763544811,
        0.8004310545091033,
        0.7983270508210566,
        0.7955425433058703,
        0.7920684051091811,
        0.7878934653900743,
        0.7830050711509923,
        0.7781224082586479,
        0.7725105538553451,
        0.7661573834578295,
        0.7590517674979684,
        0.7519593524379575,
        0.7441088244162506,
        0.7362888683137139,
        0.7277138314722739,
        0.7191942698007382,
        0.7107443983676403,
        0.7023774751228404,
        0.6941057517771797,
        0.6859404418327614,
        0.6778917046233557,
        0.6699686439614579,
        0.6621793198067107,
        0.6553421429307286,
        0.6486339660946375,
        0.6428618719401997,
        0.6372060326972044,
        0.6324631134174566,
        0.6278191013172251,
        0.6240614232189028,
        0.6211653116565279
    ],
    "decision_history": {
        "history_steps": [
            0,
            1,
            2,
            3,
            4,
            5,
            6,
            7,
            8,
            9,
            10,
            11,
            12,
            13,
            14,
            15,
            16,
            17,
            18,
            19,
            20,
            21,
            22,
            23,
            24,
            25,
            26,
            27,
            28,
            29,
            30,
            31,
            32,
            33,
            34,
            35,
            36,
            37,
            38,
            39,
            40,
            41,
            42,
            43,
            44,
            45,
            46,
            47,
            48,
            49,
            50,
            51,
            52,
            53,
            54,
            55,
            56,
            57,
            58,
            59,
            60,
            61,
            62,
            63,
            64,
            65,
            66,
            67,
            68,
            69,
            70,
            71,
            72,
            73,
            74,
            75,
            76,
            77,
            78,
            79
        ],
        "new_thetas": [
            0.6071442601990708,
            0.6114203385556599,
            0.6156271552393299,
            0.6197656127303702,
            0.6245855732647462,
            0.6293289200256585,
            0.6339964838771901,
            0.6385891295586732,
            0.643860684164202,
            0.6490483059322353,
            0.6541527577908024,
            0.6591748511859847,
            0.6648688519302953,
            0.67047020126601,
            0.6759795838784376,
            0.6813977501375279,
            0.6867255103465166,
            0.6919637292591928,
            0.6971133208654894,
            0.7021752434434726,
            0.7071504948743914,
            0.7120401082162365,
            0.7168451475302318,
            0.7223033794054176,
            0.7276631996051861,
            0.7329256435097863,
            0.7380917951257027,
            0.7431627819360495,
            0.7481397700328819,
            0.7530239595255919,
            0.7578165802185846,
            0.762518887550641,
            0.7671321587877215,
            0.7716576894604699,
            0.7760967900372945,
            0.7797679063995925,
            0.7833732165408829,
            0.7869138798871642,
            0.7903910458751455,
            0.7931384494355511,
            0.7958407038978506,
            0.7978351886538628,
            0.7998001848996202,
            0.8010746552308065,
            0.8023324900397465,
            0.8029120825700549,
            0.8034851261244114,
            0.8033872506256148,
            0.8026211642162216,
            0.8018611763544811,
            0.8004310545091033,
            0.7983270508210566,
            0.7955425433058703,
            0.7920684051091811,
            0.7878934653900743,
            0.7830050711509923,
            0.7781224082586479,
            0.7725105538553451,
            0.7661573834578295,
            0.7590517674979684,
            0.7519593524379575,
            0.7441088244162506,
            0.7362888683137139,
            0.7277138314722739,
            0.7191942698007382,
            0.7107443983676403,
            0.7023774751228404,
            0.6941057517771797,
            0.6859404418327614,
            0.6778917046233557,
            0.6699686439614579,
            0.6621793198067107,
            0.6553421429307286,
            0.6486339660946375,
            0.6428618719401997,
            0.6372060326972044,
            0.6324631134174566,
            0.6278191013172251,
            0.6240614232189028,
            0.6211653116565279
        ],
        "prompts": [
            "N/A",
            "N/A",
            "N/A",
            "N/A",
            "N/A",
            "N/A",
            "N/A",
            "N/A",
            "N/A",
            "N/A",
            "N/A",
            "N/A",
            "N/A",
            "N/A",
            "N/A",
            "N/A",
            "N/A",
            "N/A",
            "N/A",
            "N/A",
            "N/A",
            "N/A",
            "N/A",
            "N/A",
            "N/A",
            "N/A",
            "N/A",
            "N/A",
            "N/A",
            "N/A",
            "N/A",
            "N/A",
            "N/A",
            "N/A",
            "N/A",
            "N/A",
            "N/A",
            "N/A",
            "N/A",
            "N/A",
            "N/A",
            "N/A",
            "N/A",
            "N/A",
            "N/A",
            "N/A",
            "N/A",
            "N/A",
            "N/A",
            "N/A",
            "N/A",
            "N/A",
            "N/A",
            "N/A",
            "N/A",
            "N/A",
            "N/A",
            "N/A",
            "N/A",
            "N/A",
            "N/A",
            "N/A",
            "N/A",
            "N/A",
            "N/A",
            "N/A",
            "N/A",
            "N/A",
            "N/A",
            "N/A",
            "N/A",
            "N/A",
            "N/A",
            "N/A",
            "N/A",
            "N/A",
            "N/A",
            "N/A",
            "N/A",
            "N/A"
        ],