{
    "wolf_id": 1,
    "beta": 0.1,
    "gamma": 1.5,
    "delta": 0.75,
    "alive": false,
    "born_at_step": 0,
    "died_at_step": 6,
    "thetas": [
        0.5,
        0.6071442601990708,
        0.6114203385556599,
        0.6156271552393299,
        0.6197656127303702,
        0.6245855732647462,
        0.6293289200256585,
        0.6339964838771901
    ],
    "decision_history": {
        "history_steps": [
            0,
            1,
            2,
            3,
            4,
            5,
            6
        ],
        "new_thetas": [
            0.6071442601990708,
            0.6114203385556599,
            0.6156271552393299,
            0.6197656127303702,
            0.6245855732647462,
            0.6293289200256585,
            0.6339964838771901
        ],
        "prompts": [
            "N/A",
            "N/A",
            "N/A",
            "N/A",
            "N/A",
            "N/A",
            "N/A"
        ],
        "explanations": [
            "Calculated theta: 0.6071 based on sheep population: 17.00",
            "Calculated theta: 0.6114 based on sheep population: 17.31",
            "Calculated theta: 0.6156 based on sheep population: 17.62",
            "Calculated theta: 0.6198 based on sheep population: 17.93",
            "Calculated theta: 0.6246 based on sheep population: 18.30",
            "Calculated theta: 0.6293 based on sheep population: 18.68",
            "Calculated theta: 0.6340 based on sheep population: 19.05"
        ],
        "vocalizations": [
            "Calculated theta: 0.6071 based on sheep population: 17.00",
            "Calculated theta: 0.6114 based on sheep population: 17.31",
            "Calculated theta: 0.6156 based on sheep population: 17.62",
            "Calculated theta: 0.6198 based on sheep population: 17.93",
            "Calculated theta: 0.6246 based on sheep population: 18.30",
            "Calculated theta: 0.6293 based on sheep population: 18.68",
            "Calculated theta: 0.6340 based on sheep population: 19.05"
        ]
    }
}