{
    "wolf_id": 30,
    "beta": 0.1,
    "gamma": 1.5,
    "delta": 0.75,
    "alive": false,
    "born_at_step": 30,
    "died_at_step": 44,
    "thetas": [
        0.7698621570765528,
        0.7698621570765528,
        0.7698621570765528,
        0.7698621570765528,
        0.7698621570765528,
        0.7698621570765528,
        0.7698621570765528,
        0.7698621570765528,
        0.7698621570765528,
        0.7698621570765528,
        0.7698621570765528,
        0.7698621570765528,
        0.7698621570765528,
        0.7698621570765528,
        0.7698621570765528
    ],
    "decision_history": {
        "history_steps": [],
        "new_thetas": [],
        "prompts": [],
        "explanations": [],
        "vocalizations": []
    }
}