{
    "wolf_id": 107,
    "beta": 0.1,
    "gamma": 1.5,
    "delta": 0.75,
    "alive": false,
    "born_at_step": 87,
    "died_at_step": 103,
    "thetas": [
        0.7045715166273677,
        0.7045715166273677,
        0.7045715166273677,
        0.7045715166273677,
        0.7045715166273677,
        0.7045715166273677,
        0.7045715166273677,
        0.7045715166273677,
        0.7045715166273677,
        0.7045715166273677,
        0.7045715166273677,
        0.7045715166273677,
        0.7045715166273677,
        0.7045715166273677,
        0.7045715166273677,
        0.7045715166273677,
        0.7045715166273677
    ],
    "decision_history": {
        "history_steps": [],
        "new_thetas": [],
        "prompts": [],
        "explanations": [],
        "vocalizations": []
    }
}