{
    "wolf_id": 35,
    "beta": 0.1,
    "gamma": 1.5,
    "delta": 0.75,
    "alive": false,
    "born_at_step": 34,
    "died_at_step": 49,
    "thetas": [
        0.7627601850643043,
        0.48669044975213105,
        0.4682337389686422,
        0.44045606321826175,
        0.40710379800812846,
        0.37077535977557863,
        0.3372180241330411,
        0.308643801665455,
        0.28578328724150376,
        0.26857399672015875,
        0.25608938090614786,
        0.24767659521297808,
        0.24241363361016152,
        0.23971143619160534,
        0.23871266941958133,
        0.23970538814254078
    ],
    "decision_history": {
        "history_steps": [
            35,
            36,
            37,
            38,
            39,
            40,
            41,
            42,
            43,
            44,
            45,
            46,
            47,
            48,
            49
        ],
        "new_thetas": [
            0.48669044975213105,
            0.4682337389686422,
            0.44045606321826175,
            0.40710379800812846,
            0.37077535977557863,
            0.3372180241330411,
            0.308643801665455,
            0.28578328724150376,
            0.26857399672015875,
            0.25608938090614786,
            0.24767659521297808,
            0.24241363361016152,
            0.23971143619160534,
            0.23871266941958133,
            0.23970538814254078
        ],
        "prompts": [
            "N/A",
            "N/A",
            "N/A",
            "N/A",
            "N/A",
            "N/A",
            "N/A",
            "N/A",
            "N/A",
            "N/A",
            "N/A",
            "N/A",
            "N/A",
            "N/A",
            "N/A"
        ],
        "explanations": [
            "Calculated theta: 0.4867 based on sheep population: 104.30",
            "Calculated theta: 0.4682 based on sheep population: 96.86",
            "Calculated theta: 0.4405 based on sheep population: 86.59",
            "Calculated theta: 0.4071 based on sheep population: 75.53",
            "Calculated theta: 0.3708 based on sheep population: 64.82",
            "Calculated theta: 0.3372 based on sheep population: 55.97",
            "Calculated theta: 0.3086 based on sheep population: 49.11",
            "Calculated theta: 0.2858 based on sheep population: 44.01",
            "Calculated theta: 0.2686 based on sheep population: 40.39",
            "Calculated theta: 0.2561 based on sheep population: 37.87",
            "Calculated theta: 0.2477 based on sheep population: 36.21",
            "Calculated theta: 0.2424 based on sheep population: 35.20",
            "Calculated theta: 0.2397 based on sheep population: 34.68",
            "Calculated theta: 0.2387 based on sheep population: 34.49",
            "Calculated theta: 0.2397 based on sheep population: 34.68"
        ],
        "vocalizations": [
            "Calculated theta: 0.4867 based on sheep population: 104.30",
            "Calculated theta: 0.4682 based on sheep population: 96.86",
            "Calculated theta: 0.4405 based on sheep population: 86.59",
            "Calculated theta: 0.4071 based on sheep population: 75.53",
            "Calculated theta: 0.3708 based on sheep population: 64.82",
            "Calculated theta: 0.3372 based on sheep population: 55.97",
            "Calculated theta: 0.3086 based on sheep population: 49.11",
            "Calculated theta: 0.2858 based on sheep population: 44.01",
            "Calculated theta: 0.2686 based on sheep population: 40.39",
            "Calculated theta: 0.2561 based on sheep population: 37.87",
            "Calculated theta: 0.2477 based on sheep population: 36.21",
            "Calculated theta: 0.2424 based on sheep population: 35.20",
            "Calculated theta: 0.2397 based on sheep population: 34.68",
            "Calculated theta: 0.2387 based on sheep population: 34.49",
            "Calculated theta: 0.2397 based on sheep population: 34.68"
        ]
    }
}