{
    "wolf_id": 64,
    "beta": 0.1,
    "gamma": 1.5,
    "delta": 0.75,
    "alive": false,
    "born_at_step": 38,
    "died_at_step": 91,
    "thetas": [
        0.5248182256678333,
        0.37077535977557863,
        0.3372180241330411,
        0.308643801665455,
        0.28578328724150376,
        0.26857399672015875,
        0.25608938090614786,
        0.24767659521297808,
        0.24241363361016152,
        0.23971143619160534,
        0.23871266941958133,
        0.23970538814254078,
        0.2420648640963392,
        0.24573811274821683,
        0.25071247407858943,
        0.25650107527256555,
        0.2631361693133062,
        0.2706622074460284,
        0.2785615452875635,
        0.28746257089194804,
        0.2968104442364133,
        0.3066395500459256,
        0.3162901358280105,
        0.32647549308394697,
        0.33646879732577895,
        0.34705455644453825,
        0.357436209507511,
        0.3675979339854493,
        0.3775263999378396,
        0.3872106677332088,
        0.39664205782766915,
        0.40479962107850787,
        0.41164809927464957,
        0.4171714893812749,
        0.42026982447755035,
        0.42097982327429656,
        0.4193891299542404,
        0.41563159991394216,
        0.40874722393751894,
        0.4001941268001764,
        0.3891269702126559,
        0.37705180601747573,
        0.36423660154642545,
        0.3519022251506021,
        0.3400662889730724,
        0.3296047147179089,
        0.3203301098214572,
        0.3120838890734713,
        0.30473168690785557,
        0.2996038017465344,
        0.29566974155551295,
        0.2934594552250446,
        0.29210379980216766,
        0.29218497269886967
    ],
    "decision_history": {
        "history_steps": [
            39,
            40,
            41,
            42,
            43,
            44,
            45,
            46,
            47,
            48,
            49,
            50,
            51,
            52,
            53,
            54,
            55,
            56,
            57,
            58,
            59,
            60,
            61,
            62,
            63,
            64,
            65,
            66,
            67,
            68,
            69,
            70,
            71,
            72,
            73,
            74,
            75,
            76,
            77,
            78,
            79,
            80,
            81,
            82,
            83,
            84,
            85,
            86,
            87,
            88,
            89,
            90,
            91
        ],
        "new_thetas": [
            0.37077535977557863,
            0.3372180241330411,
            0.308643801665455,
            0.28578328724150376,
            0.26857399672015875,
            0.25608938090614786,
            0.24767659521297808,
            0.24241363361016152,
            0.23971143619160534,
            0.23871266941958133,
            0.23970538814254078,
            0.2420648640963392,
            0.24573811274821683,
            0.25071247407858943,
            0.25650107527256555,
            0.2631361693133062,
            0.2706622074460284,
            0.2785615452875635,
            0.28746257089194804,
            0.2968104442364133,
            0.3066395500459256,
            0.3162901358280105,
            0.32647549308394697,
            0.33646879732577895,
            0.34705455644453825,
            0.357436209507511,
            0.3675979339854493,
            0.3775263999378396,
            0.3872106677332088,
            0.39664205782766915,
            0.40479962107850787,
            0.41164809927464957,
            0.4171714893812749,
            0.42026982447755035,
            0.42097982327429656,
            0.4193891299542404,
            0.41563159991394216,
            0.40874722393751894,
            0.4001941268001764,
            0.3891269702126559,
            0.37705180601747573,
            0.36423660154642545,
            0.3519022251506021,
            0.3400662889730724,
            0.3296047147179089,
            0.3203301098214572,
            0.3120838890734713,
            0.30473168690785557,
            0.2996038017465344,
            0.29566974155551295,
            0.2934594552250446,
            0.29210379980216766,
            0.29218497269886967
        ],
        "prompts": [
            "N/A",
            "N/A",
            "N/A",
            "N/A",
            "N/A",
            "N/A",
            "N/A",
            "N/A",
            "N/A",
            "N/A",
            "N/A",
            "N/A",
            "N/A",
            "N/A",
            "N/A",
            "N/A",
            "N/A",
            "N/A",
            "N/A",
            "N/A",
            "N/A",
            "N/A",
            "N/A",
            "N/A",
            "N/A",
            "N/A",
            "N/A",
            "N/A",
            "N/A",
            "N/A",
            "N/A",
            "N/A",
            "N/A",
            "N/A",
            "N/A",
            "N/A",
            "N/A",
            "N/A",
            "N/A",
            "N/A",
            "N/A",
            "N/A",
            "N/A",
            "N/A",
            "N/A",
            "N/A",
            "N/A",
            "N/A",
            "N/A",
            "N/A",
            "N/A",
            "N/A",
            "N/A"
        ],