{
    "wolf_id": 3,
    "beta": 0.1,
    "gamma": 1.5,
    "delta": 0.75,
    "alive": false,
    "born_at_step": 0,
    "died_at_step": 3,
    "thetas": [
        0.5,
        0.11290394120649902,
        0.12158976743264499,
        0.13088519657751788,
        0.14083512272792045
    ],
    "decision_history": {
        "history_steps": [
            0,
            1,
            2,
            3
        ],
        "new_thetas": [
            0.11290394120649902,
            0.12158976743264499,
            0.13088519657751788,
            0.14083512272792045
        ],
        "prompts": [
            "N/A",
            "N/A",
            "N/A",
            "N/A"
        ],
        "explanations": [
            "Calculated theta: 0.1129 based on sheep population: 14.00",
            "Calculated theta: 0.1216 based on sheep population: 15.23",
            "Calculated theta: 0.1309 based on sheep population: 16.57",
            "Calculated theta: 0.1408 based on sheep population: 18.03"
        ],
        "vocalizations": [
            "Calculated theta: 0.1129 based on sheep population: 14.00",
            "Calculated theta: 0.1216 based on sheep population: 15.23",
            "Calculated theta: 0.1309 based on sheep population: 16.57",
            "Calculated theta: 0.1408 based on sheep population: 18.03"
        ]
    }
}