{
    "wolf_id": 69,
    "beta": 0.1,
    "gamma": 1.5,
    "delta": 0.75,
    "alive": false,
    "born_at_step": 68,
    "died_at_step": 95,
    "thetas": [
        0.27208155107365695,
        0.40479962107850787,
        0.41164809927464957,
        0.4171714893812749,
        0.42026982447755035,
        0.42097982327429656,
        0.4193891299542404,
        0.41563159991394216,
        0.40874722393751894,
        0.4001941268001764,
        0.3891269702126559,
        0.37705180601747573,
        0.36423660154642545,
        0.3519022251506021,
        0.3400662889730724,
        0.3296047147179089,
        0.3203301098214572,
        0.3120838890734713,
        0.30473168690785557,
        0.2996038017465344,
        0.29566974155551295,
        0.2934594552250446,
        0.29210379980216766,
        0.29218497269886967,
        0.2935870655488811,
        0.29556732720788026,
        0.29810173553600333,
        0.3018524527742769
    ],
    "decision_history": {
        "history_steps": [
            69,
            70,
            71,
            72,
            73,
            74,
            75,
            76,
            77,
            78,
            79,
            80,
            81,
            82,
            83,
            84,
            85,
            86,
            87,
            88,
            89,
            90,
            91,
            92,
            93,
            94,
            95
        ],
        "new_thetas": [
            0.40479962107850787,
            0.41164809927464957,
            0.4171714893812749,
            0.42026982447755035,
            0.42097982327429656,
            0.4193891299542404,
            0.41563159991394216,
            0.40874722393751894,
            0.4001941268001764,
            0.3891269702126559,
            0.37705180601747573,
            0.36423660154642545,
            0.3519022251506021,
            0.3400662889730724,
            0.3296047147179089,
            0.3203301098214572,
            0.3120838890734713,
            0.30473168690785557,
            0.2996038017465344,
            0.29566974155551295,
            0.2934594552250446,
            0.29210379980216766,
            0.29218497269886967,
            0.2935870655488811,
            0.29556732720788026,
            0.29810173553600333,
            0.3018524527742769
        ],
        "prompts": [
            "N/A",
            "N/A",
            "N/A",
            "N/A",
            "N/A",
            "N/A",
            "N/A",
            "N/A",
            "N/A",
            "N/A",
            "N/A",
            "N/A",
            "N/A",
            "N/A",
            "N/A",
            "N/A",
            "N/A",
            "N/A",
            "N/A",
            "N/A",
            "N/A",
            "N/A",
            "N/A",
            "N/A",
            "N/A",
            "N/A",
            "N/A"
        ],
        "explanations": [
            "Calculated theta: 0.4048 based on sheep population: 74.81",
            "Calculated theta: 0.4116 based on sheep population: 76.96",
            "Calculated theta: 0.4172 based on sheep population: 78.73",
            "Calculated theta: 0.4203 based on sheep population: 79.74",
            "Calculated theta: 0.4210 based on sheep population: 79.98",
            "Calculated theta: 0.4194 based on sheep population: 79.46",
            "Calculated theta: 0.4156 based on sheep population: 78.24",
            "Calculated theta: 0.4087 based on sheep population: 76.05",
            "Calculated theta: 0.4002 based on sheep population: 73.39",
            "Calculated theta: 0.3891 based on sheep population: 70.07",
            "Calculated theta: 0.3771 based on sheep population: 66.58",
            "Calculated theta: 0.3642 based on sheep population: 63.02",
            "Calculated theta: 0.3519 based on sheep population: 59.73",
            "Calculated theta: 0.3401 based on sheep population: 56.68",
            "Calculated theta: 0.3296 based on sheep population: 54.08",
            "Calculated theta: 0.3203 based on sheep population: 51.84",
            "Calculated theta: 0.3121 based on sheep population: 49.90",
            "Calculated theta: 0.3047 based on sheep population: 48.21",
            "Calculated theta: 0.2996 based on sheep population: 47.05",
            "Calculated theta: 0.2957 based on sheep population: 46.18",
            "Calculated theta: 0.2935 based on sheep population: 45.69",
            "Calculated theta: 0.2921 based on sheep population: 45.39",
            "Calculated theta: 0.2922 based on sheep population: 45.41",
            "Calculated theta: 0.2936 based on sheep population: 45.72",
            "Calculated theta: 0.2956 based on sheep population: 46.15",
            "Calculated theta: 0.2981 based on sheep population: 46.72",
            "Calculated theta: 0.3019 based on sheep population: 47.56"
        ],
        "vocalizations": [
            "Calculated theta: 0.4048 based on sheep population: 74.81",
            "Calculated theta: 0.4116 based on sheep population: 76.96",
            "Calculated theta: 0.4172 based on sheep population: 78.73",
            "Calculated theta: 0.4203 based on sheep population: 79.74",
            "Calculated theta: 0.4210 based on sheep population: 79.98",
            "Calculated theta: 0.4194 based on sheep population: 79.46",
            "Calculated theta: 0.4156 based on sheep population: 78.24",
            "Calculated theta: 0.4087 based on sheep population: 76.05",
            "Calculated theta: 0.4002 based on sheep population: 73.39",
            "Calculated theta: 0.3891 based on sheep population: 70.07",
            "Calculated theta: 0.3771 based on sheep population: 66.58",
            "Calculated theta: 0.3642 based on sheep population: 63.02",
            "Calculated theta: 0.3519 based on sheep population: 59.73",
            "Calculated theta: 0.3401 based on sheep population: 56.68",
            "Calculated theta: 0.3296 based on sheep population: 54.08",
            "Calculated theta: 0.3203 based on sheep population: 51.84",
            "Calculated theta: 0.3121 based on sheep population: 49.90",
            "Calculated theta: 0.3047 based on sheep population: 48.21",
            "Calculated theta: 0.2996 based on sheep population: 47.05",
            "Calculated theta: 0.2957 based on sheep population: 46.18",
            "Calculated theta: 0.2935 based on sheep population: 45.69",
            "Calculated theta: 0.2921 based on sheep population: 45.39",
            "Calculated theta: 0.2922 based on sheep population: 45.41",
            "Calculated theta: 0.2936 based on sheep population: 45.72",
            "Calculated theta: 0.2956 based on sheep population: 46.15",
            "Calculated theta: 0.2981 based on sheep population: 46.72",
            "Calculated theta: 0.3019 based on sheep population: 47.56"
        ]
    }
}