{
    "wolf_id": 114,
    "beta": 0.1,
    "gamma": 1.5,
    "delta": 0.75,
    "alive": false,
    "born_at_step": 278,
    "died_at_step": 292,
    "thetas": [
        0.9250473010141079,
        0.9153346378629511,
        0.9168156302473964,
        0.9167507762153713,
        0.915115743069894,
        0.910091930795782,
        0.9010684369418102,
        0.8870333559213245,
        0.865147547819212,
        0.8344996945101687,
        0.797016966330524,
        0.7548955211205977,
        0.7115817335885853,
        0.6708361497182248,
        0.6377548298854984
    ],
    "decision_history": {
        "history_steps": [
            279,
            280,
            281,
            282,
            283,
            284,
            285,
            286,
            287,
            288,
            289,
            290,
            291,
            292
        ],
        "new_thetas": [
            0.9153346378629511,
            0.9168156302473964,
            0.9167507762153713,
            0.915115743069894,
            0.910091930795782,
            0.9010684369418102,
            0.8870333559213245,
            0.865147547819212,
            0.8344996945101687,
            0.797016966330524,
            0.7548955211205977,
            0.7115817335885853,
            0.6708361497182248,
            0.6377548298854984
        ],
        "prompts": [
            "N/A",
            "N/A",
            "N/A",
            "N/A",
            "N/A",
            "N/A",
            "N/A",
            "N/A",
            "N/A",
            "N/A",
            "N/A",
            "N/A",
            "N/A",
            "N/A"
        ],
        "explanations": [
            "Calculated theta: 0.9153 based on sheep population: 59.46",
            "Calculated theta: 0.9168 based on sheep population: 60.62",
            "Calculated theta: 0.9168 based on sheep population: 60.57",
            "Calculated theta: 0.9151 based on sheep population: 59.29",
            "Calculated theta: 0.9101 based on sheep population: 55.67",
            "Calculated theta: 0.9011 based on sheep population: 50.09",
            "Calculated theta: 0.8870 based on sheep population: 43.19",
            "Calculated theta: 0.8651 based on sheep population: 35.29",
            "Calculated theta: 0.8345 based on sheep population: 27.73",
            "Calculated theta: 0.7970 based on sheep population: 21.60",
            "Calculated theta: 0.7549 based on sheep population: 16.94",
            "Calculated theta: 0.7116 based on sheep population: 13.57",
            "Calculated theta: 0.6708 based on sheep population: 11.21",
            "Calculated theta: 0.6378 based on sheep population: 9.68"
        ],
        "vocalizations": [
            "Calculated theta: 0.9153 based on sheep population: 59.46",
            "Calculated theta: 0.9168 based on sheep population: 60.62",
            "Calculated theta: 0.9168 based on sheep population: 60.57",
            "Calculated theta: 0.9151 based on sheep population: 59.29",
            "Calculated theta: 0.9101 based on sheep population: 55.67",
            "Calculated theta: 0.9011 based on sheep population: 50.09",
            "Calculated theta: 0.8870 based on sheep population: 43.19",
            "Calculated theta: 0.8651 based on sheep population: 35.29",
            "Calculated theta: 0.8345 based on sheep population: 27.73",
            "Calculated theta: 0.7970 based on sheep population: 21.60",
            "Calculated theta: 0.7549 based on sheep population: 16.94",
            "Calculated theta: 0.7116 based on sheep population: 13.57",
            "Calculated theta: 0.6708 based on sheep population: 11.21",
            "Calculated theta: 0.6378 based on sheep population: 9.68"
        ]
    }
}