{
    "wolf_id": 54,
    "beta": 0.1,
    "gamma": 1.5,
    "delta": 0.75,
    "alive": false,
    "born_at_step": 131,
    "died_at_step": 187,
    "thetas": [
        0.3281512195885051,
        0.8512782214150643,
        0.8365257946932152,
        0.81968624512262,
        0.800668246379191,
        0.7811524848883307,
        0.7613500471097792,
        0.741470922923543,
        0.7235140993747448,
        0.7093995069581621,
        0.6973623238902596,
        0.6891069405277258,
        0.6827979409721437,
        0.6800317248322432,
        0.6790003385929264,
        0.6796318125353276,
        0.6834535569746267,
        0.6887336455718368,
        0.6954079086229784,
        0.7018669593240056,
        0.7096586109409182,
        0.7187124799061234,
        0.7274601511463161,
        0.7373916500865176,
        0.7469692814245369,
        0.7576354278240848,
        0.7678928589698574,
        0.7777513156083742,
        0.7872211570295039,
        0.797633771335027,
        0.807594502809077,
        0.817115824948429,
        0.8262108251759047,
        0.8348930423987423,
        0.843176323619628,
        0.8510746984016444,
        0.8586022698762998,
        0.8657731209302699,
        0.8726012341985177,
        0.8791004245179175,
        0.8843514430057806,
        0.8893760677629294,
        0.8932955564646153,
        0.8961903174740709,
        0.8981200428945113,
        0.8991244249045249,
        0.8983204514363716,
        0.8956527096732798,
        0.8909873370929756,
        0.883022944321823,
        0.8724019367978114,
        0.8573822853072142,
        0.8385919466390023,
        0.8155333171682022,
        0.7913321716416248,
        0.7663687594484732,
        0.7410436172625748
    ],
    "decision_history": {
        "history_steps": [
            132,
            133,
            134,
            135,
            136,
            137,
            138,
            139,
            140,
            141,
            142,
            143,
            144,
            145,
            146,
            147,
            148,
            149,
            150,
            151,
            152,
            153,
            154,
            155,
            156,
            157,
            158,
            159,
            160,
            161,
            162,
            163,
            164,
            165,
            166,
            167,
            168,
            169,
            170,
            171,
            172,
            173,
            174,
            175,
            176,
            177,
            178,
            179,
            180,
            181,
            182,
            183,
            184,
            185,
            186,
            187
        ],
        "new_thetas": [
            0.8512782214150643,
            0.8365257946932152,
            0.81968624512262,
            0.800668246379191,
            0.7811524848883307,
            0.7613500471097792,
            0.741470922923543,
            0.7235140993747448,
            0.7093995069581621,
            0.6973623238902596,
            0.6891069405277258,
            0.6827979409721437,
            0.6800317248322432,
            0.6790003385929264,
            0.6796318125353276,
            0.6834535569746267,
            0.6887336455718368,
            0.6954079086229784,
            0.7018669593240056,
            0.7096586109409182,
            0.7187124799061234,
            0.7274601511463161,
            0.7373916500865176,
            0.7469692814245369,
            0.7576354278240848,
            0.7678928589698574,
            0.7777513156083742,
            0.7872211570295039,
            0.797633771335027,
            0.807594502809077,
            0.817115824948429,
            0.8262108251759047,
            0.8348930423987423,
            0.843176323619628,
            0.8510746984016444,
            0.8586022698762998,
            0.8657731209302699,
            0.8726012341985177,
            0.8791004245179175,
            0.8843514430057806,
            0.8893760677629294,
            0.8932955564646153,
            0.8961903174740709,
            0.8981200428945113,
            0.8991244249045249,
            0.8983204514363716,
            0.8956527096732798,
            0.8909873370929756,
            0.883022944321823,
            0.8724019367978114,
            0.8573822853072142,
            0.8385919466390023,
            0.8155333171682022,
            0.7913321716416248,
            0.7663687594484732,
            0.7410436172625748
        ],
        "prompts": [
            "N/A",
            "N/A",
            "N/A",
            "N/A",
            "N/A",
            "N/A",
            "N/A",
            "N/A",
            "N/A",
            "N/A",
            "N/A",
            "N/A",
            "N/A",
            "N/A",
            "N/A",
            "N/A",
            "N/A",
            "N/A",
            "N/A",
            "N/A",
            "N/A",
            "N/A",
            "N/A",
            "N/A",
            "N/A",
            "N/A",
            "N/A",
            "N/A",
            "N/A",
            "N/A",
            "N/A",
            "N/A",
            "N/A",
            "N/A",
            "N/A",
            "N/A",
            "N/A",
            "N/A",
            "N/A",
            "N/A",
            "N/A",
            "N/A",
            "N/A",
            "N/A",
            "N/A",
            "N/A",
            "N/A",
            "N/A",
            "N/A",
            "N/A",
            "N/A",
            "N/A",
            "N/A",
            "N/A",
            "N/A",
            "N/A"
        ],