{
    "wolf_id": 149,
    "beta": 0.1,
    "gamma": 1.5,
    "delta": 0.75,
    "alive": false,
    "born_at_step": 333,
    "died_at_step": 344,
    "thetas": [
        0.0016342853428997772,
        0.9256925185132835,
        0.9248571984271348,
        0.9217881830640864,
        0.9144845681201407,
        0.9017820643021456,
        0.880487139052971,
        0.8469838260267556,
        0.8010325363180089,
        0.7461050200739002,
        0.6893980658200035,
        0.6387603138086219
    ],
    "decision_history": {
        "history_steps": [
            334,
            335,
            336,
            337,
            338,
            339,
            340,
            341,
            342,
            343,
            344
        ],
        "new_thetas": [
            0.9256925185132835,
            0.9248571984271348,
            0.9217881830640864,
            0.9144845681201407,
            0.9017820643021456,
            0.880487139052971,
            0.8469838260267556,
            0.8010325363180089,
            0.7461050200739002,
            0.6893980658200035,
            0.6387603138086219
        ],
        "prompts": [
            "N/A",
            "N/A",
            "N/A",
            "N/A",
            "N/A",
            "N/A",
            "N/A",
            "N/A",
            "N/A",
            "N/A",
            "N/A"
        ],
        "explanations": [
            "Calculated theta: 0.9257 based on sheep population: 68.52",
            "Calculated theta: 0.9249 based on sheep population: 67.69",
            "Calculated theta: 0.9218 based on sheep population: 64.82",
            "Calculated theta: 0.9145 based on sheep population: 58.82",
            "Calculated theta: 0.9018 based on sheep population: 50.50",
            "Calculated theta: 0.8805 based on sheep population: 40.52",
            "Calculated theta: 0.8470 based on sheep population: 30.44",
            "Calculated theta: 0.8010 based on sheep population: 22.14",
            "Calculated theta: 0.7461 based on sheep population: 16.16",
            "Calculated theta: 0.6894 based on sheep population: 12.21",
            "Calculated theta: 0.6388 based on sheep population: 9.73"
        ],
        "vocalizations": [
            "Calculated theta: 0.9257 based on sheep population: 68.52",
            "Calculated theta: 0.9249 based on sheep population: 67.69",
            "Calculated theta: 0.9218 based on sheep population: 64.82",
            "Calculated theta: 0.9145 based on sheep population: 58.82",
            "Calculated theta: 0.9018 based on sheep population: 50.50",
            "Calculated theta: 0.8805 based on sheep population: 40.52",
            "Calculated theta: 0.8470 based on sheep population: 30.44",
            "Calculated theta: 0.8010 based on sheep population: 22.14",
            "Calculated theta: 0.7461 based on sheep population: 16.16",
            "Calculated theta: 0.6894 based on sheep population: 12.21",
            "Calculated theta: 0.6388 based on sheep population: 9.73"
        ]
    }
}