{
    "wolf_id": 181,
    "beta": 0.1,
    "gamma": 1.5,
    "delta": 0.75,
    "alive": false,
    "born_at_step": 340,
    "died_at_step": 397,
    "thetas": [
        0.2335289607374057,
        0.8010325363180089,
        0.7461050200739002,
        0.6893980658200035,
        0.6387603138086219,
        0.5996471181864033,
        0.5692533032429441,
        0.5482724727655891,
        0.5337513162108544,
        0.5263779134490919,
        0.5224051417379398,
        0.5229808372789878,
        0.5263762398909717,
        0.5324617748337703,
        0.5411525720444624,
        0.5509867910361115,
        0.5619568160425512,
        0.5740558773723073,
        0.587275670440618,
        0.6016036710842423,
        0.617020104978641,
        0.6320198201270749,
        0.6480765865296376,
        0.6636583075311342,
        0.6802321184577441,
        0.6962555903425266,
        0.7117156084562692,
        0.7280405864483221,
        0.7437107989682096,
        0.7587190446815134,
        0.7730630780363732,
        0.7867451232059562,
        0.7997713763776304,
        0.8121515093700901,
        0.8238981852372299,
        0.8350265942649848,
        0.8455540166713315,
        0.855499416436783,
        0.8648830690541444,
        0.8737262246027158,
        0.8820508064189196,
        0.8898791447369954,
        0.8972337439876745,
        0.9041370819435813,
        0.9106114385602306,
        0.9159642624977099,
        0.9210123351052114,
        0.9251143851917832,
        0.9283693093628517,
        0.9302166787977509,
        0.9307263014269364,
        0.9285247725572433,
        0.923279300012425,
        0.9124851896942668,
        0.8928146652453564,
        0.8582367076729711,
        0.8056238404790274,
        0.7415741264788622
    ],
    "decision_history": {
        "history_steps": [
            341,
            342,
            343,
            344,
            345,
            346,
            347,
            348,
            349,
            350,
            351,
            352,
            353,
            354,
            355,
            356,
            357,
            358,
            359,
            360,
            361,
            362,
            363,
            364,
            365,
            366,
            367,
            368,
            369,
            370,
            371,
            372,
            373,
            374,
            375,
            376,
            377,
            378,
            379,
            380,
            381,
            382,
            383,
            384,
            385,
            386,
            387,
            388,
            389,
            390,
            391,
            392,
            393,
            394,
            395,
            396,
            397
        ],
        "new_thetas": [
            0.8010325363180089,
            0.7461050200739002,
            0.6893980658200035,
            0.6387603138086219,
            0.5996471181864033,
            0.5692533032429441,
            0.5482724727655891,
            0.5337513162108544,
            0.5263779134490919,
            0.5224051417379398,
            0.5229808372789878,
            0.5263762398909717,
            0.5324617748337703,
            0.5411525720444624,
            0.5509867910361115,
            0.5619568160425512,
            0.5740558773723073,
            0.587275670440618,
            0.6016036710842423,
            0.617020104978641,
            0.6320198201270749,
            0.6480765865296376,
            0.6636583075311342,
            0.6802321184577441,
            0.6962555903425266,
            0.7117156084562692,
            0.7280405864483221,
            0.7437107989682096,
            0.7587190446815134,
            0.7730630780363732,
            0.7867451232059562,
            0.7997713763776304,
            0.8121515093700901,
            0.8238981852372299,
            0.8350265942649848,
            0.8455540166713315,
            0.855499416436783,
            0.8648830690541444,
            0.8737262246027158,
            0.8820508064189196,
            0.8898791447369954,
            0.8972337439876745,
            0.9041370819435813,
            0.9106114385602306,
            0.9159642624977099,
            0.9210123351052114,
            0.9251143851917832,
            0.9283693093628517,
            0.9302166787977509,
            0.9307263014269364,
            0.9285247725572433,
            0.923279300012425,
            0.9124851896942668,
            0.8928146652453564,
            0.8582367076729711,
            0.8056238404790274,
            0.7415741264788622
        ],
        "prompts": [
            "N/A",
            "N/A",
            "N/A",
            "N/A",
            "N/A",
            "N/A",
            "N/A",
            "N/A",
            "N/A",
            "N/A",
            "N/A",
            "N/A",
            "N/A",
            "N/A",
            "N/A",
            "N/A",
            "N/A",
            "N/A",
            "N/A",
            "N/A",
            "N/A",
            "N/A",
            "N/A",
            "N/A",
            "N/A",
            "N/A",
            "N/A",
            "N/A",
            "N/A",
            "N/A",
            "N/A",
            "N/A",
            "N/A",
            "N/A",
            "N/A",
            "N/A",
            "N/A",
            "N/A",
            "N/A",
            "N/A",
            "N/A",
            "N/A",
            "N/A",
            "N/A",
            "N/A",
            "N/A",
            "N/A",
            "N/A",
            "N/A",
            "N/A",
            "N/A",
            "N/A",
            "N/A",
            "N/A",
            "N/A",
            "N/A",
            "N/A"
        ],