{
    "wolf_id": 28,
    "beta": 0.1,
    "gamma": 1.5,
    "delta": 0.75,
    "alive": false,
    "born_at_step": 77,
    "died_at_step": 98,
    "thetas": [
        0.21551372121822954,
        0.8776284392402599,
        0.8737327464540046,
        0.8686646335914651,
        0.8611325286760418,
        0.852156456762598,
        0.8402483003487103,
        0.8265331675688777,
        0.8124367216002819,
        0.796461177710575,
        0.7802273790877443,
        0.7638642178606627,
        0.7492188218886424,
        0.7364165284756313,
        0.7255194493661103,
        0.7165421187133765,
        0.7094654195884984,
        0.7059055048713407,
        0.7040862268340266,
        0.7039435797591337,
        0.7054116588390825,
        0.7084238760329896
    ],
    "decision_history": {
        "history_steps": [
            78,
            79,
            80,
            81,
            82,
            83,
            84,
            85,
            86,
            87,
            88,
            89,
            90,
            91,
            92,
            93,
            94,
            95,
            96,
            97,
            98
        ],
        "new_thetas": [
            0.8776284392402599,
            0.8737327464540046,
            0.8686646335914651,
            0.8611325286760418,
            0.852156456762598,
            0.8402483003487103,
            0.8265331675688777,
            0.8124367216002819,
            0.796461177710575,
            0.7802273790877443,
            0.7638642178606627,
            0.7492188218886424,
            0.7364165284756313,
            0.7255194493661103,
            0.7165421187133765,
            0.7094654195884984,
            0.7059055048713407,
            0.7040862268340266,
            0.7039435797591337,
            0.7054116588390825,
            0.7084238760329896
        ],
        "prompts": [
            "N/A",
            "N/A",
            "N/A",
            "N/A",
            "N/A",
            "N/A",
            "N/A",
            "N/A",
            "N/A",
            "N/A",
            "N/A",
            "N/A",
            "N/A",
            "N/A",
            "N/A",
            "N/A",
            "N/A",
            "N/A",
            "N/A",
            "N/A",
            "N/A"
        ],
        "explanations": [
            "Calculated theta: 0.8776 based on sheep population: 39.44",
            "Calculated theta: 0.8737 based on sheep population: 38.06",
            "Calculated theta: 0.8687 based on sheep population: 36.38",
            "Calculated theta: 0.8611 based on sheep population: 34.11",
            "Calculated theta: 0.8522 based on sheep population: 31.70",
            "Calculated theta: 0.8402 based on sheep population: 28.93",
            "Calculated theta: 0.8265 based on sheep population: 26.21",
            "Calculated theta: 0.8124 based on sheep population: 23.82",
            "Calculated theta: 0.7965 based on sheep population: 21.52",
            "Calculated theta: 0.7802 based on sheep population: 19.53",
            "Calculated theta: 0.7639 based on sheep population: 17.79",
            "Calculated theta: 0.7492 based on sheep population: 16.43",
            "Calculated theta: 0.7364 based on sheep population: 15.37",
            "Calculated theta: 0.7255 based on sheep population: 14.54",
            "Calculated theta: 0.7165 based on sheep population: 13.90",
            "Calculated theta: 0.7095 based on sheep population: 13.43",
            "Calculated theta: 0.7059 based on sheep population: 13.20",
            "Calculated theta: 0.7041 based on sheep population: 13.09",
            "Calculated theta: 0.7039 based on sheep population: 13.08",
            "Calculated theta: 0.7054 based on sheep population: 13.17",
            "Calculated theta: 0.7084 based on sheep population: 13.36"
        ],
        "vocalizations": [
            "Calculated theta: 0.8776 based on sheep population: 39.44",
            "Calculated theta: 0.8737 based on sheep population: 38.06",
            "Calculated theta: 0.8687 based on sheep population: 36.38",
            "Calculated theta: 0.8611 based on sheep population: 34.11",
            "Calculated theta: 0.8522 based on sheep population: 31.70",
            "Calculated theta: 0.8402 based on sheep population: 28.93",
            "Calculated theta: 0.8265 based on sheep population: 26.21",
            "Calculated theta: 0.8124 based on sheep population: 23.82",
            "Calculated theta: 0.7965 based on sheep population: 21.52",
            "Calculated theta: 0.7802 based on sheep population: 19.53",
            "Calculated theta: 0.7639 based on sheep population: 17.79",
            "Calculated theta: 0.7492 based on sheep population: 16.43",
            "Calculated theta: 0.7364 based on sheep population: 15.37",
            "Calculated theta: 0.7255 based on sheep population: 14.54",
            "Calculated theta: 0.7165 based on sheep population: 13.90",
            "Calculated theta: 0.7095 based on sheep population: 13.43",
            "Calculated theta: 0.7059 based on sheep population: 13.20",
            "Calculated theta: 0.7041 based on sheep population: 13.09",
            "Calculated theta: 0.7039 based on sheep population: 13.08",
            "Calculated theta: 0.7054 based on sheep population: 13.17",
            "Calculated theta: 0.7084 based on sheep population: 13.36"
        ]
    }
}