{
    "wolf_id": 223,
    "beta": 0.1,
    "gamma": 1.5,
    "delta": 0.75,
    "alive": false,
    "born_at_step": 394,
    "died_at_step": 417,
    "thetas": [
        0.4061080211832272,
        0.8582367076729711,
        0.8056238404790274,
        0.7415741264788622,
        0.6753007414978537,
        0.6165629224514337,
        0.5712872352880045,
        0.5379690475423458,
        0.516252944860101,
        0.502558471050436,
        0.4942535983601952,
        0.49068599691421666,
        0.49139578935437533,
        0.49475102920148406,
        0.5006330637299976,
        0.5089704417399934,
        0.5197290165672596,
        0.5315484112894076,
        0.5444365478180224,
        0.5583997339724164,
        0.5734402268984193,
        0.5895533915080126,
        0.6052784312481688,
        0.62206168519744
    ],
    "decision_history": {
        "history_steps": [
            395,
            396,
            397,
            398,
            399,
            400,
            401,
            402,
            403,
            404,
            405,
            406,
            407,
            408,
            409,
            410,
            411,
            412,
            413,
            414,
            415,
            416,
            417
        ],
        "new_thetas": [
            0.8582367076729711,
            0.8056238404790274,
            0.7415741264788622,
            0.6753007414978537,
            0.6165629224514337,
            0.5712872352880045,
            0.5379690475423458,
            0.516252944860101,
            0.502558471050436,
            0.4942535983601952,
            0.49068599691421666,
            0.49139578935437533,
            0.49475102920148406,
            0.5006330637299976,
            0.5089704417399934,
            0.5197290165672596,
            0.5315484112894076,
            0.5444365478180224,
            0.5583997339724164,
            0.5734402268984193,
            0.5895533915080126,
            0.6052784312481688,
            0.62206168519744
        ],
        "prompts": [
            "N/A",
            "N/A",
            "N/A",
            "N/A",
            "N/A",
            "N/A",
            "N/A",
            "N/A",
            "N/A",
            "N/A",
            "N/A",
            "N/A",
            "N/A",
            "N/A",
            "N/A",
            "N/A",
            "N/A",
            "N/A",
            "N/A",
            "N/A",
            "N/A",
            "N/A",
            "N/A"
        ],
        "explanations": [
            "Calculated theta: 0.8582 based on sheep population: 33.30",
            "Calculated theta: 0.8056 based on sheep population: 22.80",
            "Calculated theta: 0.7416 based on sheep population: 15.78",
            "Calculated theta: 0.6753 based on sheep population: 11.44",
            "Calculated theta: 0.6166 based on sheep population: 8.84",
            "Calculated theta: 0.5713 based on sheep population: 7.33",
            "Calculated theta: 0.5380 based on sheep population: 6.40",
            "Calculated theta: 0.5163 based on sheep population: 5.87",
            "Calculated theta: 0.5026 based on sheep population: 5.56",
            "Calculated theta: 0.4943 based on sheep population: 5.37",
            "Calculated theta: 0.4907 based on sheep population: 5.30",
            "Calculated theta: 0.4914 based on sheep population: 5.31",
            "Calculated theta: 0.4948 based on sheep population: 5.39",
            "Calculated theta: 0.5006 based on sheep population: 5.51",
            "Calculated theta: 0.5090 based on sheep population: 5.70",
            "Calculated theta: 0.5197 based on sheep population: 5.95",
            "Calculated theta: 0.5315 based on sheep population: 6.24",
            "Calculated theta: 0.5444 based on sheep population: 6.57",
            "Calculated theta: 0.5584 based on sheep population: 6.95",
            "Calculated theta: 0.5734 based on sheep population: 7.39",
            "Calculated theta: 0.5896 based on sheep population: 7.90",
            "Calculated theta: 0.6053 based on sheep population: 8.43",
            "Calculated theta: 0.6221 based on sheep population: 9.05"
        ],
        "vocalizations": [
            "Calculated theta: 0.8582 based on sheep population: 33.30",
            "Calculated theta: 0.8056 based on sheep population: 22.80",
            "Calculated theta: 0.7416 based on sheep population: 15.78",
            "Calculated theta: 0.6753 based on sheep population: 11.44",
            "Calculated theta: 0.6166 based on sheep population: 8.84",
            "Calculated theta: 0.5713 based on sheep population: 7.33",
            "Calculated theta: 0.5380 based on sheep population: 6.40",
            "Calculated theta: 0.5163 based on sheep population: 5.87",
            "Calculated theta: 0.5026 based on sheep population: 5.56",
            "Calculated theta: 0.4943 based on sheep population: 5.37",
            "Calculated theta: 0.4907 based on sheep population: 5.30",
            "Calculated theta: 0.4914 based on sheep population: 5.31",
            "Calculated theta: 0.4948 based on sheep population: 5.39",
            "Calculated theta: 0.5006 based on sheep population: 5.51",
            "Calculated theta: 0.5090 based on sheep population: 5.70",
            "Calculated theta: 0.5197 based on sheep population: 5.95",
            "Calculated theta: 0.5315 based on sheep population: 6.24",
            "Calculated theta: 0.5444 based on sheep population: 6.57",
            "Calculated theta: 0.5584 based on sheep population: 6.95",
            "Calculated theta: 0.5734 based on sheep population: 7.39",
            "Calculated theta: 0.5896 based on sheep population: 7.90",
            "Calculated theta: 0.6053 based on sheep population: 8.43",
            "Calculated theta: 0.6221 based on sheep population: 9.05"
        ]
    }
}