{
    "wolf_id": 23,
    "beta": 0.1,
    "gamma": 1.5,
    "delta": 0.75,
    "alive": false,
    "born_at_step": 72,
    "died_at_step": 93,
    "thetas": [
        0.7127445736841299,
        0.8758845687631348,
        0.8783274032019154,
        0.879705766737349,
        0.8800468563371192,
        0.879358272078634,
        0.8776284392402599,
        0.8737327464540046,
        0.8686646335914651,
        0.8611325286760418,
        0.852156456762598,
        0.8402483003487103,
        0.8265331675688777,
        0.8124367216002819,
        0.796461177710575,
        0.7802273790877443,
        0.7638642178606627,
        0.7492188218886424,
        0.7364165284756313,
        0.7255194493661103,
        0.7165421187133765,
        0.7094654195884984
    ],
    "decision_history": {
        "history_steps": [
            73,
            74,
            75,
            76,
            77,
            78,
            79,
            80,
            81,
            82,
            83,
            84,
            85,
            86,
            87,
            88,
            89,
            90,
            91,
            92,
            93
        ],
        "new_thetas": [
            0.8758845687631348,
            0.8783274032019154,
            0.879705766737349,
            0.8800468563371192,
            0.879358272078634,
            0.8776284392402599,
            0.8737327464540046,
            0.8686646335914651,
            0.8611325286760418,
            0.852156456762598,
            0.8402483003487103,
            0.8265331675688777,
            0.8124367216002819,
            0.796461177710575,
            0.7802273790877443,
            0.7638642178606627,
            0.7492188218886424,
            0.7364165284756313,
            0.7255194493661103,
            0.7165421187133765,
            0.7094654195884984
        ],
        "prompts": [
            "N/A",
            "N/A",
            "N/A",
            "N/A",
            "N/A",
            "N/A",
            "N/A",
            "N/A",
            "N/A",
            "N/A",
            "N/A",
            "N/A",
            "N/A",
            "N/A",
            "N/A",
            "N/A",
            "N/A",
            "N/A",
            "N/A",
            "N/A",
            "N/A"
        ],
        "explanations": [
            "Calculated theta: 0.8759 based on sheep population: 38.81",
            "Calculated theta: 0.8783 based on sheep population: 39.70",
            "Calculated theta: 0.8797 based on sheep population: 40.22",
            "Calculated theta: 0.8800 based on sheep population: 40.35",
            "Calculated theta: 0.8794 based on sheep population: 40.09",
            "Calculated theta: 0.8776 based on sheep population: 39.44",
            "Calculated theta: 0.8737 based on sheep population: 38.06",
            "Calculated theta: 0.8687 based on sheep population: 36.38",
            "Calculated theta: 0.8611 based on sheep population: 34.11",
            "Calculated theta: 0.8522 based on sheep population: 31.70",
            "Calculated theta: 0.8402 based on sheep population: 28.93",
            "Calculated theta: 0.8265 based on sheep population: 26.21",
            "Calculated theta: 0.8124 based on sheep population: 23.82",
            "Calculated theta: 0.7965 based on sheep population: 21.52",
            "Calculated theta: 0.7802 based on sheep population: 19.53",
            "Calculated theta: 0.7639 based on sheep population: 17.79",
            "Calculated theta: 0.7492 based on sheep population: 16.43",
            "Calculated theta: 0.7364 based on sheep population: 15.37",
            "Calculated theta: 0.7255 based on sheep population: 14.54",
            "Calculated theta: 0.7165 based on sheep population: 13.90",
            "Calculated theta: 0.7095 based on sheep population: 13.43"
        ],
        "vocalizations": [
            "Calculated theta: 0.8759 based on sheep population: 38.81",
            "Calculated theta: 0.8783 based on sheep population: 39.70",
            "Calculated theta: 0.8797 based on sheep population: 40.22",
            "Calculated theta: 0.8800 based on sheep population: 40.35",
            "Calculated theta: 0.8794 based on sheep population: 40.09",
            "Calculated theta: 0.8776 based on sheep population: 39.44",
            "Calculated theta: 0.8737 based on sheep population: 38.06",
            "Calculated theta: 0.8687 based on sheep population: 36.38",
            "Calculated theta: 0.8611 based on sheep population: 34.11",
            "Calculated theta: 0.8522 based on sheep population: 31.70",
            "Calculated theta: 0.8402 based on sheep population: 28.93",
            "Calculated theta: 0.8265 based on sheep population: 26.21",
            "Calculated theta: 0.8124 based on sheep population: 23.82",
            "Calculated theta: 0.7965 based on sheep population: 21.52",
            "Calculated theta: 0.7802 based on sheep population: 19.53",
            "Calculated theta: 0.7639 based on sheep population: 17.79",
            "Calculated theta: 0.7492 based on sheep population: 16.43",
            "Calculated theta: 0.7364 based on sheep population: 15.37",
            "Calculated theta: 0.7255 based on sheep population: 14.54",
            "Calculated theta: 0.7165 based on sheep population: 13.90",
            "Calculated theta: 0.7095 based on sheep population: 13.43"
        ]
    }
}