{
    "wolf_id": 84,
    "beta": 0.1,
    "gamma": 1.5,
    "delta": 0.75,
    "alive": true,
    "born_at_step": 438,
    "died_at_step": null,
    "thetas": [
        0.950851041599044,
        0.2631767952253505,
        0.2629591409237598,
        0.26274980140623216,
        0.2625484507141057,
        0.2623547762719244,
        0.26216847829456813,
        0.261989269223673,
        0.26181687319169156,
        0.2616510255120528,
        0.2614914721939742,
        0.26133796948057353,
        0.2611902834090109,
        0.26104818939146834,
        0.26091147181585206,
        0.2607799236651654,
        0.2606533461545687,
        0.2605315483851983,
        0.2604143470138733,
        0.2603015659378711,
        0.25992973713702583,
        0.2595725368369656,
        0.259229364482203,
        0.25889964600865073,
        0.258582832543227,
        0.2582783991763882,
        0.2579858438029055,
        0.25770468602654006,
        0.25743446612458326,
        0.257174744068513,
        0.25692509859728274,
        0.25668512634000384,
        0.25645444098500475,
        0.25623267249246134,
        0.25601946634798295,
        0.2558144828547159,
        0.2556173964616931,
        0.25542789512630704,
        0.2552456797089263,
        0.25507046339780737,
        0.25515644453989755,
        0.25523927124670637,
        0.2553190578857496,
        0.2553959147772775,
        0.25546994833021475,
        0.2555412611740774,
        0.255609952286945,
        0.25567611711956634,
        0.25573984771567826,
        0.25580123282862216,
        0.256115883845592,
        0.2564194678988629,
        0.256712356344471,
        0.25699490937382197,
        0.25726747625279944,
        0.2575303955635703,
        0.25778399544825314,
        0.2580285938536873,
        0.2582644987766114,
        0.2584920085086232,
        0.258711411880354,
        0.2589229885043465
    ],
    "decision_history": {
        "history_steps": [
            439,
            440,
            441,
            442,
            443,
            444,
            445,
            446,
            447,
            448,
            449,
            450,
            451,
            452,
            453,
            454,
            455,
            456,
            457,
            458,
            459,
            460,
            461,
            462,
            463,
            464,
            465,
            466,
            467,
            468,
            469,
            470,
            471,
            472,
            473,
            474,
            475,
            476,
            477,
            478,
            479,
            480,
            481,
            482,
            483,
            484,
            485,
            486,
            487,
            488,
            489,
            490,
            491,
            492,
            493,
            494,
            495,
            496,
            497,
            498,
            499
        ],
        "new_thetas": [
            0.2631767952253505,
            0.2629591409237598,
            0.26274980140623216,
            0.2625484507141057,
            0.2623547762719244,
            0.26216847829456813,
            0.261989269223673,
            0.26181687319169156,
            0.2616510255120528,
            0.2614914721939742,
            0.26133796948057353,
            0.2611902834090109,
            0.26104818939146834,
            0.26091147181585206,
            0.2607799236651654,
            0.2606533461545687,
            0.2605315483851983,
            0.2604143470138733,
            0.2603015659378711,
            0.25992973713702583,
            0.2595725368369656,
            0.259229364482203,
            0.25889964600865073,
            0.258582832543227,
            0.2582783991763882,
            0.2579858438029055,
            0.25770468602654006,
            0.25743446612458326,
            0.257174744068513,
            0.25692509859728274,
            0.25668512634000384,
            0.25645444098500475,
            0.25623267249246134,
            0.25601946634798295,
            0.2558144828547159,
            0.2556173964616931,
            0.25542789512630704,
            0.2552456797089263,
            0.25507046339780737,
            0.25515644453989755,
            0.25523927124670637,
            0.2553190578857496,
            0.2553959147772775,
            0.25546994833021475,
            0.2555412611740774,
            0.255609952286945,
            0.25567611711956634,
            0.25573984771567826,
            0.25580123282862216,
            0.256115883845592,
            0.2564194678988629,
            0.256712356344471,
            0.25699490937382197,
            0.25726747625279944,
            0.2575303955635703,
            0.25778399544825314,
            0.2580285938536873,
            0.2582644987766114,
            0.2584920085086232,
            0.258711411880354,
            0.2589229885043465
        ],
        "prompts": [
            "N/A",
            "N/A",
            "N/A",
            "N/A",
            "N/A",
            "N/A",
            "N/A",
            "N/A",
            "N/A",
            "N/A",
            "N/A",
            "N/A",
            "N/A",
            "N/A",
            "N/A",
            "N/A",
            "N/A",
            "N/A",
            "N/A",
            "N/A",
            "N/A",
            "N/A",
            "N/A",
            "N/A",
            "N/A",
            "N/A",
            "N/A",
            "N/A",
            "N/A",
            "N/A",
            "N/A",
            "N/A",
            "N/A",
            "N/A",
            "N/A",
            "N/A",
            "N/A",
            "N/A",
            "N/A",
            "N/A",
            "N/A",
            "N/A",
            "N/A",
            "N/A",
            "N/A",
            "N/A",
            "N/A",
            "N/A",
            "N/A",
            "N/A",
            "N/A",
            "N/A",
            "N/A",
            "N/A",
            "N/A",
            "N/A",
            "N/A",
            "N/A",
            "N/A",
            "N/A",
            "N/A"
        ],