{
    "wolf_id": 2,
    "beta": 0.1,
    "gamma": 1.5,
    "delta": 0.75,
    "alive": false,
    "born_at_step": 0,
    "died_at_step": 3,
    "thetas": [
        0.5,
        0.1851857887512676,
        0.1970265987274365,
        0.20956252022757205,
        0.22284529547439644
    ],
    "decision_history": {
        "history_steps": [
            0,
            1,
            2,
            3
        ],
        "new_thetas": [
            0.1851857887512676,
            0.1970265987274365,
            0.20956252022757205,
            0.22284529547439644
        ],
        "prompts": [
            "N/A",
            "N/A",
            "N/A",
            "N/A"
        ],
        "explanations": [
            "Calculated theta: 0.1852 based on sheep population: 25.00",
            "Calculated theta: 0.1970 based on sheep population: 26.99",
            "Calculated theta: 0.2096 based on sheep population: 29.16",
            "Calculated theta: 0.2228 based on sheep population: 31.54"
        ],
        "vocalizations": [
            "Calculated theta: 0.1852 based on sheep population: 25.00",
            "Calculated theta: 0.1970 based on sheep population: 26.99",
            "Calculated theta: 0.2096 based on sheep population: 29.16",
            "Calculated theta: 0.2228 based on sheep population: 31.54"
        ]
    }
}