{
    "wolf_id": 68,
    "beta": 0.1,
    "gamma": 1.5,
    "delta": 0.75,
    "alive": false,
    "born_at_step": 59,
    "died_at_step": 85,
    "thetas": [
        0.47675943268267673,
        0.4096065355108267,
        0.4152124527290881,
        0.41949988862369064,
        0.4213713763160414,
        0.42089019987177534,
        0.41816827814744173,
        0.4122211446702066,
        0.4044888193661116,
        0.39410237734101455,
        0.38256990949772723,
        0.3701611806460063,
        0.35713813784962384,
        0.34468445788208923,
        0.3328038503969293,
        0.32233164887840643,
        0.31307060848956775,
        0.3056124816746287,
        0.2996740596691679,
        0.2950332433075825,
        0.2921957668346469,
        0.29093876695671944,
        0.2904411599949112,
        0.2912962897380111,
        0.29341233297776503,
        0.29606774725220225,
        0.2992471450713272
    ],
    "decision_history": {
        "history_steps": [
            60,
            61,
            62,
            63,
            64,
            65,
            66,
            67,
            68,
            69,
            70,
            71,
            72,
            73,
            74,
            75,
            76,
            77,
            78,
            79,
            80,
            81,
            82,
            83,
            84,
            85
        ],
        "new_thetas": [
            0.4096065355108267,
            0.4152124527290881,
            0.41949988862369064,
            0.4213713763160414,
            0.42089019987177534,
            0.41816827814744173,
            0.4122211446702066,
            0.4044888193661116,
            0.39410237734101455,
            0.38256990949772723,
            0.3701611806460063,
            0.35713813784962384,
            0.34468445788208923,
            0.3328038503969293,
            0.32233164887840643,
            0.31307060848956775,
            0.3056124816746287,
            0.2996740596691679,
            0.2950332433075825,
            0.2921957668346469,
            0.29093876695671944,
            0.2904411599949112,
            0.2912962897380111,
            0.29341233297776503,
            0.29606774725220225,
            0.2992471450713272
        ],
        "prompts": [
            "N/A",
            "N/A",
            "N/A",
            "N/A",
            "N/A",
            "N/A",
            "N/A",
            "N/A",
            "N/A",
            "N/A",
            "N/A",
            "N/A",
            "N/A",
            "N/A",
            "N/A",
            "N/A",
            "N/A",
            "N/A",
            "N/A",
            "N/A",
            "N/A",
            "N/A",
            "N/A",
            "N/A",
            "N/A",
            "N/A"
        ],
        "explanations": [
            "Calculated theta: 0.4096 based on sheep population: 76.32",
            "Calculated theta: 0.4152 based on sheep population: 78.10",
            "Calculated theta: 0.4195 based on sheep population: 79.49",
            "Calculated theta: 0.4214 based on sheep population: 80.10",
            "Calculated theta: 0.4209 based on sheep population: 79.95",
            "Calculated theta: 0.4182 based on sheep population: 79.06",
            "Calculated theta: 0.4122 based on sheep population: 77.15",
            "Calculated theta: 0.4045 based on sheep population: 74.72",
            "Calculated theta: 0.3941 based on sheep population: 71.55",
            "Calculated theta: 0.3826 based on sheep population: 68.16",
            "Calculated theta: 0.3702 based on sheep population: 64.65",
            "Calculated theta: 0.3571 based on sheep population: 61.11",
            "Calculated theta: 0.3447 based on sheep population: 57.86",
            "Calculated theta: 0.3328 based on sheep population: 54.87",
            "Calculated theta: 0.3223 based on sheep population: 52.32",
            "Calculated theta: 0.3131 based on sheep population: 50.13",
            "Calculated theta: 0.3056 based on sheep population: 48.41",
            "Calculated theta: 0.2997 based on sheep population: 47.07",
            "Calculated theta: 0.2950 based on sheep population: 46.04",
            "Calculated theta: 0.2922 based on sheep population: 45.41",
            "Calculated theta: 0.2909 based on sheep population: 45.13",
            "Calculated theta: 0.2904 based on sheep population: 45.03",
            "Calculated theta: 0.2913 based on sheep population: 45.21",
            "Calculated theta: 0.2934 based on sheep population: 45.68",
            "Calculated theta: 0.2961 based on sheep population: 46.26",
            "Calculated theta: 0.2992 based on sheep population: 46.97"
        ],
        "vocalizations": [
            "Calculated theta: 0.4096 based on sheep population: 76.32",
            "Calculated theta: 0.4152 based on sheep population: 78.10",
            "Calculated theta: 0.4195 based on sheep population: 79.49",
            "Calculated theta: 0.4214 based on sheep population: 80.10",
            "Calculated theta: 0.4209 based on sheep population: 79.95",
            "Calculated theta: 0.4182 based on sheep population: 79.06",
            "Calculated theta: 0.4122 based on sheep population: 77.15",
            "Calculated theta: 0.4045 based on sheep population: 74.72",
            "Calculated theta: 0.3941 based on sheep population: 71.55",
            "Calculated theta: 0.3826 based on sheep population: 68.16",
            "Calculated theta: 0.3702 based on sheep population: 64.65",
            "Calculated theta: 0.3571 based on sheep population: 61.11",
            "Calculated theta: 0.3447 based on sheep population: 57.86",
            "Calculated theta: 0.3328 based on sheep population: 54.87",
            "Calculated theta: 0.3223 based on sheep population: 52.32",
            "Calculated theta: 0.3131 based on sheep population: 50.13",
            "Calculated theta: 0.3056 based on sheep population: 48.41",
            "Calculated theta: 0.2997 based on sheep population: 47.07",
            "Calculated theta: 0.2950 based on sheep population: 46.04",
            "Calculated theta: 0.2922 based on sheep population: 45.41",
            "Calculated theta: 0.2909 based on sheep population: 45.13",
            "Calculated theta: 0.2904 based on sheep population: 45.03",
            "Calculated theta: 0.2913 based on sheep population: 45.21",
            "Calculated theta: 0.2934 based on sheep population: 45.68",
            "Calculated theta: 0.2961 based on sheep population: 46.26",
            "Calculated theta: 0.2992 based on sheep population: 46.97"
        ]
    }
}