{
    "wolf_id": 130,
    "beta": 0.1,
    "gamma": 1.5,
    "delta": 0.75,
    "alive": false,
    "born_at_step": 309,
    "died_at_step": 335,
    "thetas": [
        0.9351464811993224,
        0.7946727372896817,
        0.7864235552293801,
        0.7750368000786821,
        0.7603578279846269,
        0.7440062561061301,
        0.7260205659415652,
        0.7064861437566371,
        0.6873788850106717,
        0.6688338561202045,
        0.6509580908674691,
        0.6356130898075453,
        0.6227068413558252,
        0.6121166142359223,
        0.6053693091687768,
        0.6005663375004052,
        0.5975923568202263,
        0.5979280818287305,
        0.5998229237331834,
        0.6032085949739356,
        0.6080264150571035,
        0.6142255468953337,
        0.620215668270843,
        0.6275558113203666,
        0.6362020692536512,
        0.6445722263727209,
        0.6542179641062793
    ],
    "decision_history": {
        "history_steps": [
            310,
            311,
            312,
            313,
            314,
            315,
            316,
            317,
            318,
            319,
            320,
            321,
            322,
            323,
            324,
            325,
            326,
            327,
            328,
            329,
            330,
            331,
            332,
            333,
            334,
            335
        ],
        "new_thetas": [
            0.7946727372896817,
            0.7864235552293801,
            0.7750368000786821,
            0.7603578279846269,
            0.7440062561061301,
            0.7260205659415652,
            0.7064861437566371,
            0.6873788850106717,
            0.6688338561202045,
            0.6509580908674691,
            0.6356130898075453,
            0.6227068413558252,
            0.6121166142359223,
            0.6053693091687768,
            0.6005663375004052,
            0.5975923568202263,
            0.5979280818287305,
            0.5998229237331834,
            0.6032085949739356,
            0.6080264150571035,
            0.6142255468953337,
            0.620215668270843,
            0.6275558113203666,
            0.6362020692536512,
            0.6445722263727209,
            0.6542179641062793
        ],
        "prompts": [
            "N/A",
            "N/A",
            "N/A",
            "N/A",
            "N/A",
            "N/A",
            "N/A",
            "N/A",
            "N/A",
            "N/A",
            "N/A",
            "N/A",
            "N/A",
            "N/A",
            "N/A",
            "N/A",
            "N/A",
            "N/A",
            "N/A",
            "N/A",
            "N/A",
            "N/A",
            "N/A",
            "N/A",
            "N/A",
            "N/A"
        ],
        "explanations": [
            "Calculated theta: 0.7947 based on sheep population: 42.57",
            "Calculated theta: 0.7864 based on sheep population: 40.50",
            "Calculated theta: 0.7750 based on sheep population: 37.90",
            "Calculated theta: 0.7604 based on sheep population: 34.90",
            "Calculated theta: 0.7440 based on sheep population: 31.97",
            "Calculated theta: 0.7260 based on sheep population: 29.15",
            "Calculated theta: 0.7065 based on sheep population: 26.48",
            "Calculated theta: 0.6874 based on sheep population: 24.19",
            "Calculated theta: 0.6688 based on sheep population: 22.22",
            "Calculated theta: 0.6510 based on sheep population: 20.51",
            "Calculated theta: 0.6356 based on sheep population: 19.19",
            "Calculated theta: 0.6227 based on sheep population: 18.15",
            "Calculated theta: 0.6121 based on sheep population: 17.36",
            "Calculated theta: 0.6054 based on sheep population: 16.87",
            "Calculated theta: 0.6006 based on sheep population: 16.54",
            "Calculated theta: 0.5976 based on sheep population: 16.34",
            "Calculated theta: 0.5979 based on sheep population: 16.36",
            "Calculated theta: 0.5998 based on sheep population: 16.49",
            "Calculated theta: 0.6032 based on sheep population: 16.72",
            "Calculated theta: 0.6080 based on sheep population: 17.06",
            "Calculated theta: 0.6142 based on sheep population: 17.51",
            "Calculated theta: 0.6202 based on sheep population: 17.96",
            "Calculated theta: 0.6276 based on sheep population: 18.53",
            "Calculated theta: 0.6362 based on sheep population: 19.24",
            "Calculated theta: 0.6446 based on sheep population: 19.95",
            "Calculated theta: 0.6542 based on sheep population: 20.81"
        ],
        "vocalizations": [
            "Calculated theta: 0.7947 based on sheep population: 42.57",
            "Calculated theta: 0.7864 based on sheep population: 40.50",
            "Calculated theta: 0.7750 based on sheep population: 37.90",
            "Calculated theta: 0.7604 based on sheep population: 34.90",
            "Calculated theta: 0.7440 based on sheep population: 31.97",
            "Calculated theta: 0.7260 based on sheep population: 29.15",
            "Calculated theta: 0.7065 based on sheep population: 26.48",
            "Calculated theta: 0.6874 based on sheep population: 24.19",
            "Calculated theta: 0.6688 based on sheep population: 22.22",
            "Calculated theta: 0.6510 based on sheep population: 20.51",
            "Calculated theta: 0.6356 based on sheep population: 19.19",
            "Calculated theta: 0.6227 based on sheep population: 18.15",
            "Calculated theta: 0.6121 based on sheep population: 17.36",
            "Calculated theta: 0.6054 based on sheep population: 16.87",
            "Calculated theta: 0.6006 based on sheep population: 16.54",
            "Calculated theta: 0.5976 based on sheep population: 16.34",
            "Calculated theta: 0.5979 based on sheep population: 16.36",
            "Calculated theta: 0.5998 based on sheep population: 16.49",
            "Calculated theta: 0.6032 based on sheep population: 16.72",
            "Calculated theta: 0.6080 based on sheep population: 17.06",
            "Calculated theta: 0.6142 based on sheep population: 17.51",
            "Calculated theta: 0.6202 based on sheep population: 17.96",
            "Calculated theta: 0.6276 based on sheep population: 18.53",
            "Calculated theta: 0.6362 based on sheep population: 19.24",
            "Calculated theta: 0.6446 based on sheep population: 19.95",
            "Calculated theta: 0.6542 based on sheep population: 20.81"
        ]
    }
}