{
    "wolf_id": 1,
    "beta": 0.1,
    "gamma": 1.5,
    "delta": 0.75,
    "alive": false,
    "born_at_step": 0,
    "died_at_step": 2,
    "thetas": [
        0.5,
        0.6071442601990708,
        0.6149098535428896,
        0.6224230007398065
    ],
    "decision_history": {
        "history_steps": [
            0,
            1,
            2
        ],
        "new_thetas": [
            0.6071442601990708,
            0.6149098535428896,
            0.6224230007398065
        ],
        "prompts": [
            "N/A",
            "N/A",
            "N/A"
        ],
        "explanations": [
            "Calculated theta: 0.6071 based on sheep population: 17.00",
            "Calculated theta: 0.6149 based on sheep population: 17.56",
            "Calculated theta: 0.6224 based on sheep population: 18.13"
        ],
        "vocalizations": [
            "Calculated theta: 0.6071 based on sheep population: 17.00",
            "Calculated theta: 0.6149 based on sheep population: 17.56",
            "Calculated theta: 0.6224 based on sheep population: 18.13"
        ]
    }
}