{
    "wolf_id": 152,
    "beta": 0.1,
    "gamma": 1.5,
    "delta": 0.75,
    "alive": false,
    "born_at_step": 359,
    "died_at_step": 414,
    "thetas": [
        0.3585712339873307,
        0.7622740715567813,
        0.7459136126423459,
        0.7279081014357363,
        0.7101516793100832,
        0.6909524497284948,
        0.6722920514648159,
        0.6542828182170747,
        0.6387953481910464,
        0.6257448137928776,
        0.6150133354713683,
        0.6081357177093092,
        0.6032105658238323,
        0.600123005276967,
        0.5987693894494048,
        0.600632079030931,
        0.6039881349568514,
        0.6087786097557563,
        0.614952381799331,
        0.6209179991675149,
        0.6282352159912692,
        0.6368598400577692,
        0.6452089279263352,
        0.6548345002464887,
        0.664153630286181,
        0.674709473891667,
        0.6849235815242538,
        0.6948028022170175,
        0.7043546108043474,
        0.7150932311726876,
        0.7254597440220348,
        0.7354620770783719,
        0.7451087890376433,
        0.7544089327656116,
        0.7633719339364585,
        0.7720074842141134,
        0.7803254479656623,
        0.7869608844384782,
        0.7933683941065175,
        0.7982008072798509,
        0.8015242273091143,
        0.803388864085746,
        0.8038285642567589,
        0.8028610733728598,
        0.7990469688911962,
        0.7938004704157698,
        0.7855545830569339,
        0.7741687397401282,
        0.761167366107797,
        0.744811843106664,
        0.7268175866288743,
        0.7072691186398127,
        0.6881417702002852,
        0.6695717302689008,
        0.6516671647370312,
        0.636291530383197
    ],
    "decision_history": {
        "history_steps": [
            360,
            361,
            362,
            363,
            364,
            365,
            366,
            367,
            368,
            369,
            370,
            371,
            372,
            373,
            374,
            375,
            376,
            377,
            378,
            379,
            380,
            381,
            382,
            383,
            384,
            385,
            386,
            387,
            388,
            389,
            390,
            391,
            392,
            393,
            394,
            395,
            396,
            397,
            398,
            399,
            400,
            401,
            402,
            403,
            404,
            405,
            406,
            407,
            408,
            409,
            410,
            411,
            412,
            413,
            414
        ],
        "new_thetas": [
            0.7622740715567813,
            0.7459136126423459,
            0.7279081014357363,
            0.7101516793100832,
            0.6909524497284948,
            0.6722920514648159,
            0.6542828182170747,
            0.6387953481910464,
            0.6257448137928776,
            0.6150133354713683,
            0.6081357177093092,
            0.6032105658238323,
            0.600123005276967,
            0.5987693894494048,
            0.600632079030931,
            0.6039881349568514,
            0.6087786097557563,
            0.614952381799331,
            0.6209179991675149,
            0.6282352159912692,
            0.6368598400577692,
            0.6452089279263352,
            0.6548345002464887,
            0.664153630286181,
            0.674709473891667,
            0.6849235815242538,
            0.6948028022170175,
            0.7043546108043474,
            0.7150932311726876,
            0.7254597440220348,
            0.7354620770783719,
            0.7451087890376433,
            0.7544089327656116,
            0.7633719339364585,
            0.7720074842141134,
            0.7803254479656623,
            0.7869608844384782,
            0.7933683941065175,
            0.7982008072798509,
            0.8015242273091143,
            0.803388864085746,
            0.8038285642567589,
            0.8028610733728598,
            0.7990469688911962,
            0.7938004704157698,
            0.7855545830569339,
            0.7741687397401282,
            0.761167366107797,
            0.744811843106664,
            0.7268175866288743,
            0.7072691186398127,
            0.6881417702002852,
            0.6695717302689008,
            0.6516671647370312,
            0.636291530383197
        ],
        "prompts": [
            "N/A",
            "N/A",
            "N/A",
            "N/A",
            "N/A",
            "N/A",
            "N/A",
            "N/A",
            "N/A",
            "N/A",
            "N/A",
            "N/A",
            "N/A",
            "N/A",
            "N/A",
            "N/A",
            "N/A",
            "N/A",
            "N/A",
            "N/A",
            "N/A",
            "N/A",
            "N/A",
            "N/A",
            "N/A",
            "N/A",
            "N/A",
            "N/A",
            "N/A",
            "N/A",
            "N/A",
            "N/A",
            "N/A",
            "N/A",
            "N/A",
            "N/A",
            "N/A",
            "N/A",
            "N/A",
            "N/A",
            "N/A",
            "N/A",
            "N/A",
            "N/A",
            "N/A",
            "N/A",
            "N/A",
            "N/A",
            "N/A",
            "N/A",
            "N/A",
            "N/A",
            "N/A",
            "N/A",
            "N/A"
        ],