{
    "wolf_id": 108,
    "beta": 0.1,
    "gamma": 1.5,
    "delta": 0.75,
    "alive": false,
    "born_at_step": 260,
    "died_at_step": 281,
    "thetas": [
        0.8239271053936799,
        0.8032003593239655,
        0.7993825965892445,
        0.794133251726238,
        0.78588607821793,
        0.7744998530585684,
        0.7614974386584286,
        0.7451403871581624,
        0.7271427187230757,
        0.7075885996971669,
        0.6884531229998014,
        0.6698729347415071,
        0.6519566627809703,
        0.6365685601272543,
        0.6236187522551493,
        0.6129859457547697,
        0.606199412320021,
        0.6013596888821727,
        0.5983515646630774,
        0.5986570242564329,
        0.6005240065140205,
        0.603884016993558
    ],
    "decision_history": {
        "history_steps": [
            261,
            262,
            263,
            264,
            265,
            266,
            267,
            268,
            269,
            270,
            271,
            272,
            273,
            274,
            275,
            276,
            277,
            278,
            279,
            280,
            281
        ],
        "new_thetas": [
            0.8032003593239655,
            0.7993825965892445,
            0.794133251726238,
            0.78588607821793,
            0.7744998530585684,
            0.7614974386584286,
            0.7451403871581624,
            0.7271427187230757,
            0.7075885996971669,
            0.6884531229998014,
            0.6698729347415071,
            0.6519566627809703,
            0.6365685601272543,
            0.6236187522551493,
            0.6129859457547697,
            0.606199412320021,
            0.6013596888821727,
            0.5983515646630774,
            0.5986570242564329,
            0.6005240065140205,
            0.603884016993558
        ],
        "prompts": [
            "N/A",
            "N/A",
            "N/A",
            "N/A",
            "N/A",
            "N/A",
            "N/A",
            "N/A",
            "N/A",
            "N/A",
            "N/A",
            "N/A",
            "N/A",
            "N/A",
            "N/A",
            "N/A",
            "N/A",
            "N/A",
            "N/A",
            "N/A",
            "N/A"
        ],
        "explanations": [
            "Calculated theta: 0.8032 based on sheep population: 44.89",
            "Calculated theta: 0.7994 based on sheep population: 43.83",
            "Calculated theta: 0.7941 based on sheep population: 42.43",
            "Calculated theta: 0.7859 based on sheep population: 40.37",
            "Calculated theta: 0.7745 based on sheep population: 37.78",
            "Calculated theta: 0.7615 based on sheep population: 35.12",
            "Calculated theta: 0.7451 based on sheep population: 32.16",
            "Calculated theta: 0.7271 based on sheep population: 29.31",
            "Calculated theta: 0.7076 based on sheep population: 26.62",
            "Calculated theta: 0.6885 based on sheep population: 24.31",
            "Calculated theta: 0.6699 based on sheep population: 22.32",
            "Calculated theta: 0.6520 based on sheep population: 20.61",
            "Calculated theta: 0.6366 based on sheep population: 19.27",
            "Calculated theta: 0.6236 based on sheep population: 18.23",
            "Calculated theta: 0.6130 based on sheep population: 17.42",
            "Calculated theta: 0.6062 based on sheep population: 16.93",
            "Calculated theta: 0.6014 based on sheep population: 16.59",
            "Calculated theta: 0.5984 based on sheep population: 16.39",
            "Calculated theta: 0.5987 based on sheep population: 16.41",
            "Calculated theta: 0.6005 based on sheep population: 16.54",
            "Calculated theta: 0.6039 based on sheep population: 16.77"
        ],
        "vocalizations": [
            "Calculated theta: 0.8032 based on sheep population: 44.89",
            "Calculated theta: 0.7994 based on sheep population: 43.83",
            "Calculated theta: 0.7941 based on sheep population: 42.43",
            "Calculated theta: 0.7859 based on sheep population: 40.37",
            "Calculated theta: 0.7745 based on sheep population: 37.78",
            "Calculated theta: 0.7615 based on sheep population: 35.12",
            "Calculated theta: 0.7451 based on sheep population: 32.16",
            "Calculated theta: 0.7271 based on sheep population: 29.31",
            "Calculated theta: 0.7076 based on sheep population: 26.62",
            "Calculated theta: 0.6885 based on sheep population: 24.31",
            "Calculated theta: 0.6699 based on sheep population: 22.32",
            "Calculated theta: 0.6520 based on sheep population: 20.61",
            "Calculated theta: 0.6366 based on sheep population: 19.27",
            "Calculated theta: 0.6236 based on sheep population: 18.23",
            "Calculated theta: 0.6130 based on sheep population: 17.42",
            "Calculated theta: 0.6062 based on sheep population: 16.93",
            "Calculated theta: 0.6014 based on sheep population: 16.59",
            "Calculated theta: 0.5984 based on sheep population: 16.39",
            "Calculated theta: 0.5987 based on sheep population: 16.41",
            "Calculated theta: 0.6005 based on sheep population: 16.54",
            "Calculated theta: 0.6039 based on sheep population: 16.77"
        ]
    }
}