{
    "wolf_id": 144,
    "beta": 0.1,
    "gamma": 1.5,
    "delta": 0.75,
    "alive": false,
    "born_at_step": 354,
    "died_at_step": 375,
    "thetas": [
        0.42760763928490864,
        0.8025392524358984,
        0.80017169643725,
        0.7949157764433181,
        0.7866657204839753,
        0.7752787626215945,
        0.7622740715567813,
        0.7459136126423459,
        0.7279081014357363,
        0.7101516793100832,
        0.6909524497284948,
        0.6722920514648159,
        0.6542828182170747,
        0.6387953481910464,
        0.6257448137928776,
        0.6150133354713683,
        0.6081357177093092,
        0.6032105658238323,
        0.600123005276967,
        0.5987693894494048,
        0.600632079030931,
        0.6039881349568514
    ],
    "decision_history": {
        "history_steps": [
            355,
            356,
            357,
            358,
            359,
            360,
            361,
            362,
            363,
            364,
            365,
            366,
            367,
            368,
            369,
            370,
            371,
            372,
            373,
            374,
            375
        ],
        "new_thetas": [
            0.8025392524358984,
            0.80017169643725,
            0.7949157764433181,
            0.7866657204839753,
            0.7752787626215945,
            0.7622740715567813,
            0.7459136126423459,
            0.7279081014357363,
            0.7101516793100832,
            0.6909524497284948,
            0.6722920514648159,
            0.6542828182170747,
            0.6387953481910464,
            0.6257448137928776,
            0.6150133354713683,
            0.6081357177093092,
            0.6032105658238323,
            0.600123005276967,
            0.5987693894494048,
            0.600632079030931,
            0.6039881349568514
        ],
        "prompts": [
            "N/A",
            "N/A",
            "N/A",
            "N/A",
            "N/A",
            "N/A",
            "N/A",
            "N/A",
            "N/A",
            "N/A",
            "N/A",
            "N/A",
            "N/A",
            "N/A",
            "N/A",
            "N/A",
            "N/A",
            "N/A",
            "N/A",
            "N/A",
            "N/A"
        ],
        "explanations": [
            "Calculated theta: 0.8025 based on sheep population: 44.71",
            "Calculated theta: 0.8002 based on sheep population: 44.05",
            "Calculated theta: 0.7949 based on sheep population: 42.64",
            "Calculated theta: 0.7867 based on sheep population: 40.56",
            "Calculated theta: 0.7753 based on sheep population: 37.95",
            "Calculated theta: 0.7623 based on sheep population: 35.27",
            "Calculated theta: 0.7459 based on sheep population: 32.29",
            "Calculated theta: 0.7279 based on sheep population: 29.43",
            "Calculated theta: 0.7102 based on sheep population: 26.95",
            "Calculated theta: 0.6910 based on sheep population: 24.59",
            "Calculated theta: 0.6723 based on sheep population: 22.57",
            "Calculated theta: 0.6543 based on sheep population: 20.82",
            "Calculated theta: 0.6388 based on sheep population: 19.45",
            "Calculated theta: 0.6257 based on sheep population: 18.39",
            "Calculated theta: 0.6150 based on sheep population: 17.57",
            "Calculated theta: 0.6081 based on sheep population: 17.07",
            "Calculated theta: 0.6032 based on sheep population: 16.72",
            "Calculated theta: 0.6001 based on sheep population: 16.51",
            "Calculated theta: 0.5988 based on sheep population: 16.42",
            "Calculated theta: 0.6006 based on sheep population: 16.54",
            "Calculated theta: 0.6040 based on sheep population: 16.78"
        ],
        "vocalizations": [
            "Calculated theta: 0.8025 based on sheep population: 44.71",
            "Calculated theta: 0.8002 based on sheep population: 44.05",
            "Calculated theta: 0.7949 based on sheep population: 42.64",
            "Calculated theta: 0.7867 based on sheep population: 40.56",
            "Calculated theta: 0.7753 based on sheep population: 37.95",
            "Calculated theta: 0.7623 based on sheep population: 35.27",
            "Calculated theta: 0.7459 based on sheep population: 32.29",
            "Calculated theta: 0.7279 based on sheep population: 29.43",
            "Calculated theta: 0.7102 based on sheep population: 26.95",
            "Calculated theta: 0.6910 based on sheep population: 24.59",
            "Calculated theta: 0.6723 based on sheep population: 22.57",
            "Calculated theta: 0.6543 based on sheep population: 20.82",
            "Calculated theta: 0.6388 based on sheep population: 19.45",
            "Calculated theta: 0.6257 based on sheep population: 18.39",
            "Calculated theta: 0.6150 based on sheep population: 17.57",
            "Calculated theta: 0.6081 based on sheep population: 17.07",
            "Calculated theta: 0.6032 based on sheep population: 16.72",
            "Calculated theta: 0.6001 based on sheep population: 16.51",
            "Calculated theta: 0.5988 based on sheep population: 16.42",
            "Calculated theta: 0.6006 based on sheep population: 16.54",
            "Calculated theta: 0.6040 based on sheep population: 16.78"
        ]
    }
}