{
    "wolf_id": 165,
    "beta": 0.1,
    "gamma": 1.5,
    "delta": 0.75,
    "alive": false,
    "born_at_step": 403,
    "died_at_step": 427,
    "thetas": [
        0.46201536221770934,
        0.7938004704157698,
        0.7855545830569339,
        0.7741687397401282,
        0.761167366107797,
        0.744811843106664,
        0.7268175866288743,
        0.7072691186398127,
        0.6881417702002852,
        0.6695717302689008,
        0.6516671647370312,
        0.636291530383197,
        0.6233543312875265,
        0.6127338554726769,
        0.6059586869968705,
        0.6011296135102666,
        0.5981313852904008,
        0.5984456189920193,
        0.6003206788806252,
        0.6036881302399638,
        0.6084891280337291,
        0.6146726599103466,
        0.6221935323157659,
        0.6294690984136703,
        0.6380544043883595
    ],
    "decision_history": {
        "history_steps": [
            404,
            405,
            406,
            407,
            408,
            409,
            410,
            411,
            412,
            413,
            414,
            415,
            416,
            417,
            418,
            419,
            420,
            421,
            422,
            423,
            424,
            425,
            426,
            427
        ],
        "new_thetas": [
            0.7938004704157698,
            0.7855545830569339,
            0.7741687397401282,
            0.761167366107797,
            0.744811843106664,
            0.7268175866288743,
            0.7072691186398127,
            0.6881417702002852,
            0.6695717302689008,
            0.6516671647370312,
            0.636291530383197,
            0.6233543312875265,
            0.6127338554726769,
            0.6059586869968705,
            0.6011296135102666,
            0.5981313852904008,
            0.5984456189920193,
            0.6003206788806252,
            0.6036881302399638,
            0.6084891280337291,
            0.6146726599103466,
            0.6221935323157659,
            0.6294690984136703,
            0.6380544043883595
        ],
        "prompts": [
            "N/A",
            "N/A",
            "N/A",
            "N/A",
            "N/A",
            "N/A",
            "N/A",
            "N/A",
            "N/A",
            "N/A",
            "N/A",
            "N/A",
            "N/A",
            "N/A",
            "N/A",
            "N/A",
            "N/A",
            "N/A",
            "N/A",
            "N/A",
            "N/A",
            "N/A",
            "N/A",
            "N/A"
        ],
        "explanations": [
            "Calculated theta: 0.7938 based on sheep population: 42.35",
            "Calculated theta: 0.7856 based on sheep population: 40.30",
            "Calculated theta: 0.7742 based on sheep population: 37.71",
            "Calculated theta: 0.7612 based on sheep population: 35.06",
            "Calculated theta: 0.7448 based on sheep population: 32.11",
            "Calculated theta: 0.7268 based on sheep population: 29.27",
            "Calculated theta: 0.7073 based on sheep population: 26.58",
            "Calculated theta: 0.6881 based on sheep population: 24.27",
            "Calculated theta: 0.6696 based on sheep population: 22.29",
            "Calculated theta: 0.6517 based on sheep population: 20.58",
            "Calculated theta: 0.6363 based on sheep population: 19.24",
            "Calculated theta: 0.6234 based on sheep population: 18.21",
            "Calculated theta: 0.6127 based on sheep population: 17.40",
            "Calculated theta: 0.6060 based on sheep population: 16.92",
            "Calculated theta: 0.6011 based on sheep population: 16.58",
            "Calculated theta: 0.5981 based on sheep population: 16.37",
            "Calculated theta: 0.5984 based on sheep population: 16.39",
            "Calculated theta: 0.6003 based on sheep population: 16.52",
            "Calculated theta: 0.6037 based on sheep population: 16.76",
            "Calculated theta: 0.6085 based on sheep population: 17.10",
            "Calculated theta: 0.6147 based on sheep population: 17.55",
            "Calculated theta: 0.6222 based on sheep population: 18.12",
            "Calculated theta: 0.6295 based on sheep population: 18.69",
            "Calculated theta: 0.6381 based on sheep population: 19.39"
        ],
        "vocalizations": [
            "Calculated theta: 0.7938 based on sheep population: 42.35",
            "Calculated theta: 0.7856 based on sheep population: 40.30",
            "Calculated theta: 0.7742 based on sheep population: 37.71",
            "Calculated theta: 0.7612 based on sheep population: 35.06",
            "Calculated theta: 0.7448 based on sheep population: 32.11",
            "Calculated theta: 0.7268 based on sheep population: 29.27",
            "Calculated theta: 0.7073 based on sheep population: 26.58",
            "Calculated theta: 0.6881 based on sheep population: 24.27",
            "Calculated theta: 0.6696 based on sheep population: 22.29",
            "Calculated theta: 0.6517 based on sheep population: 20.58",
            "Calculated theta: 0.6363 based on sheep population: 19.24",
            "Calculated theta: 0.6234 based on sheep population: 18.21",
            "Calculated theta: 0.6127 based on sheep population: 17.40",
            "Calculated theta: 0.6060 based on sheep population: 16.92",
            "Calculated theta: 0.6011 based on sheep population: 16.58",
            "Calculated theta: 0.5981 based on sheep population: 16.37",
            "Calculated theta: 0.5984 based on sheep population: 16.39",
            "Calculated theta: 0.6003 based on sheep population: 16.52",
            "Calculated theta: 0.6037 based on sheep population: 16.76",
            "Calculated theta: 0.6085 based on sheep population: 17.10",
            "Calculated theta: 0.6147 based on sheep population: 17.55",
            "Calculated theta: 0.6222 based on sheep population: 18.12",
            "Calculated theta: 0.6295 based on sheep population: 18.69",
            "Calculated theta: 0.6381 based on sheep population: 19.39"
        ]
    }
}