{
    "wolf_id": 28,
    "beta": 0.1,
    "gamma": 1.5,
    "delta": 0.75,
    "alive": false,
    "born_at_step": 32,
    "died_at_step": 86,
    "thetas": [
        0.47142108062765775,
        0.7120454691106972,
        0.6909620972450873,
        0.6704662838381795,
        0.6507058384059051,
        0.6335902668996962,
        0.6190358203636299,
        0.6086185357057774,
        0.6003743950821793,
        0.5941666069903971,
        0.5914700444549968,
        0.5904772550476162,
        0.5910980731752564,
        0.5948039912151067,
        0.5999169738587996,
        0.6063893701790162,
        0.612643689271486,
        0.6202306090667029,
        0.6291093647383117,
        0.6392403155300604,
        0.6490543724859571,
        0.6600903437417021,
        0.6707764462181012,
        0.6811184261048374,
        0.6911228599481557,
        0.7023121083117466,
        0.7131208743614833,
        0.7235561376018105,
        0.7336256917878269,
        0.7433379889004366,
        0.7527019993839472,
        0.7617270879716667,
        0.7704229042316282,
        0.7787992868388199,
        0.7868661805093067,
        0.7932769408164088,
        0.7994678537539304,
        0.8041107488158423,
        0.8072711593286513,
        0.8089981136932626,
        0.8093237840938697,
        0.8068645307690672,
        0.8015595222641173,
        0.7932931022438888,
        0.781909387077586,
        0.7688951759892481,
        0.7525165608370659,
        0.7344549064780428,
        0.7147859092540542,
        0.6936397432825141,
        0.6730594228968685,
        0.6531976072913627,
        0.6359717432156706,
        0.6213044798865978,
        0.6090739524011212
    ],
    "decision_history": {
        "history_steps": [
            33,
            34,
            35,
            36,
            37,
            38,
            39,
            40,
            41,
            42,
            43,
            44,
            45,
            46,
            47,
            48,
            49,
            50,
            51,
            52,
            53,
            54,
            55,
            56,
            57,
            58,
            59,
            60,
            61,
            62,
            63,
            64,
            65,
            66,
            67,
            68,
            69,
            70,
            71,
            72,
            73,
            74,
            75,
            76,
            77,
            78,
            79,
            80,
            81,
            82,
            83,
            84,
            85,
            86
        ],
        "new_thetas": [
            0.7120454691106972,
            0.6909620972450873,
            0.6704662838381795,
            0.6507058384059051,
            0.6335902668996962,
            0.6190358203636299,
            0.6086185357057774,
            0.6003743950821793,
            0.5941666069903971,
            0.5914700444549968,
            0.5904772550476162,
            0.5910980731752564,
            0.5948039912151067,
            0.5999169738587996,
            0.6063893701790162,
            0.612643689271486,
            0.6202306090667029,
            0.6291093647383117,
            0.6392403155300604,
            0.6490543724859571,
            0.6600903437417021,
            0.6707764462181012,
            0.6811184261048374,
            0.6911228599481557,
            0.7023121083117466,
            0.7131208743614833,
            0.7235561376018105,
            0.7336256917878269,
            0.7433379889004366,
            0.7527019993839472,
            0.7617270879716667,
            0.7704229042316282,
            0.7787992868388199,
            0.7868661805093067,
            0.7932769408164088,
            0.7994678537539304,
            0.8041107488158423,
            0.8072711593286513,
            0.8089981136932626,
            0.8093237840938697,
            0.8068645307690672,
            0.8015595222641173,
            0.7932931022438888,
            0.781909387077586,
            0.7688951759892481,
            0.7525165608370659,
            0.7344549064780428,
            0.7147859092540542,
            0.6936397432825141,
            0.6730594228968685,
            0.6531976072913627,
            0.6359717432156706,
            0.6213044798865978,
            0.6090739524011212
        ],
        "prompts": [
            "N/A",
            "N/A",
            "N/A",
            "N/A",
            "N/A",
            "N/A",
            "N/A",
            "N/A",
            "N/A",
            "N/A",
            "N/A",
            "N/A",
            "N/A",
            "N/A",
            "N/A",
            "N/A",
            "N/A",
            "N/A",
            "N/A",
            "N/A",
            "N/A",
            "N/A",
            "N/A",
            "N/A",
            "N/A",
            "N/A",
            "N/A",
            "N/A",
            "N/A",
            "N/A",
            "N/A",
            "N/A",
            "N/A",
            "N/A",
            "N/A",
            "N/A",
            "N/A",
            "N/A",
            "N/A",
            "N/A",
            "N/A",
            "N/A",
            "N/A",
            "N/A",
            "N/A",
            "N/A",
            "N/A",
            "N/A",
            "N/A",
            "N/A",
            "N/A",
            "N/A",
            "N/A",
            "N/A"
        ],