{
    "wolf_id": 90,
    "beta": 0.1,
    "gamma": 1.5,
    "delta": 0.75,
    "alive": false,
    "born_at_step": 213,
    "died_at_step": 234,
    "thetas": [
        0.3437967219222632,
        0.8034370167446191,
        0.7996167182827972,
        0.7943654054624324,
        0.7861173560207279,
        0.774730889281584,
        0.7617277744414566,
        0.7453696846669647,
        0.7273696630482097,
        0.7078116266556105,
        0.6886704994611083,
        0.6700832463984261,
        0.6521588178255475,
        0.6367620219070209,
        0.6238034189204096,
        0.6131620085677543,
        0.606367542841112,
        0.6015203849466271,
        0.5985053516803729,
        0.5972188005371505,
        0.5991407702683151,
        0.6025514208319127
    ],
    "decision_history": {
        "history_steps": [
            214,
            215,
            216,
            217,
            218,
            219,
            220,
            221,
            222,
            223,
            224,
            225,
            226,
            227,
            228,
            229,
            230,
            231,
            232,
            233,
            234
        ],
        "new_thetas": [
            0.8034370167446191,
            0.7996167182827972,
            0.7943654054624324,
            0.7861173560207279,
            0.774730889281584,
            0.7617277744414566,
            0.7453696846669647,
            0.7273696630482097,
            0.7078116266556105,
            0.6886704994611083,
            0.6700832463984261,
            0.6521588178255475,
            0.6367620219070209,
            0.6238034189204096,
            0.6131620085677543,
            0.606367542841112,
            0.6015203849466271,
            0.5985053516803729,
            0.5972188005371505,
            0.5991407702683151,
            0.6025514208319127
        ],
        "prompts": [
            "N/A",
            "N/A",
            "N/A",
            "N/A",
            "N/A",
            "N/A",
            "N/A",
            "N/A",
            "N/A",
            "N/A",
            "N/A",
            "N/A",
            "N/A",
            "N/A",
            "N/A",
            "N/A",
            "N/A",
            "N/A",
            "N/A",
            "N/A",
            "N/A"
        ],
        "explanations": [
            "Calculated theta: 0.8034 based on sheep population: 44.96",
            "Calculated theta: 0.7996 based on sheep population: 43.89",
            "Calculated theta: 0.7944 based on sheep population: 42.49",
            "Calculated theta: 0.7861 based on sheep population: 40.43",
            "Calculated theta: 0.7747 based on sheep population: 37.83",
            "Calculated theta: 0.7617 based on sheep population: 35.17",
            "Calculated theta: 0.7454 based on sheep population: 32.20",
            "Calculated theta: 0.7274 based on sheep population: 29.35",
            "Calculated theta: 0.7078 based on sheep population: 26.65",
            "Calculated theta: 0.6887 based on sheep population: 24.33",
            "Calculated theta: 0.6701 based on sheep population: 22.34",
            "Calculated theta: 0.6522 based on sheep population: 20.62",
            "Calculated theta: 0.6368 based on sheep population: 19.28",
            "Calculated theta: 0.6238 based on sheep population: 18.24",
            "Calculated theta: 0.6132 based on sheep population: 17.44",
            "Calculated theta: 0.6064 based on sheep population: 16.94",
            "Calculated theta: 0.6015 based on sheep population: 16.60",
            "Calculated theta: 0.5985 based on sheep population: 16.40",
            "Calculated theta: 0.5972 based on sheep population: 16.31",
            "Calculated theta: 0.5991 based on sheep population: 16.44",
            "Calculated theta: 0.6026 based on sheep population: 16.68"
        ],
        "vocalizations": [
            "Calculated theta: 0.8034 based on sheep population: 44.96",
            "Calculated theta: 0.7996 based on sheep population: 43.89",
            "Calculated theta: 0.7944 based on sheep population: 42.49",
            "Calculated theta: 0.7861 based on sheep population: 40.43",
            "Calculated theta: 0.7747 based on sheep population: 37.83",
            "Calculated theta: 0.7617 based on sheep population: 35.17",
            "Calculated theta: 0.7454 based on sheep population: 32.20",
            "Calculated theta: 0.7274 based on sheep population: 29.35",
            "Calculated theta: 0.7078 based on sheep population: 26.65",
            "Calculated theta: 0.6887 based on sheep population: 24.33",
            "Calculated theta: 0.6701 based on sheep population: 22.34",
            "Calculated theta: 0.6522 based on sheep population: 20.62",
            "Calculated theta: 0.6368 based on sheep population: 19.28",
            "Calculated theta: 0.6238 based on sheep population: 18.24",
            "Calculated theta: 0.6132 based on sheep population: 17.44",
            "Calculated theta: 0.6064 based on sheep population: 16.94",
            "Calculated theta: 0.6015 based on sheep population: 16.60",
            "Calculated theta: 0.5985 based on sheep population: 16.40",
            "Calculated theta: 0.5972 based on sheep population: 16.31",
            "Calculated theta: 0.5991 based on sheep population: 16.44",
            "Calculated theta: 0.6026 based on sheep population: 16.68"
        ]
    }
}