{
    "wolf_id": 30,
    "beta": 0.1,
    "gamma": 1.5,
    "delta": 0.75,
    "alive": false,
    "born_at_step": 67,
    "died_at_step": 87,
    "thetas": [
        0.9617400624832512,
        0.7994678537539304,
        0.8041107488158423,
        0.8072711593286513,
        0.8089981136932626,
        0.8093237840938697,
        0.8068645307690672,
        0.8015595222641173,
        0.7932931022438888,
        0.781909387077586,
        0.7688951759892481,
        0.7525165608370659,
        0.7344549064780428,
        0.7147859092540542,
        0.6936397432825141,
        0.6730594228968685,
        0.6531976072913627,
        0.6359717432156706,
        0.6213044798865978,
        0.6090739524011212,
        0.6008082393308368
    ],
    "decision_history": {
        "history_steps": [
            68,
            69,
            70,
            71,
            72,
            73,
            74,
            75,
            76,
            77,
            78,
            79,
            80,
            81,
            82,
            83,
            84,
            85,
            86,
            87
        ],
        "new_thetas": [
            0.7994678537539304,
            0.8041107488158423,
            0.8072711593286513,
            0.8089981136932626,
            0.8093237840938697,
            0.8068645307690672,
            0.8015595222641173,
            0.7932931022438888,
            0.781909387077586,
            0.7688951759892481,
            0.7525165608370659,
            0.7344549064780428,
            0.7147859092540542,
            0.6936397432825141,
            0.6730594228968685,
            0.6531976072913627,
            0.6359717432156706,
            0.6213044798865978,
            0.6090739524011212,
            0.6008082393308368
        ],
        "prompts": [
            "N/A",
            "N/A",
            "N/A",
            "N/A",
            "N/A",
            "N/A",
            "N/A",
            "N/A",
            "N/A",
            "N/A",
            "N/A",
            "N/A",
            "N/A",
            "N/A",
            "N/A",
            "N/A",
            "N/A",
            "N/A",
            "N/A",
            "N/A"
        ],
        "explanations": [
            "Calculated theta: 0.7995 based on sheep population: 43.85",
            "Calculated theta: 0.8041 based on sheep population: 45.15",
            "Calculated theta: 0.8073 based on sheep population: 46.07",
            "Calculated theta: 0.8090 based on sheep population: 46.59",
            "Calculated theta: 0.8093 based on sheep population: 46.69",
            "Calculated theta: 0.8069 based on sheep population: 45.95",
            "Calculated theta: 0.8016 based on sheep population: 44.43",
            "Calculated theta: 0.7933 based on sheep population: 42.22",
            "Calculated theta: 0.7819 based on sheep population: 39.44",
            "Calculated theta: 0.7689 based on sheep population: 36.60",
            "Calculated theta: 0.7525 based on sheep population: 33.45",
            "Calculated theta: 0.7345 based on sheep population: 30.42",
            "Calculated theta: 0.7148 based on sheep population: 27.57",
            "Calculated theta: 0.6936 based on sheep population: 24.91",
            "Calculated theta: 0.6731 based on sheep population: 22.65",
            "Calculated theta: 0.6532 based on sheep population: 20.72",
            "Calculated theta: 0.6360 based on sheep population: 19.22",
            "Calculated theta: 0.6213 based on sheep population: 18.05",
            "Calculated theta: 0.6091 based on sheep population: 17.14",
            "Calculated theta: 0.6008 based on sheep population: 16.56"
        ],
        "vocalizations": [
            "Calculated theta: 0.7995 based on sheep population: 43.85",
            "Calculated theta: 0.8041 based on sheep population: 45.15",
            "Calculated theta: 0.8073 based on sheep population: 46.07",
            "Calculated theta: 0.8090 based on sheep population: 46.59",
            "Calculated theta: 0.8093 based on sheep population: 46.69",
            "Calculated theta: 0.8069 based on sheep population: 45.95",
            "Calculated theta: 0.8016 based on sheep population: 44.43",
            "Calculated theta: 0.7933 based on sheep population: 42.22",
            "Calculated theta: 0.7819 based on sheep population: 39.44",
            "Calculated theta: 0.7689 based on sheep population: 36.60",
            "Calculated theta: 0.7525 based on sheep population: 33.45",
            "Calculated theta: 0.7345 based on sheep population: 30.42",
            "Calculated theta: 0.7148 based on sheep population: 27.57",
            "Calculated theta: 0.6936 based on sheep population: 24.91",
            "Calculated theta: 0.6731 based on sheep population: 22.65",
            "Calculated theta: 0.6532 based on sheep population: 20.72",
            "Calculated theta: 0.6360 based on sheep population: 19.22",
            "Calculated theta: 0.6213 based on sheep population: 18.05",
            "Calculated theta: 0.6091 based on sheep population: 17.14",
            "Calculated theta: 0.6008 based on sheep population: 16.56"
        ]
    }
}