{
    "wolf_id": 170,
    "beta": 0.1,
    "gamma": 1.5,
    "delta": 0.75,
    "alive": false,
    "born_at_step": 406,
    "died_at_step": 461,
    "thetas": [
        0.5659942446101933,
        0.761167366107797,
        0.744811843106664,
        0.7268175866288743,
        0.7072691186398127,
        0.6881417702002852,
        0.6695717302689008,
        0.6516671647370312,
        0.636291530383197,
        0.6233543312875265,
        0.6127338554726769,
        0.6059586869968705,
        0.6011296135102666,
        0.5981313852904008,
        0.5984456189920193,
        0.6003206788806252,
        0.6036881302399638,
        0.6084891280337291,
        0.6146726599103466,
        0.6221935323157659,
        0.6294690984136703,
        0.6380544043883595,
        0.6463652076029155,
        0.6559541238934712,
        0.6652374276819737,
        0.6757584028205716,
        0.6859383024658623,
        0.6957840453414648,
        0.7053031620791138,
        0.7160091361902315,
        0.7263436632029167,
        0.736314731532954,
        0.7459309480405195,
        0.7552014026037653,
        0.7641355480593609,
        0.7727430946016071,
        0.7810339176221679,
        0.7876450034727245,
        0.7940290336602115,
        0.7988408454464826,
        0.8021464876260148,
        0.8039960473618021,
        0.8044231935515039,
        0.8034454465543162,
        0.7996250580112994,
        0.794373675356361,
        0.7861255950349847,
        0.7747391200665068,
        0.7600603542023912,
        0.7437103062728602,
        0.7257278344169545,
        0.7061986396876209,
        0.6870988179506899,
        0.6685630226767034,
        0.650697871982021,
        0.6353641463986078
    ],
    "decision_history": {
        "history_steps": [
            407,
            408,
            409,
            410,
            411,
            412,
            413,
            414,
            415,
            416,
            417,
            418,
            419,
            420,
            421,
            422,
            423,
            424,
            425,
            426,
            427,
            428,
            429,
            430,
            431,
            432,
            433,
            434,
            435,
            436,
            437,
            438,
            439,
            440,
            441,
            442,
            443,
            444,
            445,
            446,
            447,
            448,
            449,
            450,
            451,
            452,
            453,
            454,
            455,
            456,
            457,
            458,
            459,
            460,
            461
        ],
        "new_thetas": [
            0.761167366107797,
            0.744811843106664,
            0.7268175866288743,
            0.7072691186398127,
            0.6881417702002852,
            0.6695717302689008,
            0.6516671647370312,
            0.636291530383197,
            0.6233543312875265,
            0.6127338554726769,
            0.6059586869968705,
            0.6011296135102666,
            0.5981313852904008,
            0.5984456189920193,
            0.6003206788806252,
            0.6036881302399638,
            0.6084891280337291,
            0.6146726599103466,
            0.6221935323157659,
            0.6294690984136703,
            0.6380544043883595,
            0.6463652076029155,
            0.6559541238934712,
            0.6652374276819737,
            0.6757584028205716,
            0.6859383024658623,
            0.6957840453414648,
            0.7053031620791138,
            0.7160091361902315,
            0.7263436632029167,
            0.736314731532954,
            0.7459309480405195,
            0.7552014026037653,
            0.7641355480593609,
            0.7727430946016071,
            0.7810339176221679,
            0.7876450034727245,
            0.7940290336602115,
            0.7988408454464826,
            0.8021464876260148,
            0.8039960473618021,
            0.8044231935515039,
            0.8034454465543162,
            0.7996250580112994,
            0.794373675356361,
            0.7861255950349847,
            0.7747391200665068,
            0.7600603542023912,
            0.7437103062728602,
            0.7257278344169545,
            0.7061986396876209,
            0.6870988179506899,
            0.6685630226767034,
            0.650697871982021,
            0.6353641463986078
        ],
        "prompts": [
            "N/A",
            "N/A",
            "N/A",
            "N/A",
            "N/A",
            "N/A",
            "N/A",
            "N/A",
            "N/A",
            "N/A",
            "N/A",
            "N/A",
            "N/A",
            "N/A",
            "N/A",
            "N/A",
            "N/A",
            "N/A",
            "N/A",
            "N/A",
            "N/A",
            "N/A",
            "N/A",
            "N/A",
            "N/A",
            "N/A",
            "N/A",
            "N/A",
            "N/A",
            "N/A",
            "N/A",
            "N/A",
            "N/A",
            "N/A",
            "N/A",
            "N/A",
            "N/A",
            "N/A",
            "N/A",
            "N/A",
            "N/A",
            "N/A",
            "N/A",
            "N/A",
            "N/A",
            "N/A",
            "N/A",
            "N/A",
            "N/A",
            "N/A",
            "N/A",
            "N/A",
            "N/A",
            "N/A",
            "N/A"
        ],