{
    "wolf_id": 48,
    "beta": 0.1,
    "gamma": 1.5,
    "delta": 0.75,
    "alive": false,
    "born_at_step": 112,
    "died_at_step": 135,
    "thetas": [
        0.41607717098042996,
        0.7847162206239459,
        0.79120079713785,
        0.7974628617520739,
        0.802167882017403,
        0.8053815949922701,
        0.8071534293305416,
        0.8075161157736428,
        0.8064859947676426,
        0.8026342067985371,
        0.7958736398979516,
        0.7860694892035893,
        0.7730584628235214,
        0.7583815763888291,
        0.740286639559005,
        0.7205431445655895,
        0.701112588716134,
        0.6821496192687095,
        0.6637815245523605,
        0.646107578423183,
        0.6309756794357947,
        0.618283692438979,
        0.6079021395517294,
        0.6013464424655685
    ],
    "decision_history": {
        "history_steps": [
            113,
            114,
            115,
            116,
            117,
            118,
            119,
            120,
            121,
            122,
            123,
            124,
            125,
            126,
            127,
            128,
            129,
            130,
            131,
            132,
            133,
            134,
            135
        ],
        "new_thetas": [
            0.7847162206239459,
            0.79120079713785,
            0.7974628617520739,
            0.802167882017403,
            0.8053815949922701,
            0.8071534293305416,
            0.8075161157736428,
            0.8064859947676426,
            0.8026342067985371,
            0.7958736398979516,
            0.7860694892035893,
            0.7730584628235214,
            0.7583815763888291,
            0.740286639559005,
            0.7205431445655895,
            0.701112588716134,
            0.6821496192687095,
            0.6637815245523605,
            0.646107578423183,
            0.6309756794357947,
            0.618283692438979,
            0.6079021395517294,
            0.6013464424655685
        ],
        "prompts": [
            "N/A",
            "N/A",
            "N/A",
            "N/A",
            "N/A",
            "N/A",
            "N/A",
            "N/A",
            "N/A",
            "N/A",
            "N/A",
            "N/A",
            "N/A",
            "N/A",
            "N/A",
            "N/A",
            "N/A",
            "N/A",
            "N/A",
            "N/A",
            "N/A",
            "N/A",
            "N/A"
        ],
        "explanations": [
            "Calculated theta: 0.7847 based on sheep population: 40.10",
            "Calculated theta: 0.7912 based on sheep population: 41.68",
            "Calculated theta: 0.7975 based on sheep population: 43.31",
            "Calculated theta: 0.8022 based on sheep population: 44.60",
            "Calculated theta: 0.8054 based on sheep population: 45.52",
            "Calculated theta: 0.8072 based on sheep population: 46.04",
            "Calculated theta: 0.8075 based on sheep population: 46.15",
            "Calculated theta: 0.8065 based on sheep population: 45.84",
            "Calculated theta: 0.8026 based on sheep population: 44.73",
            "Calculated theta: 0.7959 based on sheep population: 42.89",
            "Calculated theta: 0.7861 based on sheep population: 40.42",
            "Calculated theta: 0.7731 based on sheep population: 37.47",
            "Calculated theta: 0.7584 based on sheep population: 34.53",
            "Calculated theta: 0.7403 based on sheep population: 31.35",
            "Calculated theta: 0.7205 based on sheep population: 28.36",
            "Calculated theta: 0.7011 based on sheep population: 25.80",
            "Calculated theta: 0.6821 based on sheep population: 23.61",
            "Calculated theta: 0.6638 based on sheep population: 21.72",
            "Calculated theta: 0.6461 based on sheep population: 20.08",
            "Calculated theta: 0.6310 based on sheep population: 18.81",
            "Calculated theta: 0.6183 based on sheep population: 17.82",
            "Calculated theta: 0.6079 based on sheep population: 17.05",
            "Calculated theta: 0.6013 based on sheep population: 16.59"
        ],
        "vocalizations": [
            "Calculated theta: 0.7847 based on sheep population: 40.10",
            "Calculated theta: 0.7912 based on sheep population: 41.68",
            "Calculated theta: 0.7975 based on sheep population: 43.31",
            "Calculated theta: 0.8022 based on sheep population: 44.60",
            "Calculated theta: 0.8054 based on sheep population: 45.52",
            "Calculated theta: 0.8072 based on sheep population: 46.04",
            "Calculated theta: 0.8075 based on sheep population: 46.15",
            "Calculated theta: 0.8065 based on sheep population: 45.84",
            "Calculated theta: 0.8026 based on sheep population: 44.73",
            "Calculated theta: 0.7959 based on sheep population: 42.89",
            "Calculated theta: 0.7861 based on sheep population: 40.42",
            "Calculated theta: 0.7731 based on sheep population: 37.47",
            "Calculated theta: 0.7584 based on sheep population: 34.53",
            "Calculated theta: 0.7403 based on sheep population: 31.35",
            "Calculated theta: 0.7205 based on sheep population: 28.36",
            "Calculated theta: 0.7011 based on sheep population: 25.80",
            "Calculated theta: 0.6821 based on sheep population: 23.61",
            "Calculated theta: 0.6638 based on sheep population: 21.72",
            "Calculated theta: 0.6461 based on sheep population: 20.08",
            "Calculated theta: 0.6310 based on sheep population: 18.81",
            "Calculated theta: 0.6183 based on sheep population: 17.82",
            "Calculated theta: 0.6079 based on sheep population: 17.05",
            "Calculated theta: 0.6013 based on sheep population: 16.59"
        ]
    }
}