{
    "wolf_id": 196,
    "beta": 0.1,
    "gamma": 1.5,
    "delta": 0.75,
    "alive": false,
    "born_at_step": 80,
    "died_at_step": 128,
    "thetas": [
        0.5,
        0.3290694897981145,
        0.3148911868512393,
        0.29715968235370405,
        0.2772157359036682,
        0.25763223146454,
        0.24003551336866166,
        0.22524230848849933,
        0.21310456212460893,
        0.20341867858009424,
        0.19635540916959812,
        0.1916580984908905,
        0.18852119247033838,
        0.18700264555434756,
        0.1865689007372686,
        0.18741728841365815,
        0.18914237716786425,
        0.19170733485678193,
        0.19509821188515716,
        0.19898747847874731,
        0.20338906055731176,
        0.20832335293460236,
        0.2138173272421307,
        0.2195153524745214,
        0.2254330350707667,
        0.23158706771776708,
        0.23799532803310877,
        0.24421021301717535,
        0.2507113505943907,
        0.2570097481007396,
        0.26309854847873104,
        0.2689727489830467,
        0.27462907016930554,
        0.2794725208862239,
        0.28349159407427765,
        0.2860589053517657,
        0.2878408802904894,
        0.2882191409433759,
        0.2872693605384527,
        0.2844411575167852,
        0.28057430948568257,
        0.27517716429430483,
        0.269111517884013,
        0.2625204879752139,
        0.2561081800178798,
        0.2493361178643381,
        0.24336525085694707,
        0.2375810625246884,
        0.23246497220446105
    ],
    "decision_history": {
        "history_steps": [
            81,
            82,
            83,
            84,
            85,
            86,
            87,
            88,
            89,
            90,
            91,
            92,
            93,
            94,
            95,
            96,
            97,
            98,
            99,
            100,
            101,
            102,
            103,
            104,
            105,
            106,
            107,
            108,
            109,
            110,
            111,
            112,
            113,
            114,
            115,
            116,
            117,
            118,
            119,
            120,
            121,
            122,
            123,
            124,
            125,
            126,
            127,
            128
        ],
        "new_thetas": [
            0.3290694897981145,
            0.3148911868512393,
            0.29715968235370405,
            0.2772157359036682,
            0.25763223146454,
            0.24003551336866166,
            0.22524230848849933,
            0.21310456212460893,
            0.20341867858009424,
            0.19635540916959812,
            0.1916580984908905,
            0.18852119247033838,
            0.18700264555434756,
            0.1865689007372686,
            0.18741728841365815,
            0.18914237716786425,
            0.19170733485678193,
            0.19509821188515716,
            0.19898747847874731,
            0.20338906055731176,
            0.20832335293460236,
            0.2138173272421307,
            0.2195153524745214,
            0.2254330350707667,
            0.23158706771776708,
            0.23799532803310877,
            0.24421021301717535,
            0.2507113505943907,
            0.2570097481007396,
            0.26309854847873104,
            0.2689727489830467,
            0.27462907016930554,
            0.2794725208862239,
            0.28349159407427765,
            0.2860589053517657,
            0.2878408802904894,
            0.2882191409433759,
            0.2872693605384527,
            0.2844411575167852,
            0.28057430948568257,
            0.27517716429430483,
            0.269111517884013,
            0.2625204879752139,
            0.2561081800178798,
            0.2493361178643381,
            0.24336525085694707,
            0.2375810625246884,
            0.23246497220446105
        ],
        "prompts": [
            "N/A",
            "N/A",
            "N/A",
            "N/A",
            "N/A",
            "N/A",
            "N/A",
            "N/A",
            "N/A",
            "N/A",
            "N/A",
            "N/A",
            "N/A",
            "N/A",
            "N/A",
            "N/A",
            "N/A",
            "N/A",
            "N/A",
            "N/A",
            "N/A",
            "N/A",
            "N/A",
            "N/A",
            "N/A",
            "N/A",
            "N/A",
            "N/A",
            "N/A",
            "N/A",
            "N/A",
            "N/A",
            "N/A",
            "N/A",
            "N/A",
            "N/A",
            "N/A",
            "N/A",
            "N/A",
            "N/A",
            "N/A",
            "N/A",
            "N/A",
            "N/A",
            "N/A",
            "N/A",
            "N/A",
            "N/A"
        ],