{
    "wolf_id": 1190,
    "beta": 0.1,
    "gamma": 1.5,
    "delta": 0.75,
    "alive": false,
    "born_at_step": 275,
    "died_at_step": 280,
    "thetas": [
        0.6206500218119732,
        0.33333353535347415,
        0.33333353535347415,
        0.33333353535347415,
        0.27927940126860445,
        0.1665083964133922
    ],
    "decision_history": {
        "history_steps": [
            276,
            277,
            278,
            279,
            280
        ],
        "new_thetas": [
            0.33333353535347415,
            0.33333353535347415,
            0.33333353535347415,
            0.27927940126860445,
            0.1665083964133922
        ],
        "prompts": [
            "N/A",
            "N/A",
            "N/A",
            "N/A",
            "N/A"
        ],
        "explanations": [
            "Calculated theta: 0.3333 based on sheep population: 110.00",
            "Calculated theta: 0.3333 based on sheep population: 110.00",
            "Calculated theta: 0.3333 based on sheep population: 110.00",
            "Calculated theta: 0.2793 based on sheep population: 85.25",
            "Calculated theta: 0.1665 based on sheep population: 43.95"
        ],
        "vocalizations": [
            "Calculated theta: 0.3333 based on sheep population: 110.00",
            "Calculated theta: 0.3333 based on sheep population: 110.00",
            "Calculated theta: 0.3333 based on sheep population: 110.00",
            "Calculated theta: 0.2793 based on sheep population: 85.25",
            "Calculated theta: 0.1665 based on sheep population: 43.95"
        ]
    }
}