{
    "wolf_id": 754,
    "beta": 0.1,
    "gamma": 1.5,
    "delta": 0.75,
    "alive": false,
    "born_at_step": 176,
    "died_at_step": 181,
    "thetas": [
        0.2395084142850199,
        0.33333353535347415,
        0.33333353535347415,
        0.33333353535347415,
        0.26605516421688713,
        0.15403471137335106
    ],
    "decision_history": {
        "history_steps": [
            177,
            178,
            179,
            180,
            181
        ],
        "new_thetas": [
            0.33333353535347415,
            0.33333353535347415,
            0.33333353535347415,
            0.26605516421688713,
            0.15403471137335106
        ],
        "prompts": [
            "N/A",
            "N/A",
            "N/A",
            "N/A",
            "N/A"
        ],
        "explanations": [
            "Calculated theta: 0.3333 based on sheep population: 110.00",
            "Calculated theta: 0.3333 based on sheep population: 110.00",
            "Calculated theta: 0.3333 based on sheep population: 110.00",
            "Calculated theta: 0.2661 based on sheep population: 79.75",
            "Calculated theta: 0.1540 based on sheep population: 40.06"
        ],
        "vocalizations": [
            "Calculated theta: 0.3333 based on sheep population: 110.00",
            "Calculated theta: 0.3333 based on sheep population: 110.00",
            "Calculated theta: 0.3333 based on sheep population: 110.00",
            "Calculated theta: 0.2661 based on sheep population: 79.75",
            "Calculated theta: 0.1540 based on sheep population: 40.06"
        ]
    }
}