{
    "wolf_id": 872,
    "beta": 0.1,
    "gamma": 1.5,
    "delta": 0.75,
    "alive": false,
    "born_at_step": 201,
    "died_at_step": 204,
    "thetas": [
        0.34769767474963265,
        0.26605516421688713,
        0.15403471137335106,
        0.13914519180647275
    ],
    "decision_history": {
        "history_steps": [
            202,
            203,
            204
        ],
        "new_thetas": [
            0.26605516421688713,
            0.15403471137335106,
            0.13914519180647275
        ],
        "prompts": [
            "N/A",
            "N/A",
            "N/A"
        ],
        "explanations": [
            "Calculated theta: 0.2661 based on sheep population: 79.75",
            "Calculated theta: 0.1540 based on sheep population: 40.06",
            "Calculated theta: 0.1391 based on sheep population: 35.56"
        ],
        "vocalizations": [
            "Calculated theta: 0.2661 based on sheep population: 79.75",
            "Calculated theta: 0.1540 based on sheep population: 40.06",
            "Calculated theta: 0.1391 based on sheep population: 35.56"
        ]
    }
}