{
    "wolf_id": 986,
    "beta": 0.1,
    "gamma": 1.5,
    "delta": 0.75,
    "alive": false,
    "born_at_step": 224,
    "died_at_step": 228,
    "thetas": [
        0.23497501305807567,
        0.1665083964133922,
        0.14158679634232757,
        0.16431043883422078,
        0.20850147775654693
    ],
    "decision_history": {
        "history_steps": [
            225,
            226,
            227,
            228
        ],
        "new_thetas": [
            0.1665083964133922,
            0.14158679634232757,
            0.16431043883422078,
            0.20850147775654693
        ],
        "prompts": [
            "N/A",
            "N/A",
            "N/A",
            "N/A"
        ],
        "explanations": [
            "Calculated theta: 0.1665 based on sheep population: 43.95",
            "Calculated theta: 0.1416 based on sheep population: 36.29",
            "Calculated theta: 0.1643 based on sheep population: 43.26",
            "Calculated theta: 0.2085 based on sheep population: 57.95"
        ],
        "vocalizations": [
            "Calculated theta: 0.1665 based on sheep population: 43.95",
            "Calculated theta: 0.1416 based on sheep population: 36.29",
            "Calculated theta: 0.1643 based on sheep population: 43.26",
            "Calculated theta: 0.2085 based on sheep population: 57.95"
        ]
    }
}