{
    "wolf_id": 119,
    "beta": 0.1,
    "gamma": 1.5,
    "delta": 0.75,
    "alive": false,
    "born_at_step": 34,
    "died_at_step": 38,
    "thetas": [
        0.5839155980900282,
        0.33333353535347415,
        0.33333353535347415,
        0.2982457408806505,
        0.18614312965427884
    ],
    "decision_history": {
        "history_steps": [
            35,
            36,
            37,
            38
        ],
        "new_thetas": [
            0.33333353535347415,
            0.33333353535347415,
            0.2982457408806505,
            0.18614312965427884
        ],
        "prompts": [
            "N/A",
            "N/A",
            "N/A",
            "N/A"
        ],
        "explanations": [
            "Calculated theta: 0.3333 based on sheep population: 110.00",
            "Calculated theta: 0.3333 based on sheep population: 110.00",
            "Calculated theta: 0.2982 based on sheep population: 93.50",
            "Calculated theta: 0.1861 based on sheep population: 50.32"
        ],
        "vocalizations": [
            "Calculated theta: 0.3333 based on sheep population: 110.00",
            "Calculated theta: 0.3333 based on sheep population: 110.00",
            "Calculated theta: 0.2982 based on sheep population: 93.50",
            "Calculated theta: 0.1861 based on sheep population: 50.32"
        ]
    }
}