{
    "wolf_id": 1865,
    "beta": 0.1,
    "gamma": 1.5,
    "delta": 0.75,
    "alive": false,
    "born_at_step": 422,
    "died_at_step": 434,
    "thetas": [
        0.37284829914207784,
        0.15403471137335106,
        0.13914519180647275,
        0.16569107211937537,
        0.21153050061645956,
        0.27372156772268996,
        0.33333353535347415,
        0.33333353535347415,
        0.33333353535347415,
        0.33333353535347415,
        0.33333353535347415,
        0.2982457408806505,
        0.1923915913046375
    ],
    "decision_history": {
        "history_steps": [
            423,
            424,
            425,
            426,
            427,
            428,
            429,
            430,
            431,
            432,
            433,
            434
        ],
        "new_thetas": [
            0.15403471137335106,
            0.13914519180647275,
            0.16569107211937537,
            0.21153050061645956,
            0.27372156772268996,
            0.33333353535347415,
            0.33333353535347415,
            0.33333353535347415,
            0.33333353535347415,
            0.33333353535347415,
            0.2982457408806505,
            0.1923915913046375
        ],
        "prompts": [
            "N/A",
            "N/A",
            "N/A",
            "N/A",
            "N/A",
            "N/A",
            "N/A",
            "N/A",
            "N/A",
            "N/A",
            "N/A",
            "N/A"
        ],
        "explanations": [
            "Calculated theta: 0.1540 based on sheep population: 40.06",
            "Calculated theta: 0.1391 based on sheep population: 35.56",
            "Calculated theta: 0.1657 based on sheep population: 43.69",
            "Calculated theta: 0.2115 based on sheep population: 59.02",
            "Calculated theta: 0.2737 based on sheep population: 82.91",
            "Calculated theta: 0.3333 based on sheep population: 110.00",
            "Calculated theta: 0.3333 based on sheep population: 110.00",
            "Calculated theta: 0.3333 based on sheep population: 110.00",
            "Calculated theta: 0.3333 based on sheep population: 110.00",
            "Calculated theta: 0.3333 based on sheep population: 110.00",
            "Calculated theta: 0.2982 based on sheep population: 93.50",
            "Calculated theta: 0.1924 based on sheep population: 52.41"
        ],
        "vocalizations": [
            "Calculated theta: 0.1540 based on sheep population: 40.06",
            "Calculated theta: 0.1391 based on sheep population: 35.56",
            "Calculated theta: 0.1657 based on sheep population: 43.69",
            "Calculated theta: 0.2115 based on sheep population: 59.02",
            "Calculated theta: 0.2737 based on sheep population: 82.91",
            "Calculated theta: 0.3333 based on sheep population: 110.00",
            "Calculated theta: 0.3333 based on sheep population: 110.00",
            "Calculated theta: 0.3333 based on sheep population: 110.00",
            "Calculated theta: 0.3333 based on sheep population: 110.00",
            "Calculated theta: 0.3333 based on sheep population: 110.00",
            "Calculated theta: 0.2982 based on sheep population: 93.50",
            "Calculated theta: 0.1924 based on sheep population: 52.41"
        ]
    }
}