{
    "wolf_id": 2158,
    "beta": 0.1,
    "gamma": 1.5,
    "delta": 0.75,
    "alive": true,
    "born_at_step": 488,
    "died_at_step": null,
    "thetas": [
        0.48043961974285765,
        0.15403471137335106,
        0.13914519180647275,
        0.16569107211937537,
        0.21153050061645956,
        0.27372156772268996,
        0.33333353535347415,
        0.33333353535347415,
        0.33333353535347415,
        0.33333353535347415,
        0.33333353535347415,
        0.2982457408806505
    ],
    "decision_history": {
        "history_steps": [
            489,
            490,
            491,
            492,
            493,
            494,
            495,
            496,
            497,
            498,
            499
        ],
        "new_thetas": [
            0.15403471137335106,
            0.13914519180647275,
            0.16569107211937537,
            0.21153050061645956,
            0.27372156772268996,
            0.33333353535347415,
            0.33333353535347415,
            0.33333353535347415,
            0.33333353535347415,
            0.33333353535347415,
            0.2982457408806505
        ],
        "prompts": [
            "N/A",
            "N/A",
            "N/A",
            "N/A",
            "N/A",
            "N/A",
            "N/A",
            "N/A",
            "N/A",
            "N/A",
            "N/A"
        ],
        "explanations": [
            "Calculated theta: 0.1540 based on sheep population: 40.06",
            "Calculated theta: 0.1391 based on sheep population: 35.56",
            "Calculated theta: 0.1657 based on sheep population: 43.69",
            "Calculated theta: 0.2115 based on sheep population: 59.02",
            "Calculated theta: 0.2737 based on sheep population: 82.91",
            "Calculated theta: 0.3333 based on sheep population: 110.00",
            "Calculated theta: 0.3333 based on sheep population: 110.00",
            "Calculated theta: 0.3333 based on sheep population: 110.00",
            "Calculated theta: 0.3333 based on sheep population: 110.00",
            "Calculated theta: 0.3333 based on sheep population: 110.00",
            "Calculated theta: 0.2982 based on sheep population: 93.50"
        ],
        "vocalizations": [
            "Calculated theta: 0.1540 based on sheep population: 40.06",
            "Calculated theta: 0.1391 based on sheep population: 35.56",
            "Calculated theta: 0.1657 based on sheep population: 43.69",
            "Calculated theta: 0.2115 based on sheep population: 59.02",
            "Calculated theta: 0.2737 based on sheep population: 82.91",
            "Calculated theta: 0.3333 based on sheep population: 110.00",
            "Calculated theta: 0.3333 based on sheep population: 110.00",
            "Calculated theta: 0.3333 based on sheep population: 110.00",
            "Calculated theta: 0.3333 based on sheep population: 110.00",
            "Calculated theta: 0.3333 based on sheep population: 110.00",
            "Calculated theta: 0.2982 based on sheep population: 93.50"
        ]
    }
}