{
    "wolf_id": 9,
    "beta": 0.1,
    "gamma": 1.5,
    "delta": 0.75,
    "alive": false,
    "born_at_step": 0,
    "died_at_step": 15,
    "thetas": [
        0.5,
        0.0717303494808652,
        0.10051918130860282,
        0.14170528708398977,
        0.19736514373610792,
        0.2675091420757999,
        0.33333353535347415,
        0.33333353535347415,
        0.33333353535347415,
        0.33333353535347415,
        0.33333353535347415,
        0.33333353535347415,
        0.33333353535347415,
        0.33333353535347415,
        0.33333353535347415,
        0.32773122596631765,
        0.24462140332667665
    ],
    "decision_history": {
        "history_steps": [
            0,
            1,
            2,
            3,
            4,
            5,
            6,
            7,
            8,
            9,
            10,
            11,
            12,
            13,
            14,
            15
        ],
        "new_thetas": [
            0.0717303494808652,
            0.10051918130860282,
            0.14170528708398977,
            0.19736514373610792,
            0.2675091420757999,
            0.33333353535347415,
            0.33333353535347415,
            0.33333353535347415,
            0.33333353535347415,
            0.33333353535347415,
            0.33333353535347415,
            0.33333353535347415,
            0.33333353535347415,
            0.33333353535347415,
            0.32773122596631765,
            0.24462140332667665
        ],
        "prompts": [
            "N/A",
            "N/A",
            "N/A",
            "N/A",
            "N/A",
            "N/A",
            "N/A",
            "N/A",
            "N/A",
            "N/A",
            "N/A",
            "N/A",
            "N/A",
            "N/A",
            "N/A",
            "N/A"
        ],
        "explanations": [
            "Calculated theta: 0.0717 based on sheep population: 17.00",
            "Calculated theta: 0.1005 based on sheep population: 24.59",
            "Calculated theta: 0.1417 based on sheep population: 36.32",
            "Calculated theta: 0.1974 based on sheep population: 54.10",
            "Calculated theta: 0.2675 based on sheep population: 80.34",
            "Calculated theta: 0.3333 based on sheep population: 110.00",
            "Calculated theta: 0.3333 based on sheep population: 110.00",
            "Calculated theta: 0.3333 based on sheep population: 110.00",
            "Calculated theta: 0.3333 based on sheep population: 110.00",
            "Calculated theta: 0.3333 based on sheep population: 110.00",
            "Calculated theta: 0.3333 based on sheep population: 110.00",
            "Calculated theta: 0.3333 based on sheep population: 110.00",
            "Calculated theta: 0.3333 based on sheep population: 110.00",
            "Calculated theta: 0.3333 based on sheep population: 110.00",
            "Calculated theta: 0.3277 based on sheep population: 107.25",
            "Calculated theta: 0.2446 based on sheep population: 71.24"
        ],
        "vocalizations": [
            "Calculated theta: 0.0717 based on sheep population: 17.00",
            "Calculated theta: 0.1005 based on sheep population: 24.59",
            "Calculated theta: 0.1417 based on sheep population: 36.32",
            "Calculated theta: 0.1974 based on sheep population: 54.10",
            "Calculated theta: 0.2675 based on sheep population: 80.34",
            "Calculated theta: 0.3333 based on sheep population: 110.00",
            "Calculated theta: 0.3333 based on sheep population: 110.00",
            "Calculated theta: 0.3333 based on sheep population: 110.00",
            "Calculated theta: 0.3333 based on sheep population: 110.00",
            "Calculated theta: 0.3333 based on sheep population: 110.00",
            "Calculated theta: 0.3333 based on sheep population: 110.00",
            "Calculated theta: 0.3333 based on sheep population: 110.00",
            "Calculated theta: 0.3333 based on sheep population: 110.00",
            "Calculated theta: 0.3333 based on sheep population: 110.00",
            "Calculated theta: 0.3277 based on sheep population: 107.25",
            "Calculated theta: 0.2446 based on sheep population: 71.24"
        ]
    }
}