{
    "wolf_id": 451,
    "beta": 0.1,
    "gamma": 1.5,
    "delta": 0.75,
    "alive": false,
    "born_at_step": 103,
    "died_at_step": 115,
    "thetas": [
        0.37730846010903263,
        0.1665083964133922,
        0.14158679634232757,
        0.16431043883422078,
        0.20850147775654693,
        0.2680982897982841,
        0.33333353535347415,
        0.33333353535347415,
        0.33333353535347415,
        0.33333353535347415,
        0.33333353535347415,
        0.26605516421688713,
        0.15403471137335106
    ],
    "decision_history": {
        "history_steps": [
            104,
            105,
            106,
            107,
            108,
            109,
            110,
            111,
            112,
            113,
            114,
            115
        ],
        "new_thetas": [
            0.1665083964133922,
            0.14158679634232757,
            0.16431043883422078,
            0.20850147775654693,
            0.2680982897982841,
            0.33333353535347415,
            0.33333353535347415,
            0.33333353535347415,
            0.33333353535347415,
            0.33333353535347415,
            0.26605516421688713,
            0.15403471137335106
        ],
        "prompts": [
            "N/A",
            "N/A",
            "N/A",
            "N/A",
            "N/A",
            "N/A",
            "N/A",
            "N/A",
            "N/A",
            "N/A",
            "N/A",
            "N/A"
        ],
        "explanations": [
            "Calculated theta: 0.1665 based on sheep population: 43.95",
            "Calculated theta: 0.1416 based on sheep population: 36.29",
            "Calculated theta: 0.1643 based on sheep population: 43.26",
            "Calculated theta: 0.2085 based on sheep population: 57.95",
            "Calculated theta: 0.2681 based on sheep population: 80.59",
            "Calculated theta: 0.3333 based on sheep population: 110.00",
            "Calculated theta: 0.3333 based on sheep population: 110.00",
            "Calculated theta: 0.3333 based on sheep population: 110.00",
            "Calculated theta: 0.3333 based on sheep population: 110.00",
            "Calculated theta: 0.3333 based on sheep population: 110.00",
            "Calculated theta: 0.2661 based on sheep population: 79.75",
            "Calculated theta: 0.1540 based on sheep population: 40.06"
        ],
        "vocalizations": [
            "Calculated theta: 0.1665 based on sheep population: 43.95",
            "Calculated theta: 0.1416 based on sheep population: 36.29",
            "Calculated theta: 0.1643 based on sheep population: 43.26",
            "Calculated theta: 0.2085 based on sheep population: 57.95",
            "Calculated theta: 0.2681 based on sheep population: 80.59",
            "Calculated theta: 0.3333 based on sheep population: 110.00",
            "Calculated theta: 0.3333 based on sheep population: 110.00",
            "Calculated theta: 0.3333 based on sheep population: 110.00",
            "Calculated theta: 0.3333 based on sheep population: 110.00",
            "Calculated theta: 0.3333 based on sheep population: 110.00",
            "Calculated theta: 0.2661 based on sheep population: 79.75",
            "Calculated theta: 0.1540 based on sheep population: 40.06"
        ]
    }
}