{
    "wolf_id": 429,
    "beta": 0.1,
    "gamma": 1.5,
    "delta": 0.75,
    "alive": false,
    "born_at_step": 101,
    "died_at_step": 105,
    "thetas": [
        0.4871767062799979,
        0.33333353535347415,
        0.27927940126860445,
        0.1665083964133922,
        0.14158679634232757
    ],
    "decision_history": {
        "history_steps": [
            102,
            103,
            104,
            105
        ],
        "new_thetas": [
            0.33333353535347415,
            0.27927940126860445,
            0.1665083964133922,
            0.14158679634232757
        ],
        "prompts": [
            "N/A",
            "N/A",
            "N/A",
            "N/A"
        ],
        "explanations": [
            "Calculated theta: 0.3333 based on sheep population: 110.00",
            "Calculated theta: 0.2793 based on sheep population: 85.25",
            "Calculated theta: 0.1665 based on sheep population: 43.95",
            "Calculated theta: 0.1416 based on sheep population: 36.29"
        ],
        "vocalizations": [
            "Calculated theta: 0.3333 based on sheep population: 110.00",
            "Calculated theta: 0.2793 based on sheep population: 85.25",
            "Calculated theta: 0.1665 based on sheep population: 43.95",
            "Calculated theta: 0.1416 based on sheep population: 36.29"
        ]
    }
}