{
    "wolf_id": 1625,
    "beta": 0.1,
    "gamma": 1.5,
    "delta": 0.75,
    "alive": false,
    "born_at_step": 373,
    "died_at_step": 379,
    "thetas": [
        0.3708897261917977,
        0.33333353535347415,
        0.33333353535347415,
        0.33333353535347415,
        0.33333353535347415,
        0.2982457408806505,
        0.1923915913046375
    ],
    "decision_history": {
        "history_steps": [
            374,
            375,
            376,
            377,
            378,
            379
        ],
        "new_thetas": [
            0.33333353535347415,
            0.33333353535347415,
            0.33333353535347415,
            0.33333353535347415,
            0.2982457408806505,
            0.1923915913046375
        ],
        "prompts": [
            "N/A",
            "N/A",
            "N/A",
            "N/A",
            "N/A",
            "N/A"
        ],
        "explanations": [
            "Calculated theta: 0.3333 based on sheep population: 110.00",
            "Calculated theta: 0.3333 based on sheep population: 110.00",
            "Calculated theta: 0.3333 based on sheep population: 110.00",
            "Calculated theta: 0.3333 based on sheep population: 110.00",
            "Calculated theta: 0.2982 based on sheep population: 93.50",
            "Calculated theta: 0.1924 based on sheep population: 52.41"
        ],
        "vocalizations": [
            "Calculated theta: 0.3333 based on sheep population: 110.00",
            "Calculated theta: 0.3333 based on sheep population: 110.00",
            "Calculated theta: 0.3333 based on sheep population: 110.00",
            "Calculated theta: 0.3333 based on sheep population: 110.00",
            "Calculated theta: 0.2982 based on sheep population: 93.50",
            "Calculated theta: 0.1924 based on sheep population: 52.41"
        ]
    }
}