{
    "wolf_id": 1414,
    "beta": 0.1,
    "gamma": 1.5,
    "delta": 0.75,
    "alive": false,
    "born_at_step": 322,
    "died_at_step": 325,
    "thetas": [
        0.4964618070788538,
        0.2982457408806505,
        0.1923915913046375,
        0.14403921414159163
    ],
    "decision_history": {
        "history_steps": [
            323,
            324,
            325
        ],
        "new_thetas": [
            0.2982457408806505,
            0.1923915913046375,
            0.14403921414159163
        ],
        "prompts": [
            "N/A",
            "N/A",
            "N/A"
        ],
        "explanations": [
            "Calculated theta: 0.2982 based on sheep population: 93.50",
            "Calculated theta: 0.1924 based on sheep population: 52.41",
            "Calculated theta: 0.1440 based on sheep population: 37.02"
        ],
        "vocalizations": [
            "Calculated theta: 0.2982 based on sheep population: 93.50",
            "Calculated theta: 0.1924 based on sheep population: 52.41",
            "Calculated theta: 0.1440 based on sheep population: 37.02"
        ]
    }
}