{
    "wolf_id": 46,
    "beta": 0.1,
    "gamma": 1.5,
    "delta": 0.75,
    "alive": false,
    "born_at_step": 14,
    "died_at_step": 17,
    "thetas": [
        0.24356902902298128,
        0.24462140332667665,
        0.14593247519671124,
        0.1413838667640105
    ],
    "decision_history": {
        "history_steps": [
            15,
            16,
            17
        ],
        "new_thetas": [
            0.24462140332667665,
            0.14593247519671124,
            0.1413838667640105
        ],
        "prompts": [
            "N/A",
            "N/A",
            "N/A"
        ],
        "explanations": [
            "Calculated theta: 0.2446 based on sheep population: 71.24",
            "Calculated theta: 0.1459 based on sheep population: 37.59",
            "Calculated theta: 0.1414 based on sheep population: 36.23"
        ],
        "vocalizations": [
            "Calculated theta: 0.2446 based on sheep population: 71.24",
            "Calculated theta: 0.1459 based on sheep population: 37.59",
            "Calculated theta: 0.1414 based on sheep population: 36.23"
        ]
    }
}