{
    "wolf_id": 1331,
    "beta": 0.1,
    "gamma": 1.5,
    "delta": 0.75,
    "alive": false,
    "born_at_step": 301,
    "died_at_step": 313,
    "thetas": [
        0.00976515689610824,
        0.15403471137335106,
        0.13914519180647275,
        0.16569107211937537,
        0.21306178948691315,
        0.27544780125531937,
        0.33333353535347415,
        0.33333353535347415,
        0.33333353535347415,
        0.33333353535347415,
        0.33333353535347415,
        0.26605516421688713,
        0.15403471137335106
    ],
    "decision_history": {
        "history_steps": [
            302,
            303,
            304,
            305,
            306,
            307,
            308,
            309,
            310,
            311,
            312,
            313
        ],
        "new_thetas": [
            0.15403471137335106,
            0.13914519180647275,
            0.16569107211937537,
            0.21306178948691315,
            0.27544780125531937,
            0.33333353535347415,
            0.33333353535347415,
            0.33333353535347415,
            0.33333353535347415,
            0.33333353535347415,
            0.26605516421688713,
            0.15403471137335106
        ],
        "prompts": [
            "N/A",
            "N/A",
            "N/A",
            "N/A",
            "N/A",
            "N/A",
            "N/A",
            "N/A",
            "N/A",
            "N/A",
            "N/A",
            "N/A"
        ],
        "explanations": [
            "Calculated theta: 0.1540 based on sheep population: 40.06",
            "Calculated theta: 0.1391 based on sheep population: 35.56",
            "Calculated theta: 0.1657 based on sheep population: 43.69",
            "Calculated theta: 0.2131 based on sheep population: 59.56",
            "Calculated theta: 0.2754 based on sheep population: 83.64",
            "Calculated theta: 0.3333 based on sheep population: 110.00",
            "Calculated theta: 0.3333 based on sheep population: 110.00",
            "Calculated theta: 0.3333 based on sheep population: 110.00",
            "Calculated theta: 0.3333 based on sheep population: 110.00",
            "Calculated theta: 0.3333 based on sheep population: 110.00",
            "Calculated theta: 0.2661 based on sheep population: 79.75",
            "Calculated theta: 0.1540 based on sheep population: 40.06"
        ],
        "vocalizations": [
            "Calculated theta: 0.1540 based on sheep population: 40.06",
            "Calculated theta: 0.1391 based on sheep population: 35.56",
            "Calculated theta: 0.1657 based on sheep population: 43.69",
            "Calculated theta: 0.2131 based on sheep population: 59.56",
            "Calculated theta: 0.2754 based on sheep population: 83.64",
            "Calculated theta: 0.3333 based on sheep population: 110.00",
            "Calculated theta: 0.3333 based on sheep population: 110.00",
            "Calculated theta: 0.3333 based on sheep population: 110.00",
            "Calculated theta: 0.3333 based on sheep population: 110.00",
            "Calculated theta: 0.3333 based on sheep population: 110.00",
            "Calculated theta: 0.2661 based on sheep population: 79.75",
            "Calculated theta: 0.1540 based on sheep population: 40.06"
        ]
    }
}