{
    "wolf_id": 216,
    "beta": 0.1,
    "gamma": 1.5,
    "delta": 0.75,
    "alive": false,
    "born_at_step": 55,
    "died_at_step": 60,
    "thetas": [
        0.5357716259489601,
        0.33333353535347415,
        0.33333353535347415,
        0.33333353535347415,
        0.2727273929376575,
        0.162702310723365
    ],
    "decision_history": {
        "history_steps": [
            56,
            57,
            58,
            59,
            60
        ],
        "new_thetas": [
            0.33333353535347415,
            0.33333353535347415,
            0.33333353535347415,
            0.2727273929376575,
            0.162702310723365
        ],
        "prompts": [
            "N/A",
            "N/A",
            "N/A",
            "N/A",
            "N/A"
        ],
        "explanations": [
            "Calculated theta: 0.3333 based on sheep population: 110.00",
            "Calculated theta: 0.3333 based on sheep population: 110.00",
            "Calculated theta: 0.3333 based on sheep population: 110.00",
            "Calculated theta: 0.2727 based on sheep population: 82.50",
            "Calculated theta: 0.1627 based on sheep population: 42.75"
        ],
        "vocalizations": [
            "Calculated theta: 0.3333 based on sheep population: 110.00",
            "Calculated theta: 0.3333 based on sheep population: 110.00",
            "Calculated theta: 0.3333 based on sheep population: 110.00",
            "Calculated theta: 0.2727 based on sheep population: 82.50",
            "Calculated theta: 0.1627 based on sheep population: 42.75"
        ]
    }
}