{
    "wolf_id": 252,
    "beta": 0.1,
    "gamma": 1.5,
    "delta": 0.75,
    "alive": false,
    "born_at_step": 58,
    "died_at_step": 62,
    "thetas": [
        0.7536745433461507,
        0.2727273929376575,
        0.162702310723365,
        0.14222274547211852,
        0.1661005754343417
    ],
    "decision_history": {
        "history_steps": [
            59,
            60,
            61,
            62
        ],
        "new_thetas": [
            0.2727273929376575,
            0.162702310723365,
            0.14222274547211852,
            0.1661005754343417
        ],
        "prompts": [
            "N/A",
            "N/A",
            "N/A",
            "N/A"
        ],
        "explanations": [
            "Calculated theta: 0.2727 based on sheep population: 82.50",
            "Calculated theta: 0.1627 based on sheep population: 42.75",
            "Calculated theta: 0.1422 based on sheep population: 36.48",
            "Calculated theta: 0.1661 based on sheep population: 43.82"
        ],
        "vocalizations": [
            "Calculated theta: 0.2727 based on sheep population: 82.50",
            "Calculated theta: 0.1627 based on sheep population: 42.75",
            "Calculated theta: 0.1422 based on sheep population: 36.48",
            "Calculated theta: 0.1661 based on sheep population: 43.82"
        ]
    }
}