{
    "wolf_id": 9,
    "beta": 0.1,
    "gamma": 1.5,
    "delta": 0.75,
    "alive": false,
    "born_at_step": 0,
    "died_at_step": 19,
    "thetas": [
        0.5,
        0.019608035370973456,
        0.021485308073796196,
        0.02353862221557566,
        0.02578427249414218,
        0.028247208515581455,
        0.03093349967795688,
        0.03387120984664213,
        0.0370840967730922,
        0.040598392590896884,
        0.04442587666229302,
        0.04859061236808634,
        0.05314225164855716,
        0.05808923880876319,
        0.06345998614074069,
        0.06932480447323235,
        0.07568372770724752,
        0.08256936220814709,
        0.09001479142842186,
        0.0980532402478527,
        0.10671767447306538
    ],
    "decision_history": {
        "history_steps": [
            0,
            1,
            2,
            3,
            4,
            5,
            6,
            7,
            8,
            9,
            10,
            11,
            12,
            13,
            14,
            15,
            16,
            17,
            18,
            19
        ],
        "new_thetas": [
            0.019608035370973456,
            0.021485308073796196,
            0.02353862221557566,
            0.02578427249414218,
            0.028247208515581455,
            0.03093349967795688,
            0.03387120984664213,
            0.0370840967730922,
            0.040598392590896884,
            0.04442587666229302,
            0.04859061236808634,
            0.05314225164855716,
            0.05808923880876319,
            0.06345998614074069,
            0.06932480447323235,
            0.07568372770724752,
            0.08256936220814709,
            0.09001479142842186,
            0.0980532402478527,
            0.10671767447306538
        ],
        "prompts": [
            "N/A",
            "N/A",
            "N/A",
            "N/A",
            "N/A",
            "N/A",
            "N/A",
            "N/A",
            "N/A",
            "N/A",
            "N/A",
            "N/A",
            "N/A",
            "N/A",
            "N/A",
            "N/A",
            "N/A",
            "N/A",
            "N/A",
            "N/A"
        ],
        "explanations": [
            "Calculated theta: 0.0196 based on sheep population: 10.00",
            "Calculated theta: 0.0215 based on sheep population: 10.98",
            "Calculated theta: 0.0235 based on sheep population: 12.05",
            "Calculated theta: 0.0258 based on sheep population: 13.23",
            "Calculated theta: 0.0282 based on sheep population: 14.53",
            "Calculated theta: 0.0309 based on sheep population: 15.96",
            "Calculated theta: 0.0339 based on sheep population: 17.53",
            "Calculated theta: 0.0371 based on sheep population: 19.26",
            "Calculated theta: 0.0406 based on sheep population: 21.16",
            "Calculated theta: 0.0444 based on sheep population: 23.25",
            "Calculated theta: 0.0486 based on sheep population: 25.54",
            "Calculated theta: 0.0531 based on sheep population: 28.06",
            "Calculated theta: 0.0581 based on sheep population: 30.84",
            "Calculated theta: 0.0635 based on sheep population: 33.88",
            "Calculated theta: 0.0693 based on sheep population: 37.24",
            "Calculated theta: 0.0757 based on sheep population: 40.94",
            "Calculated theta: 0.0826 based on sheep population: 45.00",
            "Calculated theta: 0.0900 based on sheep population: 49.46",
            "Calculated theta: 0.0981 based on sheep population: 54.36",
            "Calculated theta: 0.1067 based on sheep population: 59.73"
        ],
        "vocalizations": [
            "Calculated theta: 0.0196 based on sheep population: 10.00",
            "Calculated theta: 0.0215 based on sheep population: 10.98",
            "Calculated theta: 0.0235 based on sheep population: 12.05",
            "Calculated theta: 0.0258 based on sheep population: 13.23",
            "Calculated theta: 0.0282 based on sheep population: 14.53",
            "Calculated theta: 0.0309 based on sheep population: 15.96",
            "Calculated theta: 0.0339 based on sheep population: 17.53",
            "Calculated theta: 0.0371 based on sheep population: 19.26",
            "Calculated theta: 0.0406 based on sheep population: 21.16",
            "Calculated theta: 0.0444 based on sheep population: 23.25",
            "Calculated theta: 0.0486 based on sheep population: 25.54",
            "Calculated theta: 0.0531 based on sheep population: 28.06",
            "Calculated theta: 0.0581 based on sheep population: 30.84",
            "Calculated theta: 0.0635 based on sheep population: 33.88",
            "Calculated theta: 0.0693 based on sheep population: 37.24",
            "Calculated theta: 0.0757 based on sheep population: 40.94",
            "Calculated theta: 0.0826 based on sheep population: 45.00",
            "Calculated theta: 0.0900 based on sheep population: 49.46",
            "Calculated theta: 0.0981 based on sheep population: 54.36",
            "Calculated theta: 0.1067 based on sheep population: 59.73"
        ]
    }
}