{
    "wolf_id": 2,
    "beta": 0.1,
    "gamma": 1.5,
    "delta": 0.75,
    "alive": false,
    "born_at_step": 0,
    "died_at_step": 2,
    "thetas": [
        0.5,
        0.019608035370973456,
        0.021485308073796196,
        0.02353862221557566
    ],
    "decision_history": {
        "history_steps": [
            0,
            1,
            2
        ],
        "new_thetas": [
            0.019608035370973456,
            0.021485308073796196,
            0.02353862221557566
        ],
        "prompts": [
            "N/A",
            "N/A",
            "N/A"
        ],
        "explanations": [
            "Calculated theta: 0.0196 based on sheep population: 10.00",
            "Calculated theta: 0.0215 based on sheep population: 10.98",
            "Calculated theta: 0.0235 based on sheep population: 12.05"
        ],
        "vocalizations": [
            "Calculated theta: 0.0196 based on sheep population: 10.00",
            "Calculated theta: 0.0215 based on sheep population: 10.98",
            "Calculated theta: 0.0235 based on sheep population: 12.05"
        ]
    }
}