{
    "wolf_id": 23,
    "beta": 0.1,
    "gamma": 1.5,
    "delta": 0.75,
    "alive": false,
    "born_at_step": 43,
    "died_at_step": 72,
    "thetas": [
        0.5,
        0.6660734494641903,
        0.6621969199919616,
        0.6567806906798318,
        0.6481691728267421,
        0.6364514618904746,
        0.6235069425795534,
        0.6094447150812696,
        0.5926638041123309,
        0.576869452436291,
        0.5603895297873901,
        0.5450225016178869,
        0.5307314860726887,
        0.5190010567770129,
        0.509579381927827,
        0.5022430390790735,
        0.4967985573677804,
        0.4930813488130711,
        0.49095339372152225,
        0.4916500147823444,
        0.49365685230772777,
        0.4969143176158405,
        0.5013764805820662,
        0.5056575757909166,
        0.5111278197988501,
        0.5177604193789829,
        0.5255368553401839,
        0.5330531499278479,
        0.5417253666618695,
        0.5501214687627743
    ],
    "decision_history": {
        "history_steps": [
            44,
            45,
            46,
            47,
            48,
            49,
            50,
            51,
            52,
            53,
            54,
            55,
            56,
            57,
            58,
            59,
            60,
            61,
            62,
            63,
            64,
            65,
            66,
            67,
            68,
            69,
            70,
            71,
            72
        ],
        "new_thetas": [
            0.6660734494641903,
            0.6621969199919616,
            0.6567806906798318,
            0.6481691728267421,
            0.6364514618904746,
            0.6235069425795534,
            0.6094447150812696,
            0.5926638041123309,
            0.576869452436291,
            0.5603895297873901,
            0.5450225016178869,
            0.5307314860726887,
            0.5190010567770129,
            0.509579381927827,
            0.5022430390790735,
            0.4967985573677804,
            0.4930813488130711,
            0.49095339372152225,
            0.4916500147823444,
            0.49365685230772777,
            0.4969143176158405,
            0.5013764805820662,
            0.5056575757909166,
            0.5111278197988501,
            0.5177604193789829,
            0.5255368553401839,
            0.5330531499278479,
            0.5417253666618695,
            0.5501214687627743
        ],
        "prompts": [
            "N/A",
            "N/A",
            "N/A",
            "N/A",
            "N/A",
            "N/A",
            "N/A",
            "N/A",
            "N/A",
            "N/A",
            "N/A",
            "N/A",
            "N/A",
            "N/A",
            "N/A",
            "N/A",
            "N/A",
            "N/A",
            "N/A",
            "N/A",
            "N/A",
            "N/A",
            "N/A",
            "N/A",
            "N/A",
            "N/A",
            "N/A",
            "N/A",
            "N/A"
        ],
        "explanations": [
            "Calculated theta: 0.6661 based on sheep population: 49.87",
            "Calculated theta: 0.6622 based on sheep population: 49.01",
            "Calculated theta: 0.6568 based on sheep population: 47.84",
            "Calculated theta: 0.6482 based on sheep population: 46.06",
            "Calculated theta: 0.6365 based on sheep population: 43.77",
            "Calculated theta: 0.6235 based on sheep population: 41.40",
            "Calculated theta: 0.6094 based on sheep population: 39.01",
            "Calculated theta: 0.5927 based on sheep population: 36.37",
            "Calculated theta: 0.5769 based on sheep population: 34.08",
            "Calculated theta: 0.5604 based on sheep population: 31.87",
            "Calculated theta: 0.5450 based on sheep population: 29.95",
            "Calculated theta: 0.5307 based on sheep population: 28.27",
            "Calculated theta: 0.5190 based on sheep population: 26.98",
            "Calculated theta: 0.5096 based on sheep population: 25.98",
            "Calculated theta: 0.5022 based on sheep population: 25.23",
            "Calculated theta: 0.4968 based on sheep population: 24.68",
            "Calculated theta: 0.4931 based on sheep population: 24.32",
            "Calculated theta: 0.4910 based on sheep population: 24.11",
            "Calculated theta: 0.4917 based on sheep population: 24.18",
            "Calculated theta: 0.4937 based on sheep population: 24.37",
            "Calculated theta: 0.4969 based on sheep population: 24.69",
            "Calculated theta: 0.5014 based on sheep population: 25.14",
            "Calculated theta: 0.5057 based on sheep population: 25.57",
            "Calculated theta: 0.5111 based on sheep population: 26.14",
            "Calculated theta: 0.5178 based on sheep population: 26.84",
            "Calculated theta: 0.5255 based on sheep population: 27.69",
            "Calculated theta: 0.5331 based on sheep population: 28.54",
            "Calculated theta: 0.5417 based on sheep population: 29.55",
            "Calculated theta: 0.5501 based on sheep population: 30.57"
        ],
        "vocalizations": [
            "Calculated theta: 0.6661 based on sheep population: 49.87",
            "Calculated theta: 0.6622 based on sheep population: 49.01",
            "Calculated theta: 0.6568 based on sheep population: 47.84",
            "Calculated theta: 0.6482 based on sheep population: 46.06",
            "Calculated theta: 0.6365 based on sheep population: 43.77",
            "Calculated theta: 0.6235 based on sheep population: 41.40",
            "Calculated theta: 0.6094 based on sheep population: 39.01",
            "Calculated theta: 0.5927 based on sheep population: 36.37",
            "Calculated theta: 0.5769 based on sheep population: 34.08",
            "Calculated theta: 0.5604 based on sheep population: 31.87",
            "Calculated theta: 0.5450 based on sheep population: 29.95",
            "Calculated theta: 0.5307 based on sheep population: 28.27",
            "Calculated theta: 0.5190 based on sheep population: 26.98",
            "Calculated theta: 0.5096 based on sheep population: 25.98",
            "Calculated theta: 0.5022 based on sheep population: 25.23",
            "Calculated theta: 0.4968 based on sheep population: 24.68",
            "Calculated theta: 0.4931 based on sheep population: 24.32",
            "Calculated theta: 0.4910 based on sheep population: 24.11",
            "Calculated theta: 0.4917 based on sheep population: 24.18",
            "Calculated theta: 0.4937 based on sheep population: 24.37",
            "Calculated theta: 0.4969 based on sheep population: 24.69",
            "Calculated theta: 0.5014 based on sheep population: 25.14",
            "Calculated theta: 0.5057 based on sheep population: 25.57",
            "Calculated theta: 0.5111 based on sheep population: 26.14",
            "Calculated theta: 0.5178 based on sheep population: 26.84",
            "Calculated theta: 0.5255 based on sheep population: 27.69",
            "Calculated theta: 0.5331 based on sheep population: 28.54",
            "Calculated theta: 0.5417 based on sheep population: 29.55",
            "Calculated theta: 0.5501 based on sheep population: 30.57"
        ]
    }
}