{
    "wolf_id": 95,
    "beta": 0.1,
    "gamma": 1.5,
    "delta": 0.75,
    "alive": false,
    "born_at_step": 352,
    "died_at_step": 424,
    "thetas": [
        0.5,
        0.6231970213955375,
        0.6225318883720171,
        0.6218921718415648,
        0.6196562273192225,
        0.6175090149815399,
        0.6138188901346989,
        0.6086454743018737,
        0.6036978863322771,
        0.5973356045805632,
        0.591270196183055,
        0.583869299574494,
        0.5768398642547884,
        0.5701690170305466,
        0.5638432391181789,
        0.5578486135101837,
        0.5521710310866323,
        0.5467963600096097,
        0.5417105829099614,
        0.5384055473308414,
        0.5367583625903425,
        0.5351920336527438,
        0.5351719054835193,
        0.5351527136113357,
        0.5365943211423,
        0.537972609781499,
        0.5407482552020914,
        0.5434089819505115,
        0.5474214065659287,
        0.5512772372908075,
        0.5564530062464003,
        0.5614380312918437,
        0.5662390526305555,
        0.570862689246192,
        0.5768166716972263,
        0.5825618398580201,
        0.5881052065574546,
        0.5934537063880528,
        0.5986141681279094,
        0.6035932922116318,
        0.6083976326302174,
        0.6130335826933573,
        0.6175073641408114,
        0.6202501545708174,
        0.622894206174226,
        0.6238488202760505,
        0.6247681473702333,
        0.6240431164396264,
        0.621722261336211,
        0.6194930430759342,
        0.6157209730344155,
        0.6104653293014541,
        0.6054379449213976,
        0.5989953314944966,
        0.5928520112599288,
        0.5853725800212413,
        0.5782671718142132,
        0.5715230823536495,
        0.5651269049174547,
        0.5590647868179667,
        0.5533226436958282,
        0.5478863361514434,
        0.5427418132457381,
        0.5393836216641474,
        0.536198714533615,
        0.5346598760307124,
        0.5346645044159946,
        0.5346689174632479,
        0.5361317773642662,
        0.5375303805379185,
        0.5403243338191206,
        0.5430026126140116,
        0.5470308888334706
    ],
    "decision_history": {
        "history_steps": [
            353,
            354,
            355,
            356,
            357,
            358,
            359,
            360,
            361,
            362,
            363,
            364,
            365,
            366,
            367,
            368,
            369,
            370,
            371,
            372,
            373,
            374,
            375,
            376,
            377,
            378,
            379,
            380,
            381,
            382,
            383,
            384,
            385,
            386,
            387,
            388,
            389,
            390,
            391,
            392,
            393,
            394,
            395,
            396,
            397,
            398,
            399,
            400,
            401,
            402,
            403,
            404,
            405,
            406,
            407,
            408,
            409,
            410,
            411,
            412,
            413,
            414,
            415,
            416,
            417,
            418,
            419,
            420,
            421,
            422,
            423,
            424
        ],
        "new_thetas": [
            0.6231970213955375,
            0.6225318883720171,
            0.6218921718415648,
            0.6196562273192225,
            0.6175090149815399,
            0.6138188901346989,
            0.6086454743018737,
            0.6036978863322771,
            0.5973356045805632,
            0.591270196183055,
            0.583869299574494,
            0.5768398642547884,
            0.5701690170305466,
            0.5638432391181789,
            0.5578486135101837,
            0.5521710310866323,
            0.5467963600096097,
            0.5417105829099614,
            0.5384055473308414,
            0.5367583625903425,
            0.5351920336527438,
            0.5351719054835193,
            0.5351527136113357,
            0.5365943211423,
            0.537972609781499,
            0.5407482552020914,
            0.5434089819505115,
            0.5474214065659287,
            0.5512772372908075,
            0.5564530062464003,
            0.5614380312918437,
            0.5662390526305555,
            0.570862689246192,
            0.5768166716972263,
            0.5825618398580201,
            0.5881052065574546,
            0.5934537063880528,
            0.5986141681279094,
            0.6035932922116318,
            0.6083976326302174,
            0.6130335826933573,
            0.6175073641408114,
            0.6202501545708174,
            0.622894206174226,
            0.6238488202760505,
            0.6247681473702333,
            0.6240431164396264,
            0.621722261336211,
            0.6194930430759342,
            0.6157209730344155,
            0.6104653293014541,
            0.6054379449213976,
            0.5989953314944966,
            0.5928520112599288,
            0.5853725800212413,
            0.5782671718142132,
            0.5715230823536495,
            0.5651269049174547,
            0.5590647868179667,
            0.5533226436958282,
            0.5478863361514434,
            0.5427418132457381,
            0.5393836216641474,
            0.536198714533615,
            0.5346598760307124,
            0.5346645044159946,
            0.5346689174632479,
            0.5361317773642662,
            0.5375303805379185,
            0.5403243338191206,
            0.5430026126140116,
            0.5470308888334706
        ],
        "prompts": [
            "N/A",
            "N/A",
            "N/A",
            "N/A",
            "N/A",
            "N/A",
            "N/A",
            "N/A",
            "N/A",
            "N/A",
            "N/A",
            "N/A",
            "N/A",
            "N/A",
            "N/A",
            "N/A",
            "N/A",
            "N/A",
            "N/A",
            "N/A",
            "N/A",
            "N/A",
            "N/A",
            "N/A",
            "N/A",
            "N/A",
            "N/A",
            "N/A",
            "N/A",
            "N/A",
            "N/A",
            "N/A",
            "N/A",
            "N/A",
            "N/A",
            "N/A",
            "N/A",
            "N/A",
            "N/A",
            "N/A",
            "N/A",
            "N/A",
            "N/A",
            "N/A",
            "N/A",
            "N/A",
            "N/A",
            "N/A",
            "N/A",
            "N/A",
            "N/A",
            "N/A",
            "N/A",
            "N/A",
            "N/A",
            "N/A",
            "N/A",
            "N/A",
            "N/A",
            "N/A",
            "N/A",
            "N/A",
            "N/A",
            "N/A",
            "N/A",
            "N/A",
            "N/A",
            "N/A",
            "N/A",
            "N/A",
            "N/A",
            "N/A"
        ],