{
    "wolf_id": 312,
    "beta": 0.1,
    "gamma": 1.5,
    "delta": 0.75,
    "alive": false,
    "born_at_step": 218,
    "died_at_step": 228,
    "thetas": [
        0.8643472163362115,
        0.8643472163362115,
        0.8643472163362115,
        0.8643472163362115,
        0.8643472163362115,
        0.8643472163362115,
        0.8643472163362115,
        0.8643472163362115,
        0.8643472163362115,
        0.8643472163362115,
        0.8643472163362115
    ],
    "decision_history": {
        "history_steps": [],
        "new_thetas": [],
        "prompts": [],
        "explanations": [],
        "vocalizations": []
    }
}