{
    "wolf_id": 289,
    "beta": 0.1,
    "gamma": 1.5,
    "delta": 0.75,
    "alive": false,
    "born_at_step": 217,
    "died_at_step": 226,
    "thetas": [
        0.09506340824365478,
        0.09506340824365478,
        0.09506340824365478,
        0.09506340824365478,
        0.09506340824365478,
        0.09506340824365478,
        0.09506340824365478,
        0.09506340824365478,
        0.09506340824365478,
        0.09506340824365478
    ],
    "decision_history": {
        "history_steps": [],
        "new_thetas": [],
        "prompts": [],
        "explanations": [],
        "vocalizations": []
    }
}