{
    "wolf_id": 331,
    "beta": 0.1,
    "gamma": 1.5,
    "delta": 0.75,
    "alive": false,
    "born_at_step": 219,
    "died_at_step": 231,
    "thetas": [
        0.23292959500841526,
        0.23292959500841526,
        0.23292959500841526,
        0.23292959500841526,
        0.23292959500841526,
        0.23292959500841526,
        0.23292959500841526,
        0.23292959500841526,
        0.23292959500841526,
        0.23292959500841526,
        0.23292959500841526,
        0.23292959500841526,
        0.23292959500841526
    ],
    "decision_history": {
        "history_steps": [],
        "new_thetas": [],
        "prompts": [],
        "explanations": [],
        "vocalizations": []
    }
}