{
    "wolf_id": 194,
    "beta": 0.1,
    "gamma": 1.5,
    "delta": 0.75,
    "alive": false,
    "born_at_step": 151,
    "died_at_step": 162,
    "thetas": [
        0.43251225941671423,
        0.43251225941671423,
        0.43251225941671423,
        0.43251225941671423,
        0.43251225941671423,
        0.43251225941671423,
        0.43251225941671423,
        0.43251225941671423,
        0.43251225941671423,
        0.43251225941671423,
        0.43251225941671423,
        0.43251225941671423
    ],
    "decision_history": {
        "history_steps": [],
        "new_thetas": [],
        "prompts": [],
        "explanations": [],
        "vocalizations": []
    }
}