{
    "wolf_id": 261,
    "beta": 0.1,
    "gamma": 1.5,
    "delta": 0.75,
    "alive": false,
    "born_at_step": 216,
    "died_at_step": 224,
    "thetas": [
        0.17180819761994925,
        0.17180819761994925,
        0.17180819761994925,
        0.17180819761994925,
        0.17180819761994925,
        0.17180819761994925,
        0.17180819761994925,
        0.17180819761994925,
        0.17180819761994925
    ],
    "decision_history": {
        "history_steps": [],
        "new_thetas": [],
        "prompts": [],
        "explanations": [],
        "vocalizations": []
    }
}