{
    "wolf_id": 320,
    "beta": 0.1,
    "gamma": 1.5,
    "delta": 0.75,
    "alive": false,
    "born_at_step": 219,
    "died_at_step": 229,
    "thetas": [
        0.6624274101223253,
        0.6624274101223253,
        0.6624274101223253,
        0.6624274101223253,
        0.6624274101223253,
        0.6624274101223253,
        0.6624274101223253,
        0.6624274101223253,
        0.6624274101223253,
        0.6624274101223253,
        0.6624274101223253
    ],
    "decision_history": {
        "history_steps": [],
        "new_thetas": [],
        "prompts": [],
        "explanations": [],
        "vocalizations": []
    }
}