{
    "wolf_id": 339,
    "beta": 0.1,
    "gamma": 1.5,
    "delta": 0.75,
    "alive": false,
    "born_at_step": 219,
    "died_at_step": 233,
    "thetas": [
        0.7835790966327103,
        0.7835790966327103,
        0.7835790966327103,
        0.7835790966327103,
        0.7835790966327103,
        0.7835790966327103,
        0.7835790966327103,
        0.7835790966327103,
        0.7835790966327103,
        0.7835790966327103,
        0.7835790966327103,
        0.7835790966327103,
        0.7835790966327103,
        0.7835790966327103,
        0.7835790966327103
    ],
    "decision_history": {
        "history_steps": [],
        "new_thetas": [],
        "prompts": [],
        "explanations": [],
        "vocalizations": []
    }
}