{
    "wolf_id": 310,
    "beta": 0.1,
    "gamma": 1.5,
    "delta": 0.75,
    "alive": false,
    "born_at_step": 218,
    "died_at_step": 228,
    "thetas": [
        0.15541704040729865,
        0.15541704040729865,
        0.15541704040729865,
        0.15541704040729865,
        0.15541704040729865,
        0.15541704040729865,
        0.15541704040729865,
        0.15541704040729865,
        0.15541704040729865,
        0.15541704040729865,
        0.15541704040729865
    ],
    "decision_history": {
        "history_steps": [],
        "new_thetas": [],
        "prompts": [],
        "explanations": [],
        "vocalizations": []
    }
}