{
    "wolf_id": 115,
    "beta": 0.1,
    "gamma": 1.5,
    "delta": 0.75,
    "alive": false,
    "born_at_step": 91,
    "died_at_step": 105,
    "thetas": [
        0.27847493261925016,
        0.27847493261925016,
        0.27847493261925016,
        0.27847493261925016,
        0.27847493261925016,
        0.27847493261925016,
        0.27847493261925016,
        0.27847493261925016,
        0.27847493261925016,
        0.27847493261925016,
        0.27847493261925016,
        0.27847493261925016,
        0.27847493261925016,
        0.27847493261925016,
        0.27847493261925016
    ],
    "decision_history": {
        "history_steps": [],
        "new_thetas": [],
        "prompts": [],
        "explanations": [],
        "vocalizations": []
    }
}