{
    "wolf_id": 178,
    "beta": 0.1,
    "gamma": 1.5,
    "delta": 0.75,
    "alive": false,
    "born_at_step": 149,
    "died_at_step": 160,
    "thetas": [
        0.482082037625822,
        0.482082037625822,
        0.482082037625822,
        0.482082037625822,
        0.482082037625822,
        0.482082037625822,
        0.482082037625822,
        0.482082037625822,
        0.482082037625822,
        0.482082037625822,
        0.482082037625822,
        0.482082037625822
    ],
    "decision_history": {
        "history_steps": [],
        "new_thetas": [],
        "prompts": [],
        "explanations": [],
        "vocalizations": []
    }
}