{
    "wolf_id": 92,
    "beta": 0.1,
    "gamma": 1.5,
    "delta": 0.75,
    "alive": false,
    "born_at_step": 88,
    "died_at_step": 100,
    "thetas": [
        0.8092394861440562,
        0.8092394861440562,
        0.8092394861440562,
        0.8092394861440562,
        0.8092394861440562,
        0.8092394861440562,
        0.8092394861440562,
        0.8092394861440562,
        0.8092394861440562,
        0.8092394861440562,
        0.8092394861440562,
        0.8092394861440562,
        0.8092394861440562
    ],
    "decision_history": {
        "history_steps": [],
        "new_thetas": [],
        "prompts": [],
        "explanations": [],
        "vocalizations": []
    }
}