{
    "wolf_id": 253,
    "beta": 0.1,
    "gamma": 1.5,
    "delta": 0.75,
    "alive": false,
    "born_at_step": 215,
    "died_at_step": 223,
    "thetas": [
        0.5814247216545007,
        0.5814247216545007,
        0.5814247216545007,
        0.5814247216545007,
        0.5814247216545007,
        0.5814247216545007,
        0.5814247216545007,
        0.5814247216545007,
        0.5814247216545007
    ],
    "decision_history": {
        "history_steps": [],
        "new_thetas": [],
        "prompts": [],
        "explanations": [],
        "vocalizations": []
    }
}