{
    "wolf_id": 332,
    "beta": 0.1,
    "gamma": 1.5,
    "delta": 0.75,
    "alive": false,
    "born_at_step": 219,
    "died_at_step": 231,
    "thetas": [
        0.08657644389212293,
        0.08657644389212293,
        0.08657644389212293,
        0.08657644389212293,
        0.08657644389212293,
        0.08657644389212293,
        0.08657644389212293,
        0.08657644389212293,
        0.08657644389212293,
        0.08657644389212293,
        0.08657644389212293,
        0.08657644389212293,
        0.08657644389212293
    ],
    "decision_history": {
        "history_steps": [],
        "new_thetas": [],
        "prompts": [],
        "explanations": [],
        "vocalizations": []
    }
}