{
    "wolf_id": 241,
    "beta": 0.1,
    "gamma": 1.5,
    "delta": 0.75,
    "alive": false,
    "born_at_step": 160,
    "died_at_step": 170,
    "thetas": [
        0.7900049809199324,
        0.7900049809199324,
        0.7900049809199324,
        0.7900049809199324,
        0.7900049809199324,
        0.7900049809199324,
        0.7900049809199324,
        0.7900049809199324,
        0.7900049809199324,
        0.7900049809199324,
        0.7900049809199324
    ],
    "decision_history": {
        "history_steps": [],
        "new_thetas": [],
        "prompts": [],
        "explanations": [],
        "vocalizations": []
    }
}