{
    "wolf_id": 127,
    "beta": 0.1,
    "gamma": 1.5,
    "delta": 0.75,
    "alive": false,
    "born_at_step": 95,
    "died_at_step": 108,
    "thetas": [
        0.917517322597781,
        0.917517322597781,
        0.917517322597781,
        0.917517322597781,
        0.917517322597781,
        0.917517322597781,
        0.917517322597781,
        0.917517322597781,
        0.917517322597781,
        0.917517322597781,
        0.917517322597781,
        0.917517322597781,
        0.917517322597781,
        0.917517322597781
    ],
    "decision_history": {
        "history_steps": [],
        "new_thetas": [],
        "prompts": [],
        "explanations": [],
        "vocalizations": []
    }
}