{
    "wolf_id": 171,
    "beta": 0.1,
    "gamma": 1.5,
    "delta": 0.75,
    "alive": false,
    "born_at_step": 155,
    "died_at_step": 164,
    "thetas": [
        0.8887658389354843,
        0.8887658389354843,
        0.8887658389354843,
        0.8887658389354843,
        0.8887658389354843,
        0.8887658389354843,
        0.8887658389354843,
        0.8887658389354843,
        0.8887658389354843,
        0.8887658389354843
    ],
    "decision_history": {
        "history_steps": [],
        "new_thetas": [],
        "prompts": [],
        "explanations": [],
        "vocalizations": []
    }
}