{
    "wolf_id": 223,
    "beta": 0.1,
    "gamma": 1.5,
    "delta": 0.75,
    "alive": false,
    "born_at_step": 159,
    "died_at_step": 168,
    "thetas": [
        0.7747600977990615,
        0.7747600977990615,
        0.7747600977990615,
        0.7747600977990615,
        0.7747600977990615,
        0.7747600977990615,
        0.7747600977990615,
        0.7747600977990615,
        0.7747600977990615,
        0.7747600977990615
    ],
    "decision_history": {
        "history_steps": [],
        "new_thetas": [],
        "prompts": [],
        "explanations": [],
        "vocalizations": []
    }
}