{
    "wolf_id": 96,
    "beta": 0.1,
    "gamma": 1.5,
    "delta": 0.75,
    "alive": false,
    "born_at_step": 91,
    "died_at_step": 103,
    "thetas": [
        0.11191949968377957,
        0.11191949968377957,
        0.11191949968377957,
        0.11191949968377957,
        0.11191949968377957,
        0.11191949968377957,
        0.11191949968377957,
        0.11191949968377957,
        0.11191949968377957,
        0.11191949968377957,
        0.11191949968377957,
        0.11191949968377957,
        0.11191949968377957
    ],
    "decision_history": {
        "history_steps": [],
        "new_thetas": [],
        "prompts": [],
        "explanations": [],
        "vocalizations": []
    }
}