{
    "wolf_id": 212,
    "beta": 0.1,
    "gamma": 1.5,
    "delta": 0.75,
    "alive": false,
    "born_at_step": 158,
    "died_at_step": 167,
    "thetas": [
        0.898514681129059,
        0.898514681129059,
        0.898514681129059,
        0.898514681129059,
        0.898514681129059,
        0.898514681129059,
        0.898514681129059,
        0.898514681129059,
        0.898514681129059,
        0.898514681129059
    ],
    "decision_history": {
        "history_steps": [],
        "new_thetas": [],
        "prompts": [],
        "explanations": [],
        "vocalizations": []
    }
}