{
    "wolf_id": 135,
    "beta": 0.1,
    "gamma": 1.5,
    "delta": 0.75,
    "alive": false,
    "born_at_step": 95,
    "died_at_step": 110,
    "thetas": [
        0.31626742130105046,
        0.31626742130105046,
        0.31626742130105046,
        0.31626742130105046,
        0.31626742130105046,
        0.31626742130105046,
        0.31626742130105046,
        0.31626742130105046,
        0.31626742130105046,
        0.31626742130105046,
        0.31626742130105046,
        0.31626742130105046,
        0.31626742130105046,
        0.31626742130105046,
        0.31626742130105046,
        0.31626742130105046
    ],
    "decision_history": {
        "history_steps": [],
        "new_thetas": [],
        "prompts": [],
        "explanations": [],
        "vocalizations": []
    }
}