{
    "wolf_id": 235,
    "beta": 0.1,
    "gamma": 1.5,
    "delta": 0.75,
    "alive": false,
    "born_at_step": 159,
    "died_at_step": 169,
    "thetas": [
        0.18098575277654871,
        0.18098575277654871,
        0.18098575277654871,
        0.18098575277654871,
        0.18098575277654871,
        0.18098575277654871,
        0.18098575277654871,
        0.18098575277654871,
        0.18098575277654871,
        0.18098575277654871,
        0.18098575277654871
    ],
    "decision_history": {
        "history_steps": [],
        "new_thetas": [],
        "prompts": [],
        "explanations": [],
        "vocalizations": []
    }
}