{
    "wolf_id": 116,
    "beta": 0.1,
    "gamma": 1.5,
    "delta": 0.75,
    "alive": false,
    "born_at_step": 93,
    "died_at_step": 106,
    "thetas": [
        0.17891321718303488,
        0.17891321718303488,
        0.17891321718303488,
        0.17891321718303488,
        0.17891321718303488,
        0.17891321718303488,
        0.17891321718303488,
        0.17891321718303488,
        0.17891321718303488,
        0.17891321718303488,
        0.17891321718303488,
        0.17891321718303488,
        0.17891321718303488,
        0.17891321718303488
    ],
    "decision_history": {
        "history_steps": [],
        "new_thetas": [],
        "prompts": [],
        "explanations": [],
        "vocalizations": []
    }
}