{
    "wolf_id": 238,
    "beta": 0.1,
    "gamma": 1.5,
    "delta": 0.75,
    "alive": false,
    "born_at_step": 159,
    "died_at_step": 170,
    "thetas": [
        0.26455028716222617,
        0.26455028716222617,
        0.26455028716222617,
        0.26455028716222617,
        0.26455028716222617,
        0.26455028716222617,
        0.26455028716222617,
        0.26455028716222617,
        0.26455028716222617,
        0.26455028716222617,
        0.26455028716222617,
        0.26455028716222617
    ],
    "decision_history": {
        "history_steps": [],
        "new_thetas": [],
        "prompts": [],
        "explanations": [],
        "vocalizations": []
    }
}