{
    "wolf_id": 8,
    "beta": 0.1,
    "gamma": 1.5,
    "delta": 0.75,
    "alive": false,
    "born_at_step": 0,
    "died_at_step": 37,
    "thetas": [
        0.5,
        0.14062567138619422,
        0.15072120751241722,
        0.16147370044255066,
        0.1729309344752576,
        0.18514587080536354,
        0.19817718222594996,
        0.211755139750609,
        0.2262317536459299,
        0.2416796168811946,
        0.2577114916688605,
        0.27429303936248745,
        0.29195620695683366,
        0.31015614655754586,
        0.3288419013301937,
        0.347956944425721,
        0.36743992063062547,
        0.38722551554526213,
        0.4072454244434628,
        0.4274293883259386,
        0.4477062619724713,
        0.46800507819322007,
        0.48825607395357423,
        0.5000002272726239,
        0.5000002272726239,
        0.5000002272726239,
        0.5000002272726239,
        0.5000002272726239,
        0.5000002272726239,
        0.5000002272726239,
        0.4988726794120544,
        0.4908197697845554,
        0.4748465286832564,
        0.4505122737756856,
        0.4182763121260722,
        0.38229722763918544,
        0.347446303777973,
        0.31769659009122697,
        0.2930635196596495
    ],
    "decision_history": {
        "history_steps": [
            0,
            1,
            2,
            3,
            4,
            5,
            6,
            7,
            8,
            9,
            10,
            11,
            12,
            13,
            14,
            15,
            16,
            17,
            18,
            19,
            20,
            21,
            22,
            23,
            24,
            25,
            26,
            27,
            28,
            29,
            30,
            31,
            32,
            33,
            34,
            35,
            36,
            37
        ],
        "new_thetas": [
            0.14062567138619422,
            0.15072120751241722,
            0.16147370044255066,
            0.1729309344752576,
            0.18514587080536354,
            0.19817718222594996,
            0.211755139750609,
            0.2262317536459299,
            0.2416796168811946,
            0.2577114916688605,
            0.27429303936248745,
            0.29195620695683366,
            0.31015614655754586,
            0.3288419013301937,
            0.347956944425721,
            0.36743992063062547,
            0.38722551554526213,
            0.4072454244434628,
            0.4274293883259386,
            0.4477062619724713,
            0.46800507819322007,
            0.48825607395357423,
            0.5000002272726239,
            0.5000002272726239,
            0.5000002272726239,
            0.5000002272726239,
            0.5000002272726239,
            0.5000002272726239,
            0.5000002272726239,
            0.4988726794120544,
            0.4908197697845554,
            0.4748465286832564,
            0.4505122737756856,
            0.4182763121260722,
            0.38229722763918544,
            0.347446303777973,
            0.31769659009122697,
            0.2930635196596495
        ],
        "prompts": [
            "N/A",
            "N/A",
            "N/A",
            "N/A",
            "N/A",
            "N/A",
            "N/A",
            "N/A",
            "N/A",
            "N/A",
            "N/A",
            "N/A",
            "N/A",
            "N/A",
            "N/A",
            "N/A",
            "N/A",
            "N/A",
            "N/A",
            "N/A",
            "N/A",
            "N/A",
            "N/A",
            "N/A",
            "N/A",
            "N/A",
            "N/A",
            "N/A",
            "N/A",
            "N/A",
            "N/A",
            "N/A",
            "N/A",
            "N/A",
            "N/A",
            "N/A",
            "N/A",
            "N/A"
        ],
        "explanations": [
            "Calculated theta: 0.1406 based on sheep population: 18.00",
            "Calculated theta: 0.1507 based on sheep population: 19.52",
            "Calculated theta: 0.1615 based on sheep population: 21.18",
            "Calculated theta: 0.1729 based on sheep population: 23.00",
            "Calculated theta: 0.1851 based on sheep population: 24.99",
            "Calculated theta: 0.1982 based on sheep population: 27.19",
            "Calculated theta: 0.2118 based on sheep population: 29.55",
            "Calculated theta: 0.2262 based on sheep population: 32.16",
            "Calculated theta: 0.2417 based on sheep population: 35.06",
            "Calculated theta: 0.2577 based on sheep population: 38.19",
            "Calculated theta: 0.2743 based on sheep population: 41.58",
            "Calculated theta: 0.2920 based on sheep population: 45.36",
            "Calculated theta: 0.3102 based on sheep population: 49.46",
            "Calculated theta: 0.3288 based on sheep population: 53.90",
            "Calculated theta: 0.3480 based on sheep population: 58.70",
            "Calculated theta: 0.3674 based on sheep population: 63.90",
            "Calculated theta: 0.3872 based on sheep population: 69.51",
            "Calculated theta: 0.4072 based on sheep population: 75.57",
            "Calculated theta: 0.4274 based on sheep population: 82.12",
            "Calculated theta: 0.4477 based on sheep population: 89.17",
            "Calculated theta: 0.4680 based on sheep population: 96.77",
            "Calculated theta: 0.4883 based on sheep population: 104.95",
            "Calculated theta: 0.5000 based on sheep population: 110.00",
            "Calculated theta: 0.5000 based on sheep population: 110.00",
            "Calculated theta: 0.5000 based on sheep population: 110.00",
            "Calculated theta: 0.5000 based on sheep population: 110.00",
            "Calculated theta: 0.5000 based on sheep population: 110.00",
            "Calculated theta: 0.5000 based on sheep population: 110.00",
            "Calculated theta: 0.5000 based on sheep population: 110.00",
            "Calculated theta: 0.4989 based on sheep population: 109.50",
            "Calculated theta: 0.4908 based on sheep population: 106.03",
            "Calculated theta: 0.4748 based on sheep population: 99.46",
            "Calculated theta: 0.4505 based on sheep population: 90.19",
            "Calculated theta: 0.4183 based on sheep population: 79.09",
            "Calculated theta: 0.3823 based on sheep population: 68.08",
            "Calculated theta: 0.3474 based on sheep population: 58.57",
            "Calculated theta: 0.3177 based on sheep population: 51.22",
            "Calculated theta: 0.2931 based on sheep population: 45.60"
        ],