{
    "wolf_id": 77,
    "beta": 0.1,
    "gamma": 1.5,
    "delta": 0.75,
    "alive": false,
    "born_at_step": 69,
    "died_at_step": 125,
    "thetas": [
        0.6919453107154026,
        0.4186484986724057,
        0.41380572653811615,
        0.40593831065874353,
        0.39541195713272564,
        0.3837438191183624,
        0.371205480855488,
        0.3580604151934425,
        0.3454973399573819,
        0.3335191214731859,
        0.3229631271640192,
        0.31362990697528664,
        0.306111610311076,
        0.30012260106448946,
        0.2954389106740586,
        0.29256637796822377,
        0.2912804955434566,
        0.2907576761823476,
        0.2915918666721169,
        0.29369047370777185,
        0.2963303419019256,
        0.29949584060485396,
        0.30386019338605236,
        0.3087173233889703,
        0.31407274916340194,
        0.3192032136931771,
        0.3248632599206459,
        0.3310632057424776,
        0.33702578230622565,
        0.34275274536667905,
        0.34908101469451386,
        0.3551681349734684,
        0.36101650675313995,
        0.3666294721706427,
        0.372011176412815,
        0.3762246528133415,
        0.38024226816038775,
        0.3830956198308556,
        0.38481389150110046,
        0.3854387219175602,
        0.38502252912935503,
        0.38362682018412714,
        0.3813205066663689,
        0.3771770017867742,
        0.3723668066563998,
        0.36697333780249863,
        0.3610793409758968,
        0.3547655877786291,
        0.3490202608473005,
        0.3428981381866821,
        0.33733747391691826,
        0.3322798984744874,
        0.32767392527728917,
        0.323474066511631,
        0.32042667565385413,
        0.3176301122464636,
        0.3158238224849921
    ],
    "decision_history": {
        "history_steps": [
            70,
            71,
            72,
            73,
            74,
            75,
            76,
            77,
            78,
            79,
            80,
            81,
            82,
            83,
            84,
            85,
            86,
            87,
            88,
            89,
            90,
            91,
            92,
            93,
            94,
            95,
            96,
            97,
            98,
            99,
            100,
            101,
            102,
            103,
            104,
            105,
            106,
            107,
            108,
            109,
            110,
            111,
            112,
            113,
            114,
            115,
            116,
            117,
            118,
            119,
            120,
            121,
            122,
            123,
            124,
            125
        ],
        "new_thetas": [
            0.4186484986724057,
            0.41380572653811615,
            0.40593831065874353,
            0.39541195713272564,
            0.3837438191183624,
            0.371205480855488,
            0.3580604151934425,
            0.3454973399573819,
            0.3335191214731859,
            0.3229631271640192,
            0.31362990697528664,
            0.306111610311076,
            0.30012260106448946,
            0.2954389106740586,
            0.29256637796822377,
            0.2912804955434566,
            0.2907576761823476,
            0.2915918666721169,
            0.29369047370777185,
            0.2963303419019256,
            0.29949584060485396,
            0.30386019338605236,
            0.3087173233889703,
            0.31407274916340194,
            0.3192032136931771,
            0.3248632599206459,
            0.3310632057424776,
            0.33702578230622565,
            0.34275274536667905,
            0.34908101469451386,
            0.3551681349734684,
            0.36101650675313995,
            0.3666294721706427,
            0.372011176412815,
            0.3762246528133415,
            0.38024226816038775,
            0.3830956198308556,
            0.38481389150110046,
            0.3854387219175602,
            0.38502252912935503,
            0.38362682018412714,
            0.3813205066663689,
            0.3771770017867742,
            0.3723668066563998,
            0.36697333780249863,
            0.3610793409758968,
            0.3547655877786291,
            0.3490202608473005,
            0.3428981381866821,
            0.33733747391691826,
            0.3322798984744874,
            0.32767392527728917,
            0.323474066511631,
            0.32042667565385413,
            0.3176301122464636,
            0.3158238224849921
        ],
        "prompts": [
            "N/A",
            "N/A",
            "N/A",
            "N/A",
            "N/A",
            "N/A",
            "N/A",
            "N/A",
            "N/A",
            "N/A",
            "N/A",
            "N/A",
            "N/A",
            "N/A",
            "N/A",
            "N/A",
            "N/A",
            "N/A",
            "N/A",
            "N/A",
            "N/A",
            "N/A",
            "N/A",
            "N/A",
            "N/A",
            "N/A",
            "N/A",
            "N/A",
            "N/A",
            "N/A",
            "N/A",
            "N/A",
            "N/A",
            "N/A",
            "N/A",
            "N/A",
            "N/A",
            "N/A",
            "N/A",
            "N/A",
            "N/A",
            "N/A",
            "N/A",
            "N/A",
            "N/A",
            "N/A",
            "N/A",
            "N/A",
            "N/A",
            "N/A",
            "N/A",
            "N/A",
            "N/A",
            "N/A",
            "N/A",
            "N/A"
        ],