{
    "wolf_id": 58,
    "beta": 0.1,
    "gamma": 1.5,
    "delta": 0.75,
    "alive": false,
    "born_at_step": 41,
    "died_at_step": 51,
    "thetas": [
        0.32762479451365945,
        0.7166177541989227,
        0.6019633549757879,
        0.5122168545935833,
        0.46234611880907345,
        0.442389947564835,
        0.4419629127639656,
        0.4543817476072942,
        0.47352936891956404,
        0.499387591545983,
        0.5294841687739297
    ],
    "decision_history": {
        "history_steps": [
            42,
            43,
            44,
            45,
            46,
            47,
            48,
            49,
            50,
            51
        ],
        "new_thetas": [
            0.7166177541989227,
            0.6019633549757879,
            0.5122168545935833,
            0.46234611880907345,
            0.442389947564835,
            0.4419629127639656,
            0.4543817476072942,
            0.47352936891956404,
            0.499387591545983,
            0.5294841687739297
        ],
        "prompts": [
            "N/A",
            "N/A",
            "N/A",
            "N/A",
            "N/A",
            "N/A",
            "N/A",
            "N/A",
            "N/A",
            "N/A"
        ],
        "explanations": [
            "Calculated theta: 0.7166 based on sheep population: 27.82",
            "Calculated theta: 0.6020 based on sheep population: 16.64",
            "Calculated theta: 0.5122 based on sheep population: 11.55",
            "Calculated theta: 0.4623 based on sheep population: 9.46",
            "Calculated theta: 0.4424 based on sheep population: 8.73",
            "Calculated theta: 0.4420 based on sheep population: 8.71",
            "Calculated theta: 0.4544 based on sheep population: 9.16",
            "Calculated theta: 0.4735 based on sheep population: 9.89",
            "Calculated theta: 0.4994 based on sheep population: 10.97",
            "Calculated theta: 0.5295 based on sheep population: 12.38"
        ],
        "vocalizations": [
            "Calculated theta: 0.7166 based on sheep population: 27.82",
            "Calculated theta: 0.6020 based on sheep population: 16.64",
            "Calculated theta: 0.5122 based on sheep population: 11.55",
            "Calculated theta: 0.4623 based on sheep population: 9.46",
            "Calculated theta: 0.4424 based on sheep population: 8.73",
            "Calculated theta: 0.4420 based on sheep population: 8.71",
            "Calculated theta: 0.4544 based on sheep population: 9.16",
            "Calculated theta: 0.4735 based on sheep population: 9.89",
            "Calculated theta: 0.4994 based on sheep population: 10.97",
            "Calculated theta: 0.5295 based on sheep population: 12.38"
        ]
    }
}