{
    "wolf_id": 21,
    "beta": 0.1,
    "gamma": 1.5,
    "delta": 0.75,
    "alive": false,
    "born_at_step": 14,
    "died_at_step": 23,
    "thetas": [
        0.8627090883084284,
        0.8037786414676722,
        0.777440512317479,
        0.7338944931185517,
        0.6717552791641831,
        0.6101321497834954,
        0.5618162854869296,
        0.5366601870572246,
        0.5286061285969148,
        0.5341195986892108
    ],
    "decision_history": {
        "history_steps": [
            15,
            16,
            17,
            18,
            19,
            20,
            21,
            22,
            23
        ],
        "new_thetas": [
            0.8037786414676722,
            0.777440512317479,
            0.7338944931185517,
            0.6717552791641831,
            0.6101321497834954,
            0.5618162854869296,
            0.5366601870572246,
            0.5286061285969148,
            0.5341195986892108
        ],
        "prompts": [
            "N/A",
            "N/A",
            "N/A",
            "N/A",
            "N/A",
            "N/A",
            "N/A",
            "N/A",
            "N/A"
        ],
        "explanations": [
            "Calculated theta: 0.8038 based on sheep population: 45.06",
            "Calculated theta: 0.7774 based on sheep population: 38.42",
            "Calculated theta: 0.7339 based on sheep population: 30.34",
            "Calculated theta: 0.6718 based on sheep population: 22.51",
            "Calculated theta: 0.6101 based on sheep population: 17.21",
            "Calculated theta: 0.5618 based on sheep population: 14.10",
            "Calculated theta: 0.5367 based on sheep population: 12.74",
            "Calculated theta: 0.5286 based on sheep population: 12.33",
            "Calculated theta: 0.5341 based on sheep population: 12.61"
        ],
        "vocalizations": [
            "Calculated theta: 0.8038 based on sheep population: 45.06",
            "Calculated theta: 0.7774 based on sheep population: 38.42",
            "Calculated theta: 0.7339 based on sheep population: 30.34",
            "Calculated theta: 0.6718 based on sheep population: 22.51",
            "Calculated theta: 0.6101 based on sheep population: 17.21",
            "Calculated theta: 0.5618 based on sheep population: 14.10",
            "Calculated theta: 0.5367 based on sheep population: 12.74",
            "Calculated theta: 0.5286 based on sheep population: 12.33",
            "Calculated theta: 0.5341 based on sheep population: 12.61"
        ]
    }
}