{
    "wolf_id": 55,
    "beta": 0.1,
    "gamma": 1.5,
    "delta": 0.75,
    "alive": false,
    "born_at_step": 40,
    "died_at_step": 49,
    "thetas": [
        0.7868327947250723,
        0.796638014736525,
        0.7166177541989227,
        0.6019633549757879,
        0.5122168545935833,
        0.46234611880907345,
        0.442389947564835,
        0.4419629127639656,
        0.4543817476072942,
        0.47352936891956404
    ],
    "decision_history": {
        "history_steps": [
            41,
            42,
            43,
            44,
            45,
            46,
            47,
            48,
            49
        ],
        "new_thetas": [
            0.796638014736525,
            0.7166177541989227,
            0.6019633549757879,
            0.5122168545935833,
            0.46234611880907345,
            0.442389947564835,
            0.4419629127639656,
            0.4543817476072942,
            0.47352936891956404
        ],
        "prompts": [
            "N/A",
            "N/A",
            "N/A",
            "N/A",
            "N/A",
            "N/A",
            "N/A",
            "N/A",
            "N/A"
        ],
        "explanations": [
            "Calculated theta: 0.7966 based on sheep population: 43.09",
            "Calculated theta: 0.7166 based on sheep population: 27.82",
            "Calculated theta: 0.6020 based on sheep population: 16.64",
            "Calculated theta: 0.5122 based on sheep population: 11.55",
            "Calculated theta: 0.4623 based on sheep population: 9.46",
            "Calculated theta: 0.4424 based on sheep population: 8.73",
            "Calculated theta: 0.4420 based on sheep population: 8.71",
            "Calculated theta: 0.4544 based on sheep population: 9.16",
            "Calculated theta: 0.4735 based on sheep population: 9.89"
        ],
        "vocalizations": [
            "Calculated theta: 0.7966 based on sheep population: 43.09",
            "Calculated theta: 0.7166 based on sheep population: 27.82",
            "Calculated theta: 0.6020 based on sheep population: 16.64",
            "Calculated theta: 0.5122 based on sheep population: 11.55",
            "Calculated theta: 0.4623 based on sheep population: 9.46",
            "Calculated theta: 0.4424 based on sheep population: 8.73",
            "Calculated theta: 0.4420 based on sheep population: 8.71",
            "Calculated theta: 0.4544 based on sheep population: 9.16",
            "Calculated theta: 0.4735 based on sheep population: 9.89"
        ]
    }
}