{
    "wolf_id": 4,
    "beta": 0.1,
    "gamma": 1.5,
    "delta": 0.75,
    "alive": false,
    "born_at_step": 0,
    "died_at_step": 6,
    "thetas": [
        0.5,
        0.6071442601990708,
        0.619679200753809,
        0.6346550947153518,
        0.6519184227073871,
        0.6713060403097327,
        0.6926275569042332,
        0.7125866034108014
    ],
    "decision_history": {
        "history_steps": [
            0,
            1,
            2,
            3,
            4,
            5,
            6
        ],
        "new_thetas": [
            0.6071442601990708,
            0.619679200753809,
            0.6346550947153518,
            0.6519184227073871,
            0.6713060403097327,
            0.6926275569042332,
            0.7125866034108014
        ],
        "prompts": [
            "N/A",
            "N/A",
            "N/A",
            "N/A",
            "N/A",
            "N/A",
            "N/A"
        ],
        "explanations": [
            "Calculated theta: 0.6071 based on sheep population: 17.00",
            "Calculated theta: 0.6197 based on sheep population: 17.92",
            "Calculated theta: 0.6347 based on sheep population: 19.11",
            "Calculated theta: 0.6519 based on sheep population: 20.60",
            "Calculated theta: 0.6713 based on sheep population: 22.47",
            "Calculated theta: 0.6926 based on sheep population: 24.79",
            "Calculated theta: 0.7126 based on sheep population: 27.27"
        ],
        "vocalizations": [
            "Calculated theta: 0.6071 based on sheep population: 17.00",
            "Calculated theta: 0.6197 based on sheep population: 17.92",
            "Calculated theta: 0.6347 based on sheep population: 19.11",
            "Calculated theta: 0.6519 based on sheep population: 20.60",
            "Calculated theta: 0.6713 based on sheep population: 22.47",
            "Calculated theta: 0.6926 based on sheep population: 24.79",
            "Calculated theta: 0.7126 based on sheep population: 27.27"
        ]
    }
}