{
    "wolf_id": 190,
    "beta": 0.1,
    "gamma": 1.5,
    "delta": 0.75,
    "alive": false,
    "born_at_step": 97,
    "died_at_step": 106,
    "thetas": [
        0.34679727294719054,
        9.0908264470323e-06,
        9.0908264470323e-06,
        9.0908264470323e-06,
        9.0908264470323e-06,
        9.0908264470323e-06,
        9.0908264470323e-06,
        9.0908264470323e-06,
        9.0908264470323e-06,
        9.0908264470323e-06
    ],
    "decision_history": {
        "history_steps": [
            98,
            99,
            100,
            101,
            102,
            103,
            104,
            105,
            106
        ],
        "new_thetas": [
            9.0908264470323e-06,
            9.0908264470323e-06,
            9.0908264470323e-06,
            9.0908264470323e-06,
            9.0908264470323e-06,
            9.0908264470323e-06,
            9.0908264470323e-06,
            9.0908264470323e-06,
            9.0908264470323e-06
        ],
        "prompts": [
            "N/A",
            "N/A",
            "N/A",
            "N/A",
            "N/A",
            "N/A",
            "N/A",
            "N/A",
            "N/A"
        ],
        "explanations": [
            "Calculated theta: 0.0000 based on sheep population: 0.00",
            "Calculated theta: 0.0000 based on sheep population: 0.00",
            "Calculated theta: 0.0000 based on sheep population: 0.00",
            "Calculated theta: 0.0000 based on sheep population: 0.00",
            "Calculated theta: 0.0000 based on sheep population: 0.00",
            "Calculated theta: 0.0000 based on sheep population: 0.00",
            "Calculated theta: 0.0000 based on sheep population: 0.00",
            "Calculated theta: 0.0000 based on sheep population: 0.00",
            "Calculated theta: 0.0000 based on sheep population: 0.00"
        ],
        "vocalizations": [
            "Calculated theta: 0.0000 based on sheep population: 0.00",
            "Calculated theta: 0.0000 based on sheep population: 0.00",
            "Calculated theta: 0.0000 based on sheep population: 0.00",
            "Calculated theta: 0.0000 based on sheep population: 0.00",
            "Calculated theta: 0.0000 based on sheep population: 0.00",
            "Calculated theta: 0.0000 based on sheep population: 0.00",
            "Calculated theta: 0.0000 based on sheep population: 0.00",
            "Calculated theta: 0.0000 based on sheep population: 0.00",
            "Calculated theta: 0.0000 based on sheep population: 0.00"
        ]
    }
}