{
    "wolf_id": 65,
    "beta": 0.1,
    "gamma": 1.5,
    "delta": 0.75,
    "alive": false,
    "born_at_step": 63,
    "died_at_step": 69,
    "thetas": [
        0.4019158922379755,
        0.8781679495556644,
        0.8835341673698031,
        0.8776471213136104,
        0.8408583609094363,
        0.6959170745940575,
        0.39172300824627543
    ],
    "decision_history": {
        "history_steps": [
            64,
            65,
            66,
            67,
            68,
            69
        ],
        "new_thetas": [
            0.8781679495556644,
            0.8835341673698031,
            0.8776471213136104,
            0.8408583609094363,
            0.6959170745940575,
            0.39172300824627543
        ],
        "prompts": [
            "N/A",
            "N/A",
            "N/A",
            "N/A",
            "N/A",
            "N/A"
        ],
        "explanations": [
            "Calculated theta: 0.8782 based on sheep population: 79.29",
            "Calculated theta: 0.8835 based on sheep population: 83.45",
            "Calculated theta: 0.8776 based on sheep population: 78.90",
            "Calculated theta: 0.8409 based on sheep population: 58.12",
            "Calculated theta: 0.6959 based on sheep population: 25.17",
            "Calculated theta: 0.3917 based on sheep population: 7.08"
        ],
        "vocalizations": [
            "Calculated theta: 0.8782 based on sheep population: 79.29",
            "Calculated theta: 0.8835 based on sheep population: 83.45",
            "Calculated theta: 0.8776 based on sheep population: 78.90",
            "Calculated theta: 0.8409 based on sheep population: 58.12",
            "Calculated theta: 0.6959 based on sheep population: 25.17",
            "Calculated theta: 0.3917 based on sheep population: 7.08"
        ]
    }
}