{
    "wolf_id": 117,
    "beta": 0.1,
    "gamma": 1.5,
    "delta": 0.75,
    "alive": false,
    "born_at_step": 92,
    "died_at_step": 98,
    "thetas": [
        0.23198802695494047,
        0.9035561495014132,
        0.909090984222327,
        0.909090984222327,
        0.8897796656164313,
        0.7477322284213225,
        9.0908264470323e-06
    ],
    "decision_history": {
        "history_steps": [
            93,
            94,
            95,
            96,
            97,
            98
        ],
        "new_thetas": [
            0.9035561495014132,
            0.909090984222327,
            0.909090984222327,
            0.8897796656164313,
            0.7477322284213225,
            9.0908264470323e-06
        ],
        "prompts": [
            "N/A",
            "N/A",
            "N/A",
            "N/A",
            "N/A",
            "N/A"
        ],
        "explanations": [
            "Calculated theta: 0.9036 based on sheep population: 103.06",
            "Calculated theta: 0.9091 based on sheep population: 110.00",
            "Calculated theta: 0.9091 based on sheep population: 110.00",
            "Calculated theta: 0.8898 based on sheep population: 88.80",
            "Calculated theta: 0.7477 based on sheep population: 32.60",
            "Calculated theta: 0.0000 based on sheep population: 0.00"
        ],
        "vocalizations": [
            "Calculated theta: 0.9036 based on sheep population: 103.06",
            "Calculated theta: 0.9091 based on sheep population: 110.00",
            "Calculated theta: 0.9091 based on sheep population: 110.00",
            "Calculated theta: 0.8898 based on sheep population: 88.80",
            "Calculated theta: 0.7477 based on sheep population: 32.60",
            "Calculated theta: 0.0000 based on sheep population: 0.00"
        ]
    }
}