{
    "wolf_id": 6,
    "beta": 0.1,
    "gamma": 1.5,
    "delta": 0.75,
    "alive": false,
    "born_at_step": 0,
    "died_at_step": 19,
    "thetas": [
        0.5,
        0.6071442601990708,
        0.619679200753809,
        0.6346550947153518,
        0.6519184227073871,
        0.6713060403097327,
        0.6926275569042332,
        0.7125866034108014,
        0.7312378359757336,
        0.7516250114460207,
        0.7705610518928344,
        0.7881176774810694,
        0.8016418779835373,
        0.811512312462176,
        0.8180375510220073,
        0.8156301568768418,
        0.8037786414676722,
        0.777440512317479,
        0.7338944931185517,
        0.6717552791641831,
        0.6101321497834954
    ],
    "decision_history": {
        "history_steps": [
            0,
            1,
            2,
            3,
            4,
            5,
            6,
            7,
            8,
            9,
            10,
            11,
            12,
            13,
            14,
            15,
            16,
            17,
            18,
            19
        ],
        "new_thetas": [
            0.6071442601990708,
            0.619679200753809,
            0.6346550947153518,
            0.6519184227073871,
            0.6713060403097327,
            0.6926275569042332,
            0.7125866034108014,
            0.7312378359757336,
            0.7516250114460207,
            0.7705610518928344,
            0.7881176774810694,
            0.8016418779835373,
            0.811512312462176,
            0.8180375510220073,
            0.8156301568768418,
            0.8037786414676722,
            0.777440512317479,
            0.7338944931185517,
            0.6717552791641831,
            0.6101321497834954
        ],
        "prompts": [
            "N/A",
            "N/A",
            "N/A",
            "N/A",
            "N/A",
            "N/A",
            "N/A",
            "N/A",
            "N/A",
            "N/A",
            "N/A",
            "N/A",
            "N/A",
            "N/A",
            "N/A",
            "N/A",
            "N/A",
            "N/A",
            "N/A",
            "N/A"
        ],
        "explanations": [
            "Calculated theta: 0.6071 based on sheep population: 17.00",
            "Calculated theta: 0.6197 based on sheep population: 17.92",
            "Calculated theta: 0.6347 based on sheep population: 19.11",
            "Calculated theta: 0.6519 based on sheep population: 20.60",
            "Calculated theta: 0.6713 based on sheep population: 22.47",
            "Calculated theta: 0.6926 based on sheep population: 24.79",
            "Calculated theta: 0.7126 based on sheep population: 27.27",
            "Calculated theta: 0.7312 based on sheep population: 29.93",
            "Calculated theta: 0.7516 based on sheep population: 33.29",
            "Calculated theta: 0.7706 based on sheep population: 36.94",
            "Calculated theta: 0.7881 based on sheep population: 40.92",
            "Calculated theta: 0.8016 based on sheep population: 44.46",
            "Calculated theta: 0.8115 based on sheep population: 47.36",
            "Calculated theta: 0.8180 based on sheep population: 49.45",
            "Calculated theta: 0.8156 based on sheep population: 48.66",
            "Calculated theta: 0.8038 based on sheep population: 45.06",
            "Calculated theta: 0.7774 based on sheep population: 38.42",
            "Calculated theta: 0.7339 based on sheep population: 30.34",
            "Calculated theta: 0.6718 based on sheep population: 22.51",
            "Calculated theta: 0.6101 based on sheep population: 17.21"
        ],
        "vocalizations": [
            "Calculated theta: 0.6071 based on sheep population: 17.00",
            "Calculated theta: 0.6197 based on sheep population: 17.92",
            "Calculated theta: 0.6347 based on sheep population: 19.11",
            "Calculated theta: 0.6519 based on sheep population: 20.60",
            "Calculated theta: 0.6713 based on sheep population: 22.47",
            "Calculated theta: 0.6926 based on sheep population: 24.79",
            "Calculated theta: 0.7126 based on sheep population: 27.27",
            "Calculated theta: 0.7312 based on sheep population: 29.93",
            "Calculated theta: 0.7516 based on sheep population: 33.29",
            "Calculated theta: 0.7706 based on sheep population: 36.94",
            "Calculated theta: 0.7881 based on sheep population: 40.92",
            "Calculated theta: 0.8016 based on sheep population: 44.46",
            "Calculated theta: 0.8115 based on sheep population: 47.36",
            "Calculated theta: 0.8180 based on sheep population: 49.45",
            "Calculated theta: 0.8156 based on sheep population: 48.66",
            "Calculated theta: 0.8038 based on sheep population: 45.06",
            "Calculated theta: 0.7774 based on sheep population: 38.42",
            "Calculated theta: 0.7339 based on sheep population: 30.34",
            "Calculated theta: 0.6718 based on sheep population: 22.51",
            "Calculated theta: 0.6101 based on sheep population: 17.21"
        ]
    }
}