{
    "wolf_id": 2,
    "beta": 0.1,
    "gamma": 1.5,
    "delta": 0.75,
    "alive": false,
    "born_at_step": 0,
    "died_at_step": 2,
    "thetas": [
        0.5,
        0.6071442601990708,
        0.619679200753809,
        0.6346550947153518
    ],
    "decision_history": {
        "history_steps": [
            0,
            1,
            2
        ],
        "new_thetas": [
            0.6071442601990708,
            0.619679200753809,
            0.6346550947153518
        ],
        "prompts": [
            "N/A",
            "N/A",
            "N/A"
        ],
        "explanations": [
            "Calculated theta: 0.6071 based on sheep population: 17.00",
            "Calculated theta: 0.6197 based on sheep population: 17.92",
            "Calculated theta: 0.6347 based on sheep population: 19.11"
        ],
        "vocalizations": [
            "Calculated theta: 0.6071 based on sheep population: 17.00",
            "Calculated theta: 0.6197 based on sheep population: 17.92",
            "Calculated theta: 0.6347 based on sheep population: 19.11"
        ]
    }
}