{
    "wolf_id": 127,
    "beta": 0.1,
    "gamma": 1.5,
    "delta": 0.75,
    "alive": false,
    "born_at_step": 96,
    "died_at_step": 104,
    "thetas": [
        0.3058146891906717,
        0.3058146891906717,
        0.3058146891906717,
        0.3058146891906717,
        0.3058146891906717,
        0.3058146891906717,
        0.3058146891906717,
        0.3058146891906717,
        0.3058146891906717
    ],
    "decision_history": {
        "history_steps": [],
        "new_thetas": [],
        "prompts": [],
        "explanations": [],
        "vocalizations": []
    }
}