{
    "wolf_id": 101,
    "beta": 0.1,
    "gamma": 1.5,
    "delta": 0.75,
    "alive": false,
    "born_at_step": 95,
    "died_at_step": 102,
    "thetas": [
        0.7981760683341529,
        0.7981760683341529,
        0.7981760683341529,
        0.7981760683341529,
        0.7981760683341529,
        0.7981760683341529,
        0.7981760683341529,
        0.7981760683341529
    ],
    "decision_history": {
        "history_steps": [],
        "new_thetas": [],
        "prompts": [],
        "explanations": [],
        "vocalizations": []
    }
}