{
    "wolf_id": 138,
    "beta": 0.1,
    "gamma": 1.5,
    "delta": 0.75,
    "alive": false,
    "born_at_step": 97,
    "died_at_step": 105,
    "thetas": [
        0.8012378276611992,
        0.8012378276611992,
        0.8012378276611992,
        0.8012378276611992,
        0.8012378276611992,
        0.8012378276611992,
        0.8012378276611992,
        0.8012378276611992,
        0.8012378276611992
    ],
    "decision_history": {
        "history_steps": [],
        "new_thetas": [],
        "prompts": [],
        "explanations": [],
        "vocalizations": []
    }
}