{
    "wolf_id": 147,
    "beta": 0.1,
    "gamma": 1.5,
    "delta": 0.75,
    "alive": false,
    "born_at_step": 97,
    "died_at_step": 106,
    "thetas": [
        0.9717753948691927,
        0.9717753948691927,
        0.9717753948691927,
        0.9717753948691927,
        0.9717753948691927,
        0.9717753948691927,
        0.9717753948691927,
        0.9717753948691927,
        0.9717753948691927,
        0.9717753948691927
    ],
    "decision_history": {
        "history_steps": [],
        "new_thetas": [],
        "prompts": [],
        "explanations": [],
        "vocalizations": []
    }
}