{
    "wolf_id": 173,
    "beta": 0.1,
    "gamma": 1.5,
    "delta": 0.75,
    "alive": false,
    "born_at_step": 98,
    "died_at_step": 110,
    "thetas": [
        0.44639957383435847,
        0.44639957383435847,
        0.44639957383435847,
        0.44639957383435847,
        0.44639957383435847,
        0.44639957383435847,
        0.44639957383435847,
        0.44639957383435847,
        0.44639957383435847,
        0.44639957383435847,
        0.44639957383435847,
        0.44639957383435847,
        0.44639957383435847
    ],
    "decision_history": {
        "history_steps": [],
        "new_thetas": [],
        "prompts": [],
        "explanations": [],
        "vocalizations": []
    }
}