{
    "wolf_id": 65,
    "beta": 0.1,
    "gamma": 1.5,
    "delta": 0.75,
    "alive": false,
    "born_at_step": 34,
    "died_at_step": 52,
    "thetas": [
        0.39803128039127755,
        0.39803128039127755,
        0.39803128039127755,
        0.39803128039127755,
        0.39803128039127755,
        0.39803128039127755,
        0.39803128039127755,
        0.39803128039127755,
        0.39803128039127755,
        0.39803128039127755,
        0.39803128039127755,
        0.39803128039127755,
        0.39803128039127755,
        0.39803128039127755,
        0.39803128039127755,
        0.39803128039127755,
        0.39803128039127755,
        0.39803128039127755,
        0.39803128039127755
    ],
    "decision_history": {
        "history_steps": [],
        "new_thetas": [],
        "prompts": [],
        "explanations": [],
        "vocalizations": []
    }
}