{
    "wolf_id": 68,
    "beta": 0.1,
    "gamma": 1.5,
    "delta": 0.75,
    "alive": false,
    "born_at_step": 34,
    "died_at_step": 54,
    "thetas": [
        0.18019229811903903,
        0.18019229811903903,
        0.18019229811903903,
        0.18019229811903903,
        0.18019229811903903,
        0.18019229811903903,
        0.18019229811903903,
        0.18019229811903903,
        0.18019229811903903,
        0.18019229811903903,
        0.18019229811903903,
        0.18019229811903903,
        0.18019229811903903,
        0.18019229811903903,
        0.18019229811903903,
        0.18019229811903903,
        0.18019229811903903,
        0.18019229811903903,
        0.18019229811903903,
        0.18019229811903903,
        0.18019229811903903
    ],
    "decision_history": {
        "history_steps": [],
        "new_thetas": [],
        "prompts": [],
        "explanations": [],
        "vocalizations": []
    }
}