{
    "wolf_id": 162,
    "beta": 0.1,
    "gamma": 1.5,
    "delta": 0.75,
    "alive": false,
    "born_at_step": 98,
    "died_at_step": 108,
    "thetas": [
        0.828737064813656,
        0.828737064813656,
        0.828737064813656,
        0.828737064813656,
        0.828737064813656,
        0.828737064813656,
        0.828737064813656,
        0.828737064813656,
        0.828737064813656,
        0.828737064813656,
        0.828737064813656
    ],
    "decision_history": {
        "history_steps": [],
        "new_thetas": [],
        "prompts": [],
        "explanations": [],
        "vocalizations": []
    }
}