{
    "wolf_id": 21,
    "beta": 0.1,
    "gamma": 1.5,
    "delta": 0.75,
    "alive": false,
    "born_at_step": 8,
    "died_at_step": 10,
    "thetas": [
        0.1703450536529657,
        0.8679491998794497,
        1.8181487609316193e-05
    ],
    "decision_history": {
        "history_steps": [
            9,
            10
        ],
        "new_thetas": [
            0.8679491998794497,
            1.8181487609316193e-05
        ],
        "prompts": [
            "N/A",
            "N/A"
        ],
        "explanations": [
            "Calculated theta: 0.8679 based on sheep population: 36.15",
            "Calculated theta: 0.0000 based on sheep population: 0.00"
        ],
        "vocalizations": [
            "Calculated theta: 0.8679 based on sheep population: 36.15",
            "Calculated theta: 0.0000 based on sheep population: 0.00"
        ]
    }
}