{
    "wolf_id": 47,
    "beta": 0.1,
    "gamma": 1.5,
    "delta": 0.75,
    "alive": false,
    "born_at_step": 9,
    "died_at_step": 12,
    "thetas": [
        0.4832371585965136,
        1.8181487609316193e-05,
        1.8181487609316193e-05,
        1.8181487609316193e-05
    ],
    "decision_history": {
        "history_steps": [
            10,
            11,
            12
        ],
        "new_thetas": [
            1.8181487609316193e-05,
            1.8181487609316193e-05,
            1.8181487609316193e-05
        ],
        "prompts": [
            "N/A",
            "N/A",
            "N/A"
        ],
        "explanations": [
            "Calculated theta: 0.0000 based on sheep population: 0.00",
            "Calculated theta: 0.0000 based on sheep population: 0.00",
            "Calculated theta: 0.0000 based on sheep population: 0.00"
        ],
        "vocalizations": [
            "Calculated theta: 0.0000 based on sheep population: 0.00",
            "Calculated theta: 0.0000 based on sheep population: 0.00",
            "Calculated theta: 0.0000 based on sheep population: 0.00"
        ]
    }
}