{
    "wolf_id": 16,
    "beta": 0.1,
    "gamma": 1.5,
    "delta": 0.75,
    "alive": false,
    "born_at_step": 35,
    "died_at_step": 42,
    "thetas": [
        0.5,
        0.5187458601617988,
        0.5305909044820484,
        0.5307849699045561,
        0.5048962375389899,
        0.4260421700107311,
        0.2834590871168698,
        0.17985332649158867
    ],
    "decision_history": {
        "history_steps": [
            36,
            37,
            38,
            39,
            40,
            41,
            42
        ],
        "new_thetas": [
            0.5187458601617988,
            0.5305909044820484,
            0.5307849699045561,
            0.5048962375389899,
            0.4260421700107311,
            0.2834590871168698,
            0.17985332649158867
        ],
        "prompts": [
            "N/A",
            "N/A",
            "N/A",
            "N/A",
            "N/A",
            "N/A",
            "N/A"
        ],
        "explanations": [
            "Calculated theta: 0.5187 based on sheep population: 269.48",
            "Calculated theta: 0.5306 based on sheep population: 282.58",
            "Calculated theta: 0.5308 based on sheep population: 282.80",
            "Calculated theta: 0.5049 based on sheep population: 254.94",
            "Calculated theta: 0.4260 based on sheep population: 185.57",
            "Calculated theta: 0.2835 based on sheep population: 98.90",
            "Calculated theta: 0.1799 based on sheep population: 54.82"
        ],
        "vocalizations": [
            "Calculated theta: 0.5187 based on sheep population: 269.48",
            "Calculated theta: 0.5306 based on sheep population: 282.58",
            "Calculated theta: 0.5308 based on sheep population: 282.80",
            "Calculated theta: 0.5049 based on sheep population: 254.94",
            "Calculated theta: 0.4260 based on sheep population: 185.57",
            "Calculated theta: 0.2835 based on sheep population: 98.90",
            "Calculated theta: 0.1799 based on sheep population: 54.82"
        ]
    }
}