{
    "wolf_id": 172,
    "beta": 0.1,
    "gamma": 1.5,
    "delta": 0.75,
    "alive": false,
    "born_at_step": 40,
    "died_at_step": 58,
    "thetas": [
        0.5,
        0.2834590871168698,
        0.17985332649158867,
        0.13864509953268603,
        0.11881460801051386,
        0.10808256611805707,
        0.10221169873094774,
        0.09920364722377009,
        0.09809439731573959,
        0.09834970231449565,
        0.09973235041665182,
        0.10200715728009291,
        0.10509240487259153,
        0.1088280387949821,
        0.11327958289819966,
        0.11841297496713227,
        0.12405663405154796,
        0.13042792492527755,
        0.13732105101880698
    ],
    "decision_history": {
        "history_steps": [
            41,
            42,
            43,
            44,
            45,
            46,
            47,
            48,
            49,
            50,
            51,
            52,
            53,
            54,
            55,
            56,
            57,
            58
        ],
        "new_thetas": [
            0.2834590871168698,
            0.17985332649158867,
            0.13864509953268603,
            0.11881460801051386,
            0.10808256611805707,
            0.10221169873094774,
            0.09920364722377009,
            0.09809439731573959,
            0.09834970231449565,
            0.09973235041665182,
            0.10200715728009291,
            0.10509240487259153,
            0.1088280387949821,
            0.11327958289819966,
            0.11841297496713227,
            0.12405663405154796,
            0.13042792492527755,
            0.13732105101880698
        ],
        "prompts": [
            "N/A",
            "N/A",
            "N/A",
            "N/A",
            "N/A",
            "N/A",
            "N/A",
            "N/A",
            "N/A",
            "N/A",
            "N/A",
            "N/A",
            "N/A",
            "N/A",
            "N/A",
            "N/A",
            "N/A",
            "N/A"
        ],
        "explanations": [
            "Calculated theta: 0.2835 based on sheep population: 98.90",
            "Calculated theta: 0.1799 based on sheep population: 54.82",
            "Calculated theta: 0.1386 based on sheep population: 40.24",
            "Calculated theta: 0.1188 based on sheep population: 33.71",
            "Calculated theta: 0.1081 based on sheep population: 30.29",
            "Calculated theta: 0.1022 based on sheep population: 28.46",
            "Calculated theta: 0.0992 based on sheep population: 27.53",
            "Calculated theta: 0.0981 based on sheep population: 27.19",
            "Calculated theta: 0.0983 based on sheep population: 27.27",
            "Calculated theta: 0.0997 based on sheep population: 27.70",
            "Calculated theta: 0.1020 based on sheep population: 28.40",
            "Calculated theta: 0.1051 based on sheep population: 29.36",
            "Calculated theta: 0.1088 based on sheep population: 30.53",
            "Calculated theta: 0.1133 based on sheep population: 31.94",
            "Calculated theta: 0.1184 based on sheep population: 33.58",
            "Calculated theta: 0.1241 based on sheep population: 35.41",
            "Calculated theta: 0.1304 based on sheep population: 37.50",
            "Calculated theta: 0.1373 based on sheep population: 39.79"
        ],
        "vocalizations": [
            "Calculated theta: 0.2835 based on sheep population: 98.90",
            "Calculated theta: 0.1799 based on sheep population: 54.82",
            "Calculated theta: 0.1386 based on sheep population: 40.24",
            "Calculated theta: 0.1188 based on sheep population: 33.71",
            "Calculated theta: 0.1081 based on sheep population: 30.29",
            "Calculated theta: 0.1022 based on sheep population: 28.46",
            "Calculated theta: 0.0992 based on sheep population: 27.53",
            "Calculated theta: 0.0981 based on sheep population: 27.19",
            "Calculated theta: 0.0983 based on sheep population: 27.27",
            "Calculated theta: 0.0997 based on sheep population: 27.70",
            "Calculated theta: 0.1020 based on sheep population: 28.40",
            "Calculated theta: 0.1051 based on sheep population: 29.36",
            "Calculated theta: 0.1088 based on sheep population: 30.53",
            "Calculated theta: 0.1133 based on sheep population: 31.94",
            "Calculated theta: 0.1184 based on sheep population: 33.58",
            "Calculated theta: 0.1241 based on sheep population: 35.41",
            "Calculated theta: 0.1304 based on sheep population: 37.50",
            "Calculated theta: 0.1373 based on sheep population: 39.79"
        ]
    }
}