{
    "wolf_id": 3,
    "beta": 0.1,
    "gamma": 1.5,
    "delta": 0.75,
    "alive": false,
    "born_at_step": 0,
    "died_at_step": 3,
    "thetas": [
        0.5,
        0.03846190828388143,
        0.04199066761359446,
        0.045830694915460095,
        0.050008938983895905
    ],
    "decision_history": {
        "history_steps": [
            0,
            1,
            2,
            3
        ],
        "new_thetas": [
            0.03846190828388143,
            0.04199066761359446,
            0.045830694915460095,
            0.050008938983895905
        ],
        "prompts": [
            "N/A",
            "N/A",
            "N/A",
            "N/A"
        ],
        "explanations": [
            "Calculated theta: 0.0385 based on sheep population: 10.00",
            "Calculated theta: 0.0420 based on sheep population: 10.96",
            "Calculated theta: 0.0458 based on sheep population: 12.01",
            "Calculated theta: 0.0500 based on sheep population: 13.16"
        ],
        "vocalizations": [
            "Calculated theta: 0.0385 based on sheep population: 10.00",
            "Calculated theta: 0.0420 based on sheep population: 10.96",
            "Calculated theta: 0.0458 based on sheep population: 12.01",
            "Calculated theta: 0.0500 based on sheep population: 13.16"
        ]
    }
}