{
    "wolf_id": 6,
    "beta": 0.1,
    "gamma": 1.5,
    "delta": 0.75,
    "alive": false,
    "born_at_step": 0,
    "died_at_step": 7,
    "thetas": [
        0.5,
        0.0717303494808652,
        0.07782318951118124,
        0.08439966455986354,
        0.09149786192967689,
        0.09915961273536232,
        0.10743102223378682,
        0.11636307670921457,
        0.12601233185634614
    ],
    "decision_history": {
        "history_steps": [
            0,
            1,
            2,
            3,
            4,
            5,
            6,
            7
        ],
        "new_thetas": [
            0.0717303494808652,
            0.07782318951118124,
            0.08439966455986354,
            0.09149786192967689,
            0.09915961273536232,
            0.10743102223378682,
            0.11636307670921457,
            0.12601233185634614
        ],
        "prompts": [
            "N/A",
            "N/A",
            "N/A",
            "N/A",
            "N/A",
            "N/A",
            "N/A",
            "N/A"
        ],
        "explanations": [
            "Calculated theta: 0.0717 based on sheep population: 17.00",
            "Calculated theta: 0.0778 based on sheep population: 18.57",
            "Calculated theta: 0.0844 based on sheep population: 20.28",
            "Calculated theta: 0.0915 based on sheep population: 22.16",
            "Calculated theta: 0.0992 based on sheep population: 24.22",
            "Calculated theta: 0.1074 based on sheep population: 26.48",
            "Calculated theta: 0.1164 based on sheep population: 28.97",
            "Calculated theta: 0.1260 based on sheep population: 31.72"
        ],
        "vocalizations": [
            "Calculated theta: 0.0717 based on sheep population: 17.00",
            "Calculated theta: 0.0778 based on sheep population: 18.57",
            "Calculated theta: 0.0844 based on sheep population: 20.28",
            "Calculated theta: 0.0915 based on sheep population: 22.16",
            "Calculated theta: 0.0992 based on sheep population: 24.22",
            "Calculated theta: 0.1074 based on sheep population: 26.48",
            "Calculated theta: 0.1164 based on sheep population: 28.97",
            "Calculated theta: 0.1260 based on sheep population: 31.72"
        ]
    }
}