{
    "wolf_id": 108,
    "beta": 0.1,
    "gamma": 1.5,
    "delta": 0.75,
    "alive": true,
    "born_at_step": 482,
    "died_at_step": null,
    "thetas": [
        0.24221810421228018,
        0.26429614258507966,
        0.26395492770528173,
        0.2636395407116328,
        0.2633479876311229,
        0.26307843397823205,
        0.26282919121639986,
        0.2620377737529666,
        0.2613086232172412,
        0.26063662593797526,
        0.26001711905146396,
        0.2594458464181505,
        0.25891891943831963,
        0.2584327821467864,
        0.2579841800542586,
        0.2575701322772705,
        0.2571879065614805,
        0.25683499685655786
    ],
    "decision_history": {
        "history_steps": [
            483,
            484,
            485,
            486,
            487,
            488,
            489,
            490,
            491,
            492,
            493,
            494,
            495,
            496,
            497,
            498,
            499
        ],
        "new_thetas": [
            0.26429614258507966,
            0.26395492770528173,
            0.2636395407116328,
            0.2633479876311229,
            0.26307843397823205,
            0.26282919121639986,
            0.2620377737529666,
            0.2613086232172412,
            0.26063662593797526,
            0.26001711905146396,
            0.2594458464181505,
            0.25891891943831963,
            0.2584327821467864,
            0.2579841800542586,
            0.2575701322772705,
            0.2571879065614805,
            0.25683499685655786
        ],
        "prompts": [
            "N/A",
            "N/A",
            "N/A",
            "N/A",
            "N/A",
            "N/A",
            "N/A",
            "N/A",
            "N/A",
            "N/A",
            "N/A",
            "N/A",
            "N/A",
            "N/A",
            "N/A",
            "N/A",
            "N/A"
        ],
        "explanations": [
            "Calculated theta: 0.2643 based on sheep population: 79.03",
            "Calculated theta: 0.2640 based on sheep population: 78.89",
            "Calculated theta: 0.2636 based on sheep population: 78.77",
            "Calculated theta: 0.2633 based on sheep population: 78.65",
            "Calculated theta: 0.2631 based on sheep population: 78.54",
            "Calculated theta: 0.2628 based on sheep population: 78.44",
            "Calculated theta: 0.2620 based on sheep population: 78.12",
            "Calculated theta: 0.2613 based on sheep population: 77.82",
            "Calculated theta: 0.2606 based on sheep population: 77.55",
            "Calculated theta: 0.2600 based on sheep population: 77.30",
            "Calculated theta: 0.2594 based on sheep population: 77.07",
            "Calculated theta: 0.2589 based on sheep population: 76.86",
            "Calculated theta: 0.2584 based on sheep population: 76.67",
            "Calculated theta: 0.2580 based on sheep population: 76.49",
            "Calculated theta: 0.2576 based on sheep population: 76.32",
            "Calculated theta: 0.2572 based on sheep population: 76.17",
            "Calculated theta: 0.2568 based on sheep population: 76.03"
        ],
        "vocalizations": [
            "Calculated theta: 0.2643 based on sheep population: 79.03",
            "Calculated theta: 0.2640 based on sheep population: 78.89",
            "Calculated theta: 0.2636 based on sheep population: 78.77",
            "Calculated theta: 0.2633 based on sheep population: 78.65",
            "Calculated theta: 0.2631 based on sheep population: 78.54",
            "Calculated theta: 0.2628 based on sheep population: 78.44",
            "Calculated theta: 0.2620 based on sheep population: 78.12",
            "Calculated theta: 0.2613 based on sheep population: 77.82",
            "Calculated theta: 0.2606 based on sheep population: 77.55",
            "Calculated theta: 0.2600 based on sheep population: 77.30",
            "Calculated theta: 0.2594 based on sheep population: 77.07",
            "Calculated theta: 0.2589 based on sheep population: 76.86",
            "Calculated theta: 0.2584 based on sheep population: 76.67",
            "Calculated theta: 0.2580 based on sheep population: 76.49",
            "Calculated theta: 0.2576 based on sheep population: 76.32",
            "Calculated theta: 0.2572 based on sheep population: 76.17",
            "Calculated theta: 0.2568 based on sheep population: 76.03"
        ]
    }
}