{
    "wolf_id": 61,
    "beta": 0.1,
    "gamma": 1.5,
    "delta": 0.75,
    "alive": false,
    "born_at_step": 34,
    "died_at_step": 44,
    "thetas": [
        0.7076051007175865,
        0.7076051007175865,
        0.7076051007175865,
        0.7076051007175865,
        0.7076051007175865,
        0.7076051007175865,
        0.7076051007175865,
        0.7076051007175865,
        0.7076051007175865,
        0.7076051007175865,
        0.7076051007175865
    ],
    "decision_history": {
        "history_steps": [],
        "new_thetas": [],
        "prompts": [],
        "explanations": [],
        "vocalizations": []
    }
}