{
    "wolf_id": 65,
    "beta": 0.1,
    "gamma": 1.5,
    "delta": 0.75,
    "alive": false,
    "born_at_step": 35,
    "died_at_step": 45,
    "thetas": [
        0.30426503194016385,
        0.30426503194016385,
        0.30426503194016385,
        0.30426503194016385,
        0.30426503194016385,
        0.30426503194016385,
        0.30426503194016385,
        0.30426503194016385,
        0.30426503194016385,
        0.30426503194016385,
        0.30426503194016385
    ],
    "decision_history": {
        "history_steps": [],
        "new_thetas": [],
        "prompts": [],
        "explanations": [],
        "vocalizations": []
    }
}