{
    "wolf_id": 48,
    "beta": 0.1,
    "gamma": 1.5,
    "delta": 0.75,
    "alive": false,
    "born_at_step": 34,
    "died_at_step": 43,
    "thetas": [
        0.6485413367083864,
        0.6485413367083864,
        0.6485413367083864,
        0.6485413367083864,
        0.6485413367083864,
        0.6485413367083864,
        0.6485413367083864,
        0.6485413367083864,
        0.6485413367083864,
        0.6485413367083864
    ],
    "decision_history": {
        "history_steps": [],
        "new_thetas": [],
        "prompts": [],
        "explanations": [],
        "vocalizations": []
    }
}