{
    "wolf_id": 45,
    "beta": 0.1,
    "gamma": 1.5,
    "delta": 0.75,
    "alive": false,
    "born_at_step": 33,
    "died_at_step": 42,
    "thetas": [
        0.8123225400134549,
        0.8123225400134549,
        0.8123225400134549,
        0.8123225400134549,
        0.8123225400134549,
        0.8123225400134549,
        0.8123225400134549,
        0.8123225400134549,
        0.8123225400134549,
        0.8123225400134549
    ],
    "decision_history": {
        "history_steps": [],
        "new_thetas": [],
        "prompts": [],
        "explanations": [],
        "vocalizations": []
    }
}