{
    "wolf_id": 24,
    "beta": 0.1,
    "gamma": 1.5,
    "delta": 0.75,
    "alive": false,
    "born_at_step": 31,
    "died_at_step": 41,
    "thetas": [
        0.7507289403380222,
        0.7507289403380222,
        0.7507289403380222,
        0.7507289403380222,
        0.7507289403380222,
        0.7507289403380222,
        0.7507289403380222,
        0.7507289403380222,
        0.7507289403380222,
        0.7507289403380222,
        0.7507289403380222
    ],
    "decision_history": {
        "history_steps": [],
        "new_thetas": [],
        "prompts": [],
        "explanations": [],
        "vocalizations": []
    }
}