{
    "wolf_id": 3,
    "beta": 0.1,
    "gamma": 1.5,
    "delta": 0.75,
    "alive": false,
    "born_at_step": 0,
    "died_at_step": 2,
    "thetas": [
        0.5,
        0.009901088128605136,
        0.010869758754466824,
        0.01193219750817171
    ],
    "decision_history": {
        "history_steps": [
            0,
            1,
            2
        ],
        "new_thetas": [
            0.009901088128605136,
            0.010869758754466824,
            0.01193219750817171
        ],
        "prompts": [
            "N/A",
            "N/A",
            "N/A"
        ],
        "explanations": [
            "Calculated theta: 0.0099 based on sheep population: 10.00",
            "Calculated theta: 0.0109 based on sheep population: 10.99",
            "Calculated theta: 0.0119 based on sheep population: 12.08"
        ],
        "vocalizations": [
            "Calculated theta: 0.0099 based on sheep population: 10.00",
            "Calculated theta: 0.0109 based on sheep population: 10.99",
            "Calculated theta: 0.0119 based on sheep population: 12.08"
        ]
    }
}