{
    "wolf_id": 0,
    "beta": 0.1,
    "gamma": 1.5,
    "delta": 0.75,
    "alive": false,
    "born_at_step": 0,
    "died_at_step": 75,
    "thetas": [
        0.5,
        0.13385894971736242,
        0.13395934299601484,
        0.13405978825959952,
        0.13416028550278156,
        0.13426083472017936,
        0.13436143590636448,
        0.1344620890558618,
        0.1345627941631492,
        0.13466355122265788,
        0.13476436022877208,
        0.13486522117582922,
        0.13496613405811975,
        0.13506709886988716,
        0.135168115605328,
        0.13526918425859188,
        0.13537030482378137,
        0.13547147729495196,
        0.13557270166611213,
        0.1356739779312233,
        0.13577530608419974,
        0.13587668611890863,
        0.13597811802916998,
        0.13607960180875664,
        0.13618113745139426,
        0.13628272495076127,
        0.1363843643004889,
        0.136486055494161,
        0.13658779852531436,
        0.13668959338743825,
        0.1367914400739747,
        0.13689333857831842,
        0.13699528889381668,
        0.1370972910137694,
        0.1371993449314291,
        0.13730145064000085,
        0.1374036081326422,
        0.13750581740246334,
        0.1376080784425269,
        0.1377103912458479,
        0.13781275580539404,
        0.13791517211408527,
        0.13801764016479398,
        0.13812015995034505,
        0.13822273146351557,
        0.13832535469703522,
        0.1384280296435858,
        0.13853075629580153,
        0.13863353464626893,
        0.1387363646875267,
        0.1388392464120659,
        0.13894217981232979,
        0.1390451648807138,
        0.1391482016095656,
        0.13925128999118505,
        0.13935443001782408,
        0.13945762168168688,
        0.13956086497492964,
        0.13966415988966074,
        0.1397675064179406,
        0.13987090455178164,
        0.1399743542831484,
        0.14007785560395739,
        0.1401814085060772,
        0.14028501298132828,
        0.1403886690214832,
        0.14049237661826633,
        0.14059613576335403,
        0.1406999464483746,
        0.14080380866490816,
        0.14090772240448673,
        0.14101168765859426,
        0.14111570441866644,
        0.14121977267609087,
        0.14132389242220683,
        0.1414280636483055,
        0.1415322863456298
    ],
    "decision_history": {
        "history_steps": [
            0,
            1,
            2,
            3,
            4,
            5,
            6,
            7,
            8,
            9,
            10,
            11,
            12,
            13,
            14,
            15,
            16,
            17,
            18,
            19,
            20,
            21,
            22,
            23,
            24,
            25,
            26,
            27,
            28,
            29,
            30,
            31,
            32,
            33,
            34,
            35,
            36,
            37,
            38,
            39,
            40,
            41,
            42,
            43,
            44,
            45,
            46,
            47,
            48,
            49,
            50,
            51,
            52,
            53,
            54,
            55,
            56,
            57,
            58,
            59,
            60,
            61,
            62,
            63,
            64,
            65,
            66,
            67,
            68,
            69,
            70,
            71,
            72,
            73,
            74,
            75
        ],
        "new_thetas": [
            0.13385894971736242,
            0.13395934299601484,
            0.13405978825959952,
            0.13416028550278156,
            0.13426083472017936,
            0.13436143590636448,
            0.1344620890558618,
            0.1345627941631492,
            0.13466355122265788,
            0.13476436022877208,
            0.13486522117582922,
            0.13496613405811975,
            0.13506709886988716,
            0.135168115605328,
            0.13526918425859188,
            0.13537030482378137,
            0.13547147729495196,
            0.13557270166611213,
            0.1356739779312233,
            0.13577530608419974,
            0.13587668611890863,
            0.13597811802916998,
            0.13607960180875664,
            0.13618113745139426,
            0.13628272495076127,
            0.1363843643004889,
            0.136486055494161,
            0.13658779852531436,
            0.13668959338743825,
            0.1367914400739747,
            0.13689333857831842,
            0.13699528889381668,
            0.1370972910137694,
            0.1371993449314291,
            0.13730145064000085,
            0.1374036081326422,
            0.13750581740246334,
            0.1376080784425269,
            0.1377103912458479,
            0.13781275580539404,
            0.13791517211408527,
            0.13801764016479398,
            0.13812015995034505,
            0.13822273146351557,
            0.13832535469703522,
            0.1384280296435858,
            0.13853075629580153,
            0.13863353464626893,
            0.1387363646875267,
            0.1388392464120659,
            0.13894217981232979,
            0.1390451648807138,
            0.1391482016095656,
            0.13925128999118505,
            0.13935443001782408,
            0.13945762168168688,
            0.13956086497492964,
            0.13966415988966074,
            0.1397675064179406,
            0.13987090455178164,
            0.1399743542831484,
            0.14007785560395739,
            0.1401814085060772,
            0.14028501298132828,
            0.1403886690214832,
            0.14049237661826633,
            0.14059613576335403,
            0.1406999464483746,
            0.14080380866490816,
            0.14090772240448673,
            0.14101168765859426,
            0.14111570441866644,
            0.14121977267609087,
            0.14132389242220683,
            0.1414280636483055,
            0.1415322863456298
        ],
        "prompts": [
            "N/A",
            "N/A",
            "N/A",
            "N/A",
            "N/A",
            "N/A",
            "N/A",
            "N/A",
            "N/A",
            "N/A",
            "N/A",
            "N/A",
            "N/A",
            "N/A",
            "N/A",
            "N/A",
            "N/A",
            "N/A",
            "N/A",
            "N/A",
            "N/A",
            "N/A",
            "N/A",
            "N/A",
            "N/A",
            "N/A",
            "N/A",
            "N/A",
            "N/A",
            "N/A",
            "N/A",
            "N/A",
            "N/A",
            "N/A",
            "N/A",
            "N/A",
            "N/A",
            "N/A",
            "N/A",
            "N/A",
            "N/A",
            "N/A",
            "N/A",
            "N/A",
            "N/A",
            "N/A",
            "N/A",
            "N/A",
            "N/A",
            "N/A",
            "N/A",
            "N/A",
            "N/A",
            "N/A",
            "N/A",
            "N/A",
            "N/A",
            "N/A",
            "N/A",
            "N/A",
            "N/A",
            "N/A",
            "N/A",
            "N/A",
            "N/A",
            "N/A",
            "N/A",
            "N/A",
            "N/A",
            "N/A",
            "N/A",
            "N/A",
            "N/A",
            "N/A",
            "N/A",
            "N/A"
        ],