{
    "wolf_id": 4,
    "beta": 0.1,
    "gamma": 1.5,
    "delta": 0.75,
    "alive": false,
    "born_at_step": 0,
    "died_at_step": 7,
    "thetas": [
        0.5,
        0.8000015999872002,
        0.8019032853426337,
        0.80375871887031,
        0.8069287426763453,
        0.8113419927916822,
        0.8169162836119633,
        0.8223014792507768,
        0.8287411479585272
    ],
    "decision_history": {
        "history_steps": [
            0,
            1,
            2,
            3,
            4,
            5,
            6,
            7
        ],
        "new_thetas": [
            0.8000015999872002,
            0.8019032853426337,
            0.80375871887031,
            0.8069287426763453,
            0.8113419927916822,
            0.8169162836119633,
            0.8223014792507768,
            0.8287411479585272
        ],
        "prompts": [
            "N/A",
            "N/A",
            "N/A",
            "N/A",
            "N/A",
            "N/A",
            "N/A",
            "N/A"
        ],
        "explanations": [
            "Calculated theta: 0.8000 based on sheep population: 10.00",
            "Calculated theta: 0.8019 based on sheep population: 10.12",
            "Calculated theta: 0.8038 based on sheep population: 10.24",
            "Calculated theta: 0.8069 based on sheep population: 10.45",
            "Calculated theta: 0.8113 based on sheep population: 10.75",
            "Calculated theta: 0.8169 based on sheep population: 11.15",
            "Calculated theta: 0.8223 based on sheep population: 11.57",
            "Calculated theta: 0.8287 based on sheep population: 12.10"
        ],
        "vocalizations": [
            "Calculated theta: 0.8000 based on sheep population: 10.00",
            "Calculated theta: 0.8019 based on sheep population: 10.12",
            "Calculated theta: 0.8038 based on sheep population: 10.24",
            "Calculated theta: 0.8069 based on sheep population: 10.45",
            "Calculated theta: 0.8113 based on sheep population: 10.75",
            "Calculated theta: 0.8169 based on sheep population: 11.15",
            "Calculated theta: 0.8223 based on sheep population: 11.57",
            "Calculated theta: 0.8287 based on sheep population: 12.10"
        ]
    }
}