{
    "wolf_id": 74,
    "beta": 0.1,
    "gamma": 1.5,
    "delta": 0.75,
    "alive": false,
    "born_at_step": 94,
    "died_at_step": 156,
    "thetas": [
        0.5,
        0.9027036218441946,
        0.8653828209957959,
        0.8202207714617104,
        0.7712757554574821,
        0.7260849661596287,
        0.6891698142419184,
        0.6592459541684017,
        0.6381227087942138,
        0.6233549892395689,
        0.6144291556986962,
        0.610867153986815,
        0.6106785454846236,
        0.613668332382219,
        0.6196771249455745,
        0.6270347070838924,
        0.6372298611905656,
        0.6486336258852775,
        0.6596826379968543,
        0.6719027946458346,
        0.6852360437888065,
        0.6996133289946902,
        0.7134875001328548,
        0.728307960763114,
        0.7425514799559867,
        0.7562176137143543,
        0.7706742875318658,
        0.7844683178032643,
        0.7976052597732594,
        0.8100942281114065,
        0.8219474098385189,
        0.8343330858503728,
        0.8460023327087527,
        0.8569760930066647,
        0.8672778043991914,
        0.8769328438726631,
        0.8859680213167718,
        0.8944111250368293,
        0.9022905198958632,
        0.9096347972215683,
        0.9164724744236531,
        0.9228317414041771,
        0.9287402502626725,
        0.934224944453193,
        0.9393119233973298,
        0.9440263385544174,
        0.948392317060903,
        0.9524329092434739,
        0.9561700565585213,
        0.9596245767922363,
        0.962816163653948,
        0.9657633981970722,
        0.968183278015911,
        0.9704359381046445,
        0.9722654712126945,
        0.9734657477788772,
        0.974097221511398,
        0.9736384522238279,
        0.9713490461409143,
        0.9653676468161079,
        0.951014261188255,
        0.9166509606833099,
        0.8421000273826195
    ],
    "decision_history": {
        "history_steps": [
            95,
            96,
            97,
            98,
            99,
            100,
            101,
            102,
            103,
            104,
            105,
            106,
            107,
            108,
            109,
            110,
            111,
            112,
            113,
            114,
            115,
            116,
            117,
            118,
            119,
            120,
            121,
            122,
            123,
            124,
            125,
            126,
            127,
            128,
            129,
            130,
            131,
            132,
            133,
            134,
            135,
            136,
            137,
            138,
            139,
            140,
            141,
            142,
            143,
            144,
            145,
            146,
            147,
            148,
            149,
            150,
            151,
            152,
            153,
            154,
            155,
            156
        ],
        "new_thetas": [
            0.9027036218441946,
            0.8653828209957959,
            0.8202207714617104,
            0.7712757554574821,
            0.7260849661596287,
            0.6891698142419184,
            0.6592459541684017,
            0.6381227087942138,
            0.6233549892395689,
            0.6144291556986962,
            0.610867153986815,
            0.6106785454846236,
            0.613668332382219,
            0.6196771249455745,
            0.6270347070838924,
            0.6372298611905656,
            0.6486336258852775,
            0.6596826379968543,
            0.6719027946458346,
            0.6852360437888065,
            0.6996133289946902,
            0.7134875001328548,
            0.728307960763114,
            0.7425514799559867,
            0.7562176137143543,
            0.7706742875318658,
            0.7844683178032643,
            0.7976052597732594,
            0.8100942281114065,
            0.8219474098385189,
            0.8343330858503728,
            0.8460023327087527,
            0.8569760930066647,
            0.8672778043991914,
            0.8769328438726631,
            0.8859680213167718,
            0.8944111250368293,
            0.9022905198958632,
            0.9096347972215683,
            0.9164724744236531,
            0.9228317414041771,
            0.9287402502626725,
            0.934224944453193,
            0.9393119233973298,
            0.9440263385544174,
            0.948392317060903,
            0.9524329092434739,
            0.9561700565585213,
            0.9596245767922363,
            0.962816163653948,
            0.9657633981970722,
            0.968183278015911,
            0.9704359381046445,
            0.9722654712126945,
            0.9734657477788772,
            0.974097221511398,
            0.9736384522238279,
            0.9713490461409143,
            0.9653676468161079,
            0.951014261188255,
            0.9166509606833099,
            0.8421000273826195
        ],
        "prompts": [
            "N/A",
            "N/A",
            "N/A",
            "N/A",
            "N/A",
            "N/A",
            "N/A",
            "N/A",
            "N/A",
            "N/A",
            "N/A",
            "N/A",
            "N/A",
            "N/A",
            "N/A",
            "N/A",
            "N/A",
            "N/A",
            "N/A",
            "N/A",
            "N/A",
            "N/A",
            "N/A",
            "N/A",
            "N/A",
            "N/A",
            "N/A",
            "N/A",
            "N/A",
            "N/A",
            "N/A",
            "N/A",
            "N/A",
            "N/A",
            "N/A",
            "N/A",
            "N/A",
            "N/A",
            "N/A",
            "N/A",
            "N/A",
            "N/A",
            "N/A",
            "N/A",
            "N/A",
            "N/A",
            "N/A",
            "N/A",
            "N/A",
            "N/A",
            "N/A",
            "N/A",
            "N/A",
            "N/A",
            "N/A",
            "N/A",
            "N/A",
            "N/A",
            "N/A",
            "N/A",
            "N/A",
            "N/A"
        ],