{
    "wolf_id": 41,
    "beta": 0.1,
    "gamma": 1.5,
    "delta": 0.75,
    "alive": false,
    "born_at_step": 87,
    "died_at_step": 98,
    "thetas": [
        0.5,
        0.9635150980953938,
        0.9636765098780545,
        0.9626985758924617,
        0.9600265582430304,
        0.9547351657102607,
        0.9451170783407574,
        0.9287478926265291,
        0.9027036218441946,
        0.8653828209957959,
        0.8202207714617104,
        0.7712757554574821
    ],
    "decision_history": {
        "history_steps": [
            88,
            89,
            90,
            91,
            92,
            93,
            94,
            95,
            96,
            97,
            98
        ],
        "new_thetas": [
            0.9635150980953938,
            0.9636765098780545,
            0.9626985758924617,
            0.9600265582430304,
            0.9547351657102607,
            0.9451170783407574,
            0.9287478926265291,
            0.9027036218441946,
            0.8653828209957959,
            0.8202207714617104,
            0.7712757554574821
        ],
        "prompts": [
            "N/A",
            "N/A",
            "N/A",
            "N/A",
            "N/A",
            "N/A",
            "N/A",
            "N/A",
            "N/A",
            "N/A",
            "N/A"
        ],
        "explanations": [
            "Calculated theta: 0.9635 based on sheep population: 66.02",
            "Calculated theta: 0.9637 based on sheep population: 66.33",
            "Calculated theta: 0.9627 based on sheep population: 64.52",
            "Calculated theta: 0.9600 based on sheep population: 60.04",
            "Calculated theta: 0.9547 based on sheep population: 52.73",
            "Calculated theta: 0.9451 based on sheep population: 43.05",
            "Calculated theta: 0.9287 based on sheep population: 32.59",
            "Calculated theta: 0.9027 based on sheep population: 23.19",
            "Calculated theta: 0.8654 based on sheep population: 16.07",
            "Calculated theta: 0.8202 based on sheep population: 11.41",
            "Calculated theta: 0.7713 based on sheep population: 8.43"
        ],
        "vocalizations": [
            "Calculated theta: 0.9635 based on sheep population: 66.02",
            "Calculated theta: 0.9637 based on sheep population: 66.33",
            "Calculated theta: 0.9627 based on sheep population: 64.52",
            "Calculated theta: 0.9600 based on sheep population: 60.04",
            "Calculated theta: 0.9547 based on sheep population: 52.73",
            "Calculated theta: 0.9451 based on sheep population: 43.05",
            "Calculated theta: 0.9287 based on sheep population: 32.59",
            "Calculated theta: 0.9027 based on sheep population: 23.19",
            "Calculated theta: 0.8654 based on sheep population: 16.07",
            "Calculated theta: 0.8202 based on sheep population: 11.41",
            "Calculated theta: 0.7713 based on sheep population: 8.43"
        ]
    }
}