{
    "wolf_id": 49,
    "beta": 0.1,
    "gamma": 1.5,
    "delta": 0.75,
    "alive": false,
    "born_at_step": 89,
    "died_at_step": 101,
    "thetas": [
        0.5,
        0.9626985758924617,
        0.9600265582430304,
        0.9547351657102607,
        0.9451170783407574,
        0.9287478926265291,
        0.9027036218441946,
        0.8653828209957959,
        0.8202207714617104,
        0.7712757554574821,
        0.7260849661596287,
        0.6891698142419184,
        0.6592459541684017
    ],
    "decision_history": {
        "history_steps": [
            90,
            91,
            92,
            93,
            94,
            95,
            96,
            97,
            98,
            99,
            100,
            101
        ],
        "new_thetas": [
            0.9626985758924617,
            0.9600265582430304,
            0.9547351657102607,
            0.9451170783407574,
            0.9287478926265291,
            0.9027036218441946,
            0.8653828209957959,
            0.8202207714617104,
            0.7712757554574821,
            0.7260849661596287,
            0.6891698142419184,
            0.6592459541684017
        ],
        "prompts": [
            "N/A",
            "N/A",
            "N/A",
            "N/A",
            "N/A",
            "N/A",
            "N/A",
            "N/A",
            "N/A",
            "N/A",
            "N/A",
            "N/A"
        ],
        "explanations": [
            "Calculated theta: 0.9627 based on sheep population: 64.52",
            "Calculated theta: 0.9600 based on sheep population: 60.04",
            "Calculated theta: 0.9547 based on sheep population: 52.73",
            "Calculated theta: 0.9451 based on sheep population: 43.05",
            "Calculated theta: 0.9287 based on sheep population: 32.59",
            "Calculated theta: 0.9027 based on sheep population: 23.19",
            "Calculated theta: 0.8654 based on sheep population: 16.07",
            "Calculated theta: 0.8202 based on sheep population: 11.41",
            "Calculated theta: 0.7713 based on sheep population: 8.43",
            "Calculated theta: 0.7261 based on sheep population: 6.63",
            "Calculated theta: 0.6892 based on sheep population: 5.54",
            "Calculated theta: 0.6592 based on sheep population: 4.84"
        ],
        "vocalizations": [
            "Calculated theta: 0.9627 based on sheep population: 64.52",
            "Calculated theta: 0.9600 based on sheep population: 60.04",
            "Calculated theta: 0.9547 based on sheep population: 52.73",
            "Calculated theta: 0.9451 based on sheep population: 43.05",
            "Calculated theta: 0.9287 based on sheep population: 32.59",
            "Calculated theta: 0.9027 based on sheep population: 23.19",
            "Calculated theta: 0.8654 based on sheep population: 16.07",
            "Calculated theta: 0.8202 based on sheep population: 11.41",
            "Calculated theta: 0.7713 based on sheep population: 8.43",
            "Calculated theta: 0.7261 based on sheep population: 6.63",
            "Calculated theta: 0.6892 based on sheep population: 5.54",
            "Calculated theta: 0.6592 based on sheep population: 4.84"
        ]
    }
}