{
    "wolf_id": 69,
    "beta": 0.1,
    "gamma": 1.5,
    "delta": 0.75,
    "alive": false,
    "born_at_step": 93,
    "died_at_step": 112,
    "thetas": [
        0.5,
        0.9287478926265291,
        0.9027036218441946,
        0.8653828209957959,
        0.8202207714617104,
        0.7712757554574821,
        0.7260849661596287,
        0.6891698142419184,
        0.6592459541684017,
        0.6381227087942138,
        0.6233549892395689,
        0.6144291556986962,
        0.610867153986815,
        0.6106785454846236,
        0.613668332382219,
        0.6196771249455745,
        0.6270347070838924,
        0.6372298611905656,
        0.6486336258852775,
        0.6596826379968543
    ],
    "decision_history": {
        "history_steps": [
            94,
            95,
            96,
            97,
            98,
            99,
            100,
            101,
            102,
            103,
            104,
            105,
            106,
            107,
            108,
            109,
            110,
            111,
            112
        ],
        "new_thetas": [
            0.9287478926265291,
            0.9027036218441946,
            0.8653828209957959,
            0.8202207714617104,
            0.7712757554574821,
            0.7260849661596287,
            0.6891698142419184,
            0.6592459541684017,
            0.6381227087942138,
            0.6233549892395689,
            0.6144291556986962,
            0.610867153986815,
            0.6106785454846236,
            0.613668332382219,
            0.6196771249455745,
            0.6270347070838924,
            0.6372298611905656,
            0.6486336258852775,
            0.6596826379968543
        ],
        "prompts": [
            "N/A",
            "N/A",
            "N/A",
            "N/A",
            "N/A",
            "N/A",
            "N/A",
            "N/A",
            "N/A",
            "N/A",
            "N/A",
            "N/A",
            "N/A",
            "N/A",
            "N/A",
            "N/A",
            "N/A",
            "N/A",
            "N/A"
        ],
        "explanations": [
            "Calculated theta: 0.9287 based on sheep population: 32.59",
            "Calculated theta: 0.9027 based on sheep population: 23.19",
            "Calculated theta: 0.8654 based on sheep population: 16.07",
            "Calculated theta: 0.8202 based on sheep population: 11.41",
            "Calculated theta: 0.7713 based on sheep population: 8.43",
            "Calculated theta: 0.7261 based on sheep population: 6.63",
            "Calculated theta: 0.6892 based on sheep population: 5.54",
            "Calculated theta: 0.6592 based on sheep population: 4.84",
            "Calculated theta: 0.6381 based on sheep population: 4.41",
            "Calculated theta: 0.6234 based on sheep population: 4.14",
            "Calculated theta: 0.6144 based on sheep population: 3.98",
            "Calculated theta: 0.6109 based on sheep population: 3.92",
            "Calculated theta: 0.6107 based on sheep population: 3.92",
            "Calculated theta: 0.6137 based on sheep population: 3.97",
            "Calculated theta: 0.6197 based on sheep population: 4.07",
            "Calculated theta: 0.6270 based on sheep population: 4.20",
            "Calculated theta: 0.6372 based on sheep population: 4.39",
            "Calculated theta: 0.6486 based on sheep population: 4.61",
            "Calculated theta: 0.6597 based on sheep population: 4.85"
        ],
        "vocalizations": [
            "Calculated theta: 0.9287 based on sheep population: 32.59",
            "Calculated theta: 0.9027 based on sheep population: 23.19",
            "Calculated theta: 0.8654 based on sheep population: 16.07",
            "Calculated theta: 0.8202 based on sheep population: 11.41",
            "Calculated theta: 0.7713 based on sheep population: 8.43",
            "Calculated theta: 0.7261 based on sheep population: 6.63",
            "Calculated theta: 0.6892 based on sheep population: 5.54",
            "Calculated theta: 0.6592 based on sheep population: 4.84",
            "Calculated theta: 0.6381 based on sheep population: 4.41",
            "Calculated theta: 0.6234 based on sheep population: 4.14",
            "Calculated theta: 0.6144 based on sheep population: 3.98",
            "Calculated theta: 0.6109 based on sheep population: 3.92",
            "Calculated theta: 0.6107 based on sheep population: 3.92",
            "Calculated theta: 0.6137 based on sheep population: 3.97",
            "Calculated theta: 0.6197 based on sheep population: 4.07",
            "Calculated theta: 0.6270 based on sheep population: 4.20",
            "Calculated theta: 0.6372 based on sheep population: 4.39",
            "Calculated theta: 0.6486 based on sheep population: 4.61",
            "Calculated theta: 0.6597 based on sheep population: 4.85"
        ]
    }
}