{
    "wolf_id": 10,
    "beta": 0.1,
    "gamma": 1.5,
    "delta": 0.75,
    "alive": false,
    "born_at_step": 25,
    "died_at_step": 44,
    "thetas": [
        0.5,
        0.9405265140869506,
        0.9436340023429286,
        0.9465818145370467,
        0.948900560780142,
        0.9506506262507679,
        0.9518766781029038,
        0.952609036539169,
        0.9523919378396474,
        0.9511966755889238,
        0.9489389815354176,
        0.9448884671550278,
        0.9386333632401027,
        0.9295415797951889,
        0.9166997683989161,
        0.8999812715825806,
        0.8797301977020593,
        0.8570075104770013,
        0.8320518230285905,
        0.8069504998789072
    ],
    "decision_history": {
        "history_steps": [
            26,
            27,
            28,
            29,
            30,
            31,
            32,
            33,
            34,
            35,
            36,
            37,
            38,
            39,
            40,
            41,
            42,
            43,
            44
        ],
        "new_thetas": [
            0.9405265140869506,
            0.9436340023429286,
            0.9465818145370467,
            0.948900560780142,
            0.9506506262507679,
            0.9518766781029038,
            0.952609036539169,
            0.9523919378396474,
            0.9511966755889238,
            0.9489389815354176,
            0.9448884671550278,
            0.9386333632401027,
            0.9295415797951889,
            0.9166997683989161,
            0.8999812715825806,
            0.8797301977020593,
            0.8570075104770013,
            0.8320518230285905,
            0.8069504998789072
        ],
        "prompts": [
            "N/A",
            "N/A",
            "N/A",
            "N/A",
            "N/A",
            "N/A",
            "N/A",
            "N/A",
            "N/A",
            "N/A",
            "N/A",
            "N/A",
            "N/A",
            "N/A",
            "N/A",
            "N/A",
            "N/A",
            "N/A",
            "N/A"
        ],
        "explanations": [
            "Calculated theta: 0.9405 based on sheep population: 39.54",
            "Calculated theta: 0.9436 based on sheep population: 41.85",
            "Calculated theta: 0.9466 based on sheep population: 44.30",
            "Calculated theta: 0.9489 based on sheep population: 46.42",
            "Calculated theta: 0.9507 based on sheep population: 48.16",
            "Calculated theta: 0.9519 based on sheep population: 49.45",
            "Calculated theta: 0.9526 based on sheep population: 50.25",
            "Calculated theta: 0.9524 based on sheep population: 50.01",
            "Calculated theta: 0.9512 based on sheep population: 48.73",
            "Calculated theta: 0.9489 based on sheep population: 46.46",
            "Calculated theta: 0.9449 based on sheep population: 42.86",
            "Calculated theta: 0.9386 based on sheep population: 38.24",
            "Calculated theta: 0.9295 based on sheep population: 32.98",
            "Calculated theta: 0.9167 based on sheep population: 27.51",
            "Calculated theta: 0.9000 based on sheep population: 22.50",
            "Calculated theta: 0.8797 based on sheep population: 18.29",
            "Calculated theta: 0.8570 based on sheep population: 14.98",
            "Calculated theta: 0.8321 based on sheep population: 12.39",
            "Calculated theta: 0.8070 based on sheep population: 10.45"
        ],
        "vocalizations": [
            "Calculated theta: 0.9405 based on sheep population: 39.54",
            "Calculated theta: 0.9436 based on sheep population: 41.85",
            "Calculated theta: 0.9466 based on sheep population: 44.30",
            "Calculated theta: 0.9489 based on sheep population: 46.42",
            "Calculated theta: 0.9507 based on sheep population: 48.16",
            "Calculated theta: 0.9519 based on sheep population: 49.45",
            "Calculated theta: 0.9526 based on sheep population: 50.25",
            "Calculated theta: 0.9524 based on sheep population: 50.01",
            "Calculated theta: 0.9512 based on sheep population: 48.73",
            "Calculated theta: 0.9489 based on sheep population: 46.46",
            "Calculated theta: 0.9449 based on sheep population: 42.86",
            "Calculated theta: 0.9386 based on sheep population: 38.24",
            "Calculated theta: 0.9295 based on sheep population: 32.98",
            "Calculated theta: 0.9167 based on sheep population: 27.51",
            "Calculated theta: 0.9000 based on sheep population: 22.50",
            "Calculated theta: 0.8797 based on sheep population: 18.29",
            "Calculated theta: 0.8570 based on sheep population: 14.98",
            "Calculated theta: 0.8321 based on sheep population: 12.39",
            "Calculated theta: 0.8070 based on sheep population: 10.45"
        ]
    }
}