{
    "wolf_id": 6,
    "beta": 0.1,
    "gamma": 1.5,
    "delta": 0.75,
    "alive": false,
    "born_at_step": 0,
    "died_at_step": 18,
    "thetas": [
        0.5,
        0.13385894971736242,
        0.13881267761850108,
        0.143888545370265,
        0.14917737260551078,
        0.15459417447184268,
        0.16024230263068606,
        0.16602477252063452,
        0.17205898881663315,
        0.17823452244314716,
        0.18468449586761704,
        0.1912834439239255,
        0.19818202004885418,
        0.20523797325773413,
        0.2124489072317172,
        0.21981203408957842,
        0.22751823919641953,
        0.23538522654048605,
        0.24340939925196795,
        0.25158673342001153
    ],
    "decision_history": {
        "history_steps": [
            0,
            1,
            2,
            3,
            4,
            5,
            6,
            7,
            8,
            9,
            10,
            11,
            12,
            13,
            14,
            15,
            16,
            17,
            18
        ],
        "new_thetas": [
            0.13385894971736242,
            0.13881267761850108,
            0.143888545370265,
            0.14917737260551078,
            0.15459417447184268,
            0.16024230263068606,
            0.16602477252063452,
            0.17205898881663315,
            0.17823452244314716,
            0.18468449586761704,
            0.1912834439239255,
            0.19818202004885418,
            0.20523797325773413,
            0.2124489072317172,
            0.21981203408957842,
            0.22751823919641953,
            0.23538522654048605,
            0.24340939925196795,
            0.25158673342001153
        ],
        "prompts": [
            "N/A",
            "N/A",
            "N/A",
            "N/A",
            "N/A",
            "N/A",
            "N/A",
            "N/A",
            "N/A",
            "N/A",
            "N/A",
            "N/A",
            "N/A",
            "N/A",
            "N/A",
            "N/A",
            "N/A",
            "N/A",
            "N/A"
        ],
        "explanations": [
            "Calculated theta: 0.1339 based on sheep population: 17.00",
            "Calculated theta: 0.1388 based on sheep population: 17.73",
            "Calculated theta: 0.1439 based on sheep population: 18.49",
            "Calculated theta: 0.1492 based on sheep population: 19.29",
            "Calculated theta: 0.1546 based on sheep population: 20.11",
            "Calculated theta: 0.1602 based on sheep population: 20.99",
            "Calculated theta: 0.1660 based on sheep population: 21.90",
            "Calculated theta: 0.1721 based on sheep population: 22.86",
            "Calculated theta: 0.1782 based on sheep population: 23.86",
            "Calculated theta: 0.1847 based on sheep population: 24.92",
            "Calculated theta: 0.1913 based on sheep population: 26.02",
            "Calculated theta: 0.1982 based on sheep population: 27.19",
            "Calculated theta: 0.2052 based on sheep population: 28.41",
            "Calculated theta: 0.2124 based on sheep population: 29.67",
            "Calculated theta: 0.2198 based on sheep population: 30.99",
            "Calculated theta: 0.2275 based on sheep population: 32.40",
            "Calculated theta: 0.2354 based on sheep population: 33.86",
            "Calculated theta: 0.2434 based on sheep population: 35.39",
            "Calculated theta: 0.2516 based on sheep population: 36.98"
        ],
        "vocalizations": [
            "Calculated theta: 0.1339 based on sheep population: 17.00",
            "Calculated theta: 0.1388 based on sheep population: 17.73",
            "Calculated theta: 0.1439 based on sheep population: 18.49",
            "Calculated theta: 0.1492 based on sheep population: 19.29",
            "Calculated theta: 0.1546 based on sheep population: 20.11",
            "Calculated theta: 0.1602 based on sheep population: 20.99",
            "Calculated theta: 0.1660 based on sheep population: 21.90",
            "Calculated theta: 0.1721 based on sheep population: 22.86",
            "Calculated theta: 0.1782 based on sheep population: 23.86",
            "Calculated theta: 0.1847 based on sheep population: 24.92",
            "Calculated theta: 0.1913 based on sheep population: 26.02",
            "Calculated theta: 0.1982 based on sheep population: 27.19",
            "Calculated theta: 0.2052 based on sheep population: 28.41",
            "Calculated theta: 0.2124 based on sheep population: 29.67",
            "Calculated theta: 0.2198 based on sheep population: 30.99",
            "Calculated theta: 0.2275 based on sheep population: 32.40",
            "Calculated theta: 0.2354 based on sheep population: 33.86",
            "Calculated theta: 0.2434 based on sheep population: 35.39",
            "Calculated theta: 0.2516 based on sheep population: 36.98"
        ]
    }
}