{
    "wolf_id": 138,
    "beta": 0.1,
    "gamma": 1.5,
    "delta": 0.75,
    "alive": false,
    "born_at_step": 250,
    "died_at_step": 332,
    "thetas": [
        0.0568503098387263,
        0.0568503098387263,
        0.0568503098387263,
        0.0568503098387263,
        0.15,
        0.15,
        0.15,
        0.15,
        0.15,
        0.15,
        0.15,
        0.25,
        0.25,
        0.25,
        0.25,
        0.4,
        0.4,
        0.4,
        0.4,
        0.4,
        0.4,
        0.4,
        0.4,
        0.4,
        0.5,
        0.5,
        0.65,
        0.65,
        0.65,
        0.65,
        0.45,
        0.55,
        0.65,
        0.75,
        0.6,
        0.5,
        0.65,
        0.5,
        0.4,
        0.4,
        0.4,
        0.6,
        0.5,
        0.5,
        0.65,
        0.65,
        0.65,
        0.65,
        0.65,
        0.75,
        0.75,
        0.75,
        0.75,
        0.75,
        0.75,
        0.6,
        0.6,
        0.6,
        0.6,
        0.5,
        0.5,
        0.5,
        0.5,
        0.5,
        0.5,
        0.3,
        0.3,
        0.3,
        0.5,
        0.5,
        0.5,
        0.5,
        0.75,
        0.6,
        0.6,
        0.6,
        0.6,
        0.6,
        0.6,
        0.6,
        0.4,
        0.4,
        0.4
    ],
    "decision_history": {
        "history_steps": [
            254,
            261,
            265,
            274,
            276,
            280,
            281,
            282,
            283,
            284,
            285,
            286,
            287,
            288,
            291,
            292,
            294,
            299,
            305,
            309,
            315,
            318,
            322,
            323,
            330
        ],
        "new_thetas": [
            0.15,
            0.25,
            0.4,
            0.5,
            0.65,
            0.45,
            0.55,
            0.65,
            0.75,
            0.6,
            0.5,
            0.65,
            0.5,
            0.4,
            0.6,
            0.5,
            0.65,
            0.75,
            0.6,
            0.5,
            0.3,
            0.5,
            0.75,
            0.6,
            0.4
        ],
        "prompts": [
            "You are a wolf who can adjust hunting intensity (theta) between 0 and 1.\nNormal wolves always hunt at maximum intensity (theta=1), but you can choose differently.\n\nCurrent situation:\n- Sheep: 40.12 (decreased by 1.39)\n- Wolves: 23.00 (stayed the same by 0.00)\n- Your previous theta: 0.06\n- The trend is that wolves (stayed the same) recently.\nChoose your new theta (0-1) to help ensure your survival.\nRemember: Other wolves are also trying to survive, but you don't control their choices.\nPlease provide a short explanation of your reasoning for choosing theta.\nPlease also provide a short vocalization expressing your wolf's attitude about the current situation.\nPlease respond with a JSON object in this format, where [your new theta] is a float between 0 and 1 with your new theta (up to 2 decimal places):\n\n            {\n                \"theta\": [your new theta],\n                \"explanation\": \"I chose this theta because...\",\n                \"vocalization\": \"Growwllllllll...\"\n            }\n            ",
            null,
            "You are a wolf who can adjust hunting intensity (theta) between 0 and 1.\nNormal wolves always hunt at maximum intensity (theta=1), but you can choose differently.\n\nCurrent situation:\n- Sheep: 25.90 (decreased by 0.51)\n- Wolves: 20.00 (decreased by 1.00)\n- Your previous theta: 0.25\n- The trend is that wolves (decreased) recently.\nChoose your new theta (0-1) to help ensure your survival.\nRemember: Other wolves are also trying to survive, but you don't control their choices.\nPlease provide a short explanation of your reasoning for choosing theta.\nPlease also provide a short vocalization expressing your wolf's attitude about the current situation.\nPlease respond with a JSON object in this format, where [your new theta] is a float between 0 and 1 with your new theta (up to 2 decimal places):\n\n            {\n                \"theta\": [your new theta],\n                \"explanation\": \"I chose this theta because...\",\n                \"vocalization\": \"Growwllllllll...\"\n            }\n            ",
            null,
            null,
            null,
            null,
            "You are a wolf who can adjust hunting intensity (theta) between 0 and 1.\nNormal wolves always hunt at maximum intensity (theta=1), but you can choose differently.\n\nCurrent situation:\n- Sheep: 35.61 (increased by 1.13)\n- Wolves: 11.00 (stayed the same by 0.00)\n- Your previous theta: 0.55\n- The trend is that wolves (stayed the same) recently.\nChoose your new theta (0-1) to help ensure your survival.\nRemember: Other wolves are also trying to survive, but you don't control their choices.\nPlease provide a short explanation of your reasoning for choosing theta.\nPlease also provide a short vocalization expressing your wolf's attitude about the current situation.\nPlease respond with a JSON object in this format, where [your new theta] is a float between 0 and 1 with your new theta (up to 2 decimal places):\n\n            {\n                \"theta\": [your new theta],\n                \"explanation\": \"I chose this theta because...\",\n                \"vocalization\": \"Growwllllllll...\"\n            }\n            ",
            null,
            null,
            null,
            null,
            null,
            null,
            "You are a wolf who can adjust hunting intensity (theta) between 0 and 1.\nNormal wolves always hunt at maximum intensity (theta=1), but you can choose differently.\n\nCurrent situation:\n- Sheep: 43.31 (increased by 1.04)\n- Wolves: 13.00 (stayed the same by 0.00)\n- Your previous theta: 0.40\n- The trend is that wolves (stayed the same) recently.\nChoose your new theta (0-1) to help ensure your survival.\nRemember: Other wolves are also trying to survive, but you don't control their choices.\nPlease provide a short explanation of your reasoning for choosing theta.\nPlease also provide a short vocalization expressing your wolf's attitude about the current situation.\nPlease respond with a JSON object in this format, where [your new theta] is a float between 0 and 1 with your new theta (up to 2 decimal places):\n\n            {\n                \"theta\": [your new theta],\n                \"explanation\": \"I chose this theta because...\",\n                \"vocalization\": \"Growwllllllll...\"\n            }\n            ",
            "You are a wolf who can adjust hunting intensity (theta) between 0 and 1.\nNormal wolves always hunt at maximum intensity (theta=1), but you can choose differently.\n\nCurrent situation:\n- Sheep: 43.99 (increased by 0.69)\n- Wolves: 14.00 (increased by 1.00)\n- Your previous theta: 0.60\n- The trend is that wolves (increased) recently.\nChoose your new theta (0-1) to help ensure your survival.\nRemember: Other wolves are also trying to survive, but you don't control their choices.\nPlease provide a short explanation of your reasoning for choosing theta.\nPlease also provide a short vocalization expressing your wolf's attitude about the current situation.\nPlease respond with a JSON object in this format, where [your new theta] is a float between 0 and 1 with your new theta (up to 2 decimal places):\n\n            {\n                \"theta\": [your new theta],\n                \"explanation\": \"I chose this theta because...\",\n                \"vocalization\": \"Growwllllllll...\"\n            }\n            ",
