{
    "wolf_id": 1,
    "beta": 0.1,
    "gamma": 1.5,
    "delta": 0.75,
    "alive": false,
    "born_at_step": 0,
    "died_at_step": 1,
    "thetas": [
        0.604807405953858,
        0.07407441700947519,
        0.08033168897085162
    ],
    "decision_history": {
        "history_steps": [
            0,
            1
        ],
        "new_thetas": [
            0.07407441700947519,
            0.08033168897085162
        ],
        "prompts": [
            "N/A",
            "N/A"
        ],
        "explanations": [
            "Calculated theta: 0.0741 based on sheep population: 20.00",
            "Calculated theta: 0.0803 based on sheep population: 21.84"
        ],
        "vocalizations": [
            "Calculated theta: 0.0741 based on sheep population: 20.00",
            "Calculated theta: 0.0803 based on sheep population: 21.84"
        ]
    }
}