{
    "wolf_id": 7,
    "beta": 0.1,
    "gamma": 1.5,
    "delta": 0.75,
    "alive": false,
    "born_at_step": 0,
    "died_at_step": 11,
    "thetas": [
        0.35235578050767735,
        0.07407441700947519,
        0.08033168897085162,
        0.08708205094826574,
        0.09436412629850596,
        0.10222034978797494,
        0.11069750795746766,
        0.11984735550213219,
        0.12972731165284124,
        0.14024403118785897,
        0.15141058683094447,
        0.16344402290707866,
        0.176182555792346
    ],
    "decision_history": {
        "history_steps": [
            0,
            1,
            2,
            3,
            4,
            5,
            6,
            7,
            8,
            9,
            10,
            11
        ],
        "new_thetas": [
            0.07407441700947519,
            0.08033168897085162,
            0.08708205094826574,
            0.09436412629850596,
            0.10222034978797494,
            0.11069750795746766,
            0.11984735550213219,
            0.12972731165284124,
            0.14024403118785897,
            0.15141058683094447,
            0.16344402290707866,
            0.176182555792346
        ],
        "prompts": [
            "N/A",
            "N/A",
            "N/A",
            "N/A",
            "N/A",
            "N/A",
            "N/A",
            "N/A",
            "N/A",
            "N/A",
            "N/A",
            "N/A"
        ],
        "explanations": [
            "Calculated theta: 0.0741 based on sheep population: 20.00",
            "Calculated theta: 0.0803 based on sheep population: 21.84",
            "Calculated theta: 0.0871 based on sheep population: 23.85",
            "Calculated theta: 0.0944 based on sheep population: 26.05",
            "Calculated theta: 0.1022 based on sheep population: 28.46",
            "Calculated theta: 0.1107 based on sheep population: 31.12",
            "Calculated theta: 0.1198 based on sheep population: 34.04",
            "Calculated theta: 0.1297 based on sheep population: 37.27",
            "Calculated theta: 0.1402 based on sheep population: 40.78",
            "Calculated theta: 0.1514 based on sheep population: 44.61",
            "Calculated theta: 0.1634 based on sheep population: 48.84",
            "Calculated theta: 0.1762 based on sheep population: 53.47"
        ],
        "vocalizations": [
            "Calculated theta: 0.0741 based on sheep population: 20.00",
            "Calculated theta: 0.0803 based on sheep population: 21.84",
            "Calculated theta: 0.0871 based on sheep population: 23.85",
            "Calculated theta: 0.0944 based on sheep population: 26.05",
            "Calculated theta: 0.1022 based on sheep population: 28.46",
            "Calculated theta: 0.1107 based on sheep population: 31.12",
            "Calculated theta: 0.1198 based on sheep population: 34.04",
            "Calculated theta: 0.1297 based on sheep population: 37.27",
            "Calculated theta: 0.1402 based on sheep population: 40.78",
            "Calculated theta: 0.1514 based on sheep population: 44.61",
            "Calculated theta: 0.1634 based on sheep population: 48.84",
            "Calculated theta: 0.1762 based on sheep population: 53.47"
        ]
    }
}