{
    "wolf_id": 159,
    "beta": 0.1,
    "gamma": 1.5,
    "delta": 0.75,
    "alive": false,
    "born_at_step": 68,
    "died_at_step": 88,
    "thetas": [
        0.1448414678178832,
        0.3349681205565561,
        0.33261198262200437,
        0.3263255044009677,
        0.31579304430853067,
        0.30184486048789955,
        0.2861905943718886,
        0.26958431012632567,
        0.2533010916605674,
        0.2387352434210846,
        0.22615988143718246,
        0.2156556349633859,
        0.2072012156111433,
        0.20111755510456839,
        0.1969018503428672,
        0.19421100608117092,
        0.19280758360510764,
        0.19252697331973578,
        0.19325684294079865,
        0.19492400159907108,
        0.1974859336214703
    ],
    "decision_history": {
        "history_steps": [
            69,
            70,
            71,
            72,
            73,
            74,
            75,
            76,
            77,
            78,
            79,
            80,
            81,
            82,
            83,
            84,
            85,
            86,
            87,
            88
        ],
        "new_thetas": [
            0.3349681205565561,
            0.33261198262200437,
            0.3263255044009677,
            0.31579304430853067,
            0.30184486048789955,
            0.2861905943718886,
            0.26958431012632567,
            0.2533010916605674,
            0.2387352434210846,
            0.22615988143718246,
            0.2156556349633859,
            0.2072012156111433,
            0.20111755510456839,
            0.1969018503428672,
            0.19421100608117092,
            0.19280758360510764,
            0.19252697331973578,
            0.19325684294079865,
            0.19492400159907108,
            0.1974859336214703
        ],
        "prompts": [
            "N/A",
            "N/A",
            "N/A",
            "N/A",
            "N/A",
            "N/A",
            "N/A",
            "N/A",
            "N/A",
            "N/A",
            "N/A",
            "N/A",
            "N/A",
            "N/A",
            "N/A",
            "N/A",
            "N/A",
            "N/A",
            "N/A",
            "N/A"
        ],
        "explanations": [
            "Calculated theta: 0.3350 based on sheep population: 125.92",
            "Calculated theta: 0.3326 based on sheep population: 124.59",
            "Calculated theta: 0.3263 based on sheep population: 121.10",
            "Calculated theta: 0.3158 based on sheep population: 115.39",
            "Calculated theta: 0.3018 based on sheep population: 108.09",
            "Calculated theta: 0.2862 based on sheep population: 100.23",
            "Calculated theta: 0.2696 based on sheep population: 92.27",
            "Calculated theta: 0.2533 based on sheep population: 84.81",
            "Calculated theta: 0.2387 based on sheep population: 78.40",
            "Calculated theta: 0.2262 based on sheep population: 73.06",
            "Calculated theta: 0.2157 based on sheep population: 68.74",
            "Calculated theta: 0.2072 based on sheep population: 65.34",
            "Calculated theta: 0.2011 based on sheep population: 62.94",
            "Calculated theta: 0.1969 based on sheep population: 61.29",
            "Calculated theta: 0.1942 based on sheep population: 60.25",
            "Calculated theta: 0.1928 based on sheep population: 59.72",
            "Calculated theta: 0.1925 based on sheep population: 59.61",
            "Calculated theta: 0.1933 based on sheep population: 59.89",
            "Calculated theta: 0.1949 based on sheep population: 60.53",
            "Calculated theta: 0.1975 based on sheep population: 61.52"
        ],
        "vocalizations": [
            "Calculated theta: 0.3350 based on sheep population: 125.92",
            "Calculated theta: 0.3326 based on sheep population: 124.59",
            "Calculated theta: 0.3263 based on sheep population: 121.10",
            "Calculated theta: 0.3158 based on sheep population: 115.39",
            "Calculated theta: 0.3018 based on sheep population: 108.09",
            "Calculated theta: 0.2862 based on sheep population: 100.23",
            "Calculated theta: 0.2696 based on sheep population: 92.27",
            "Calculated theta: 0.2533 based on sheep population: 84.81",
            "Calculated theta: 0.2387 based on sheep population: 78.40",
            "Calculated theta: 0.2262 based on sheep population: 73.06",
            "Calculated theta: 0.2157 based on sheep population: 68.74",
            "Calculated theta: 0.2072 based on sheep population: 65.34",
            "Calculated theta: 0.2011 based on sheep population: 62.94",
            "Calculated theta: 0.1969 based on sheep population: 61.29",
            "Calculated theta: 0.1942 based on sheep population: 60.25",
            "Calculated theta: 0.1928 based on sheep population: 59.72",
            "Calculated theta: 0.1925 based on sheep population: 59.61",
            "Calculated theta: 0.1933 based on sheep population: 59.89",
            "Calculated theta: 0.1949 based on sheep population: 60.53",
            "Calculated theta: 0.1975 based on sheep population: 61.52"
        ]
    }
}