{
    "wolf_id": 251,
    "beta": 0.1,
    "gamma": 1.5,
    "delta": 0.75,
    "alive": true,
    "born_at_step": 497,
    "died_at_step": null,
    "thetas": [
        0.8111787979066616,
        0.25007050275713605,
        0.24973678678664551
    ],
    "decision_history": {
        "history_steps": [
            498,
            499
        ],
        "new_thetas": [
            0.25007050275713605,
            0.24973678678664551
        ],
        "prompts": [
            "N/A",
            "N/A"
        ],
        "explanations": [
            "Calculated theta: 0.2501 based on sheep population: 83.36",
            "Calculated theta: 0.2497 based on sheep population: 83.22"
        ],
        "vocalizations": [
            "Calculated theta: 0.2501 based on sheep population: 83.36",
            "Calculated theta: 0.2497 based on sheep population: 83.22"
        ]
    }
}