{
    "wolf_id": 2,
    "beta": 0.1,
    "gamma": 1.5,
    "delta": 0.75,
    "alive": false,
    "born_at_step": 0,
    "died_at_step": 44,
    "thetas": [
        0.5,
        0.7555566419704801,
        0.7564008225776921,
        0.7572398732491045,
        0.7580738333815097,
        0.7589027420540762,
        0.7597266380301347,
        0.760545559758985,
        0.7613595453777241,
        0.7621686327130952,
        0.7629728592833527,
        0.7637722623001453,
        0.7648457763767957,
        0.7659123944178321,
        0.7669721692091929,
        0.7680251531658572,
        0.769071398331914,
        0.7701109563807341,
        0.7711438786152395,
        0.7721702159682674,
        0.773190019003026,
        0.7742033379136367,
        0.7752102225257603,
        0.7762107222973054,
        0.7772048863192119,
        0.7784645400341379,
        0.7797155851252354,
        0.7809580859739149,
        0.7821921065956784,
        0.7834177106368833,
        0.7846349613717252,
        0.7858439216994335,
        0.7870446541416731,
        0.7882372208401441,
        0.789421683554376,
        0.7905981036597078,
        0.7917665421454488,
        0.7929270596132139,
        0.7940797162754294,
        0.7952245719539999,
        0.7963616860791349,
        0.7974911176883275,
        0.7986129254254795,
        0.7997271675401713,
        0.8008339018870665,
        0.8019331859254508
    ],
    "decision_history": {
        "history_steps": [
            0,
            1,
            2,
            3,
            4,
            5,
            6,
            7,
            8,
            9,
            10,
            11,
            12,
            13,
            14,
            15,
            16,
            17,
            18,
            19,
            20,
            21,
            22,
            23,
            24,
            25,
            26,
            27,
            28,
            29,
            30,
            31,
            32,
            33,
            34,
            35,
            36,
            37,
            38,
            39,
            40,
            41,
            42,
            43,
            44
        ],
        "new_thetas": [
            0.7555566419704801,
            0.7564008225776921,
            0.7572398732491045,
            0.7580738333815097,
            0.7589027420540762,
            0.7597266380301347,
            0.760545559758985,
            0.7613595453777241,
            0.7621686327130952,
            0.7629728592833527,
            0.7637722623001453,
            0.7648457763767957,
            0.7659123944178321,
            0.7669721692091929,
            0.7680251531658572,
            0.769071398331914,
            0.7701109563807341,
            0.7711438786152395,
            0.7721702159682674,
            0.773190019003026,
            0.7742033379136367,
            0.7752102225257603,
            0.7762107222973054,
            0.7772048863192119,
            0.7784645400341379,
            0.7797155851252354,
            0.7809580859739149,
            0.7821921065956784,
            0.7834177106368833,
            0.7846349613717252,
            0.7858439216994335,
            0.7870446541416731,
            0.7882372208401441,
            0.789421683554376,
            0.7905981036597078,
            0.7917665421454488,
            0.7929270596132139,
            0.7940797162754294,
            0.7952245719539999,
            0.7963616860791349,
            0.7974911176883275,
            0.7986129254254795,
            0.7997271675401713,
            0.8008339018870665,
            0.8019331859254508
        ],
        "prompts": [
            "N/A",
            "N/A",
            "N/A",
            "N/A",
            "N/A",
            "N/A",
            "N/A",
            "N/A",
            "N/A",
            "N/A",
            "N/A",
            "N/A",
            "N/A",
            "N/A",
            "N/A",
            "N/A",
            "N/A",
            "N/A",
            "N/A",
            "N/A",
            "N/A",
            "N/A",
            "N/A",
            "N/A",
            "N/A",
            "N/A",
            "N/A",
            "N/A",
            "N/A",
            "N/A",
            "N/A",
            "N/A",
            "N/A",
            "N/A",
            "N/A",
            "N/A",
            "N/A",
            "N/A",
            "N/A",
            "N/A",
            "N/A",
            "N/A",
            "N/A",
            "N/A",
            "N/A"
        ],
        "explanations": [
            "Calculated theta: 0.7556 based on sheep population: 17.00",
            "Calculated theta: 0.7564 based on sheep population: 17.08",
            "Calculated theta: 0.7572 based on sheep population: 17.16",
            "Calculated theta: 0.7581 based on sheep population: 17.23",
            "Calculated theta: 0.7589 based on sheep population: 17.31",
            "Calculated theta: 0.7597 based on sheep population: 17.39",
            "Calculated theta: 0.7605 based on sheep population: 17.47",
            "Calculated theta: 0.7614 based on sheep population: 17.55",
            "Calculated theta: 0.7622 based on sheep population: 17.63",
            "Calculated theta: 0.7630 based on sheep population: 17.70",
            "Calculated theta: 0.7638 based on sheep population: 17.78",
            "Calculated theta: 0.7648 based on sheep population: 17.89",
            "Calculated theta: 0.7659 based on sheep population: 18.00",
            "Calculated theta: 0.7670 based on sheep population: 18.10",
            "Calculated theta: 0.7680 based on sheep population: 18.21",
            "Calculated theta: 0.7691 based on sheep population: 18.32",
            "Calculated theta: 0.7701 based on sheep population: 18.42",
            "Calculated theta: 0.7711 based on sheep population: 18.53",
            "Calculated theta: 0.7722 based on sheep population: 18.64",
            "Calculated theta: 0.7732 based on sheep population: 18.75",
            "Calculated theta: 0.7742 based on sheep population: 18.86",
            "Calculated theta: 0.7752 based on sheep population: 18.97",
            "Calculated theta: 0.7762 based on sheep population: 19.08",
            "Calculated theta: 0.7772 based on sheep population: 19.19",
            "Calculated theta: 0.7785 based on sheep population: 19.33",
            "Calculated theta: 0.7797 based on sheep population: 19.47",
            "Calculated theta: 0.7810 based on sheep population: 19.61",
            "Calculated theta: 0.7822 based on sheep population: 19.75",
            "Calculated theta: 0.7834 based on sheep population: 19.89",
            "Calculated theta: 0.7846 based on sheep population: 20.04",
            "Calculated theta: 0.7858 based on sheep population: 20.18",
            "Calculated theta: 0.7870 based on sheep population: 20.33",
            "Calculated theta: 0.7882 based on sheep population: 20.47",
            "Calculated theta: 0.7894 based on sheep population: 20.62",
            "Calculated theta: 0.7906 based on sheep population: 20.77",
            "Calculated theta: 0.7918 based on sheep population: 20.91",
            "Calculated theta: 0.7929 based on sheep population: 21.06",
            "Calculated theta: 0.7941 based on sheep population: 21.21",
            "Calculated theta: 0.7952 based on sheep population: 21.36",
            "Calculated theta: 0.7964 based on sheep population: 21.51",
            "Calculated theta: 0.7975 based on sheep population: 21.66",
            "Calculated theta: 0.7986 based on sheep population: 21.81",
            "Calculated theta: 0.7997 based on sheep population: 21.96",
            "Calculated theta: 0.8008 based on sheep population: 22.12",
            "Calculated theta: 0.8019 based on sheep population: 22.27"
        ],