{
    "wolf_id": 282,
    "beta": 0.1,
    "gamma": 1.5,
    "delta": 0.75,
    "alive": false,
    "born_at_step": 202,
    "died_at_step": 251,
    "thetas": [
        0.21981686134894407,
        0.36083014282818054,
        0.34673478368688315,
        0.3333345301176631,
        0.32249421729812244,
        0.313654772330359,
        0.3080484863106643,
        0.3065513452870362,
        0.3083983765101409,
        0.3131353764857791,
        0.32051100277542177,
        0.3287854777496317,
        0.33796729044981777,
        0.3480774673498307,
        0.3573112694038039,
        0.36571184497112746,
        0.3733287580624934,
        0.3781580116699496,
        0.3803625838136776,
        0.3780061842779262,
        0.37163966678928734,
        0.3619598068500713,
        0.35181570477642077,
        0.34142086388607196,
        0.3309536957937296,
        0.3223673524366962,
        0.3152809063549962,
        0.31270907134131903,
        0.31214218274287525,
        0.31486134954223655,
        0.32046632005626546,
        0.32710666784460635,
        0.33475297123222436,
        0.34339519424900794,
        0.35303967419977633,
        0.36182947421509487,
        0.3698115018146141,
        0.37703753808327534,
        0.38147360345186243,
        0.38113882885442696,
        0.37649628001814556,
        0.3681864276430524,
        0.3569590325303084,
        0.3456436993481477,
        0.334402205721579,
        0.3252024097792984,
        0.31762514582125845,
        0.31302832423617527,
        0.31079432438687316,
        0.3120908674157126
    ],
    "decision_history": {
        "history_steps": [
            203,
            204,
            205,
            206,
            207,
            208,
            209,
            210,
            211,
            212,
            213,
            214,
            215,
            216,
            217,
            218,
            219,
            220,
            221,
            222,
            223,
            224,
            225,
            226,
            227,
            228,
            229,
            230,
            231,
            232,
            233,
            234,
            235,
            236,
            237,
            238,
            239,
            240,
            241,
            242,
            243,
            244,
            245,
            246,
            247,
            248,
            249,
            250,
            251
        ],
        "new_thetas": [
            0.36083014282818054,
            0.34673478368688315,
            0.3333345301176631,
            0.32249421729812244,
            0.313654772330359,
            0.3080484863106643,
            0.3065513452870362,
            0.3083983765101409,
            0.3131353764857791,
            0.32051100277542177,
            0.3287854777496317,
            0.33796729044981777,
            0.3480774673498307,
            0.3573112694038039,
            0.36571184497112746,
            0.3733287580624934,
            0.3781580116699496,
            0.3803625838136776,
            0.3780061842779262,
            0.37163966678928734,
            0.3619598068500713,
            0.35181570477642077,
            0.34142086388607196,
            0.3309536957937296,
            0.3223673524366962,
            0.3152809063549962,
            0.31270907134131903,
            0.31214218274287525,
            0.31486134954223655,
            0.32046632005626546,
            0.32710666784460635,
            0.33475297123222436,
            0.34339519424900794,
            0.35303967419977633,
            0.36182947421509487,
            0.3698115018146141,
            0.37703753808327534,
            0.38147360345186243,
            0.38113882885442696,
            0.37649628001814556,
            0.3681864276430524,
            0.3569590325303084,
            0.3456436993481477,
            0.334402205721579,
            0.3252024097792984,
            0.31762514582125845,
            0.31302832423617527,
            0.31079432438687316,
            0.3120908674157126
        ],
        "prompts": [
            "N/A",
            "N/A",
            "N/A",
            "N/A",
            "N/A",
            "N/A",
            "N/A",
            "N/A",
            "N/A",
            "N/A",
            "N/A",
            "N/A",
            "N/A",
            "N/A",
            "N/A",
            "N/A",
            "N/A",
            "N/A",
            "N/A",
            "N/A",
            "N/A",
            "N/A",
            "N/A",
            "N/A",
            "N/A",
            "N/A",
            "N/A",
            "N/A",
            "N/A",
            "N/A",
            "N/A",
            "N/A",
            "N/A",
            "N/A",
            "N/A",
            "N/A",
            "N/A",
            "N/A",
            "N/A",
            "N/A",
            "N/A",
            "N/A",
            "N/A",
            "N/A",
            "N/A",
            "N/A",
            "N/A",
            "N/A",
            "N/A"
        ],