{
    "wolf_id": 316,
    "beta": 0.1,
    "gamma": 1.5,
    "delta": 0.75,
    "alive": false,
    "born_at_step": 265,
    "died_at_step": 331,
    "thetas": [
        0.978893959596913,
        0.3412313249802767,
        0.3307987070351825,
        0.32223978824009086,
        0.31517532242803653,
        0.3126193846815157,
        0.3136761894746613,
        0.3162059399137865,
        0.3216657113242613,
        0.32818339487822407,
        0.3357253501397983,
        0.3442782705614309,
        0.3520295651548246,
        0.3590302265585026,
        0.36533419160731606,
        0.3709962754123847,
        0.37401949614835506,
        0.3746084084666176,
        0.3730150640626986,
        0.36739684176213966,
        0.3584224977206781,
        0.3488868874554789,
        0.3390109501964153,
        0.3308554351722955,
        0.32408495874827575,
        0.31843848698472915,
        0.31538843499931135,
        0.31607816284905876,
        0.3199342094097407,
        0.3249868633225645,
        0.331161489257092,
        0.33841225280624615,
        0.34671643973791694,
        0.3542340395749656,
        0.3610171922553335,
        0.36712029468736324,
        0.37259810057040327,
        0.37543961517255386,
        0.3737366923770744,
        0.3701415718271135,
        0.3628380052210945,
        0.35461417799849937,
        0.3437199403350118,
        0.33474984487868276,
        0.32732213434357527,
        0.32114123201548084,
        0.31767759966746895,
        0.3164060975192471,
        0.3185958049344462,
        0.322156690388407,
        0.3269635445569438,
        0.33293165030142086,
        0.3400075577819558,
        0.3481627088573407,
        0.35554062912318585,
        0.3621940435099976,
        0.36817754211428716,
        0.3735457773477518,
        0.3741928053317192,
        0.37265416673100565,
        0.3670897272151206,
        0.3602643392410858,
        0.3504125316602785,
        0.34026677703895114,
        0.33189506660661466,
        0.32494989107259314,
        0.3191611690742431
    ],
    "decision_history": {
        "history_steps": [
            266,
            267,
            268,
            269,
            270,
            271,
            272,
            273,
            274,
            275,
            276,
            277,
            278,
            279,
            280,
            281,
            282,
            283,
            284,
            285,
            286,
            287,
            288,
            289,
            290,
            291,
            292,
            293,
            294,
            295,
            296,
            297,
            298,
            299,
            300,
            301,
            302,
            303,
            304,
            305,
            306,
            307,
            308,
            309,
            310,
            311,
            312,
            313,
            314,
            315,
            316,
            317,
            318,
            319,
            320,
            321,
            322,
            323,
            324,
            325,
            326,
            327,
            328,
            329,
            330,
            331
        ],
        "new_thetas": [
            0.3412313249802767,
            0.3307987070351825,
            0.32223978824009086,
            0.31517532242803653,
            0.3126193846815157,
            0.3136761894746613,
            0.3162059399137865,
            0.3216657113242613,
            0.32818339487822407,
            0.3357253501397983,
            0.3442782705614309,
            0.3520295651548246,
            0.3590302265585026,
            0.36533419160731606,
            0.3709962754123847,
            0.37401949614835506,
            0.3746084084666176,
            0.3730150640626986,
            0.36739684176213966,
            0.3584224977206781,
            0.3488868874554789,
            0.3390109501964153,
            0.3308554351722955,
            0.32408495874827575,
            0.31843848698472915,
            0.31538843499931135,
            0.31607816284905876,
            0.3199342094097407,
            0.3249868633225645,
            0.331161489257092,
            0.33841225280624615,
            0.34671643973791694,
            0.3542340395749656,
            0.3610171922553335,
            0.36712029468736324,
            0.37259810057040327,
            0.37543961517255386,
            0.3737366923770744,
            0.3701415718271135,
            0.3628380052210945,
            0.35461417799849937,
            0.3437199403350118,
            0.33474984487868276,
            0.32732213434357527,
            0.32114123201548084,
            0.31767759966746895,
            0.3164060975192471,
            0.3185958049344462,
            0.322156690388407,
            0.3269635445569438,
            0.33293165030142086,
            0.3400075577819558,
            0.3481627088573407,
            0.35554062912318585,
            0.3621940435099976,
            0.36817754211428716,
            0.3735457773477518,
            0.3741928053317192,
            0.37265416673100565,
            0.3670897272151206,
            0.3602643392410858,
            0.3504125316602785,
            0.34026677703895114,
            0.33189506660661466,
            0.32494989107259314,
            0.3191611690742431
        ],
        "prompts": [
            "N/A",
            "N/A",
            "N/A",
            "N/A",
            "N/A",
            "N/A",
            "N/A",
            "N/A",
            "N/A",
            "N/A",
            "N/A",
            "N/A",
            "N/A",
            "N/A",
            "N/A",
            "N/A",
            "N/A",
            "N/A",
            "N/A",
            "N/A",
            "N/A",
            "N/A",
            "N/A",
            "N/A",
            "N/A",
            "N/A",
            "N/A",
            "N/A",
            "N/A",
            "N/A",
            "N/A",
            "N/A",
            "N/A",
            "N/A",
            "N/A",
            "N/A",
            "N/A",
            "N/A",
            "N/A",
            "N/A",
            "N/A",
            "N/A",
            "N/A",
            "N/A",
            "N/A",
            "N/A",
            "N/A",
            "N/A",
            "N/A",
            "N/A",
            "N/A",
            "N/A",
            "N/A",
            "N/A",
            "N/A",
            "N/A",
            "N/A",
            "N/A",
            "N/A",
            "N/A",
            "N/A",
            "N/A",
            "N/A",
            "N/A",
            "N/A",
            "N/A"
        ],