{
    "wolf_id": 261,
    "beta": 0.1,
    "gamma": 1.5,
    "delta": 0.75,
    "alive": false,
    "born_at_step": 179,
    "died_at_step": 210,
    "thetas": [
        0.05933817432373312,
        0.3889317113852352,
        0.38316807021245913,
        0.37153885304088513,
        0.35755355526168714,
        0.34202158540660693,
        0.3276086503236971,
        0.3160459259388298,
        0.3066844400673772,
        0.3022306144824645,
        0.3015764692380928,
        0.3055668637517863,
        0.3121512963168207,
        0.3211938515157005,
        0.3310404719803643,
        0.341728193091381,
        0.3533024260850153,
        0.36394808569378523,
        0.3736981315231716,
        0.3825953508430363,
        0.38643445731516923,
        0.387673663321521,
        0.38209222907076085,
        0.37288487283158167,
        0.36083014282818054,
        0.34673478368688315,
        0.3333345301176631,
        0.32249421729812244,
        0.313654772330359,
        0.3080484863106643,
        0.3065513452870362,
        0.3083983765101409
    ],
    "decision_history": {
        "history_steps": [
            180,
            181,
            182,
            183,
            184,
            185,
            186,
            187,
            188,
            189,
            190,
            191,
            192,
            193,
            194,
            195,
            196,
            197,
            198,
            199,
            200,
            201,
            202,
            203,
            204,
            205,
            206,
            207,
            208,
            209,
            210
        ],
        "new_thetas": [
            0.3889317113852352,
            0.38316807021245913,
            0.37153885304088513,
            0.35755355526168714,
            0.34202158540660693,
            0.3276086503236971,
            0.3160459259388298,
            0.3066844400673772,
            0.3022306144824645,
            0.3015764692380928,
            0.3055668637517863,
            0.3121512963168207,
            0.3211938515157005,
            0.3310404719803643,
            0.341728193091381,
            0.3533024260850153,
            0.36394808569378523,
            0.3736981315231716,
            0.3825953508430363,
            0.38643445731516923,
            0.387673663321521,
            0.38209222907076085,
            0.37288487283158167,
            0.36083014282818054,
            0.34673478368688315,
            0.3333345301176631,
            0.32249421729812244,
            0.313654772330359,
            0.3080484863106643,
            0.3065513452870362,
            0.3083983765101409
        ],
        "prompts": [
            "N/A",
            "N/A",
            "N/A",
            "N/A",
            "N/A",
            "N/A",
            "N/A",
            "N/A",
            "N/A",
            "N/A",
            "N/A",
            "N/A",
            "N/A",
            "N/A",
            "N/A",
            "N/A",
            "N/A",
            "N/A",
            "N/A",
            "N/A",
            "N/A",
            "N/A",
            "N/A",
            "N/A",
            "N/A",
            "N/A",
            "N/A",
            "N/A",
            "N/A",
            "N/A",
            "N/A"
        ],
        "explanations": [
            "Calculated theta: 0.3889 based on sheep population: 70.01",
            "Calculated theta: 0.3832 based on sheep population: 68.33",
            "Calculated theta: 0.3715 based on sheep population: 65.03",
            "Calculated theta: 0.3576 based on sheep population: 61.22",
            "Calculated theta: 0.3420 based on sheep population: 57.18",
            "Calculated theta: 0.3276 based on sheep population: 53.60",
            "Calculated theta: 0.3160 based on sheep population: 50.83",
            "Calculated theta: 0.3067 based on sheep population: 48.66",
            "Calculated theta: 0.3022 based on sheep population: 47.65",
            "Calculated theta: 0.3016 based on sheep population: 47.50",
            "Calculated theta: 0.3056 based on sheep population: 48.40",
            "Calculated theta: 0.3122 based on sheep population: 49.92",
            "Calculated theta: 0.3212 based on sheep population: 52.05",
            "Calculated theta: 0.3310 based on sheep population: 54.43",
            "Calculated theta: 0.3417 based on sheep population: 57.10",
            "Calculated theta: 0.3533 based on sheep population: 60.09",
            "Calculated theta: 0.3639 based on sheep population: 62.94",
            "Calculated theta: 0.3737 based on sheep population: 65.63",
            "Calculated theta: 0.3826 based on sheep population: 68.17",
            "Calculated theta: 0.3864 based on sheep population: 69.28",
            "Calculated theta: 0.3877 based on sheep population: 69.64",
            "Calculated theta: 0.3821 based on sheep population: 68.02",
            "Calculated theta: 0.3729 based on sheep population: 65.41",
            "Calculated theta: 0.3608 based on sheep population: 62.10",
            "Calculated theta: 0.3467 based on sheep population: 58.38",
            "Calculated theta: 0.3333 based on sheep population: 55.00",
            "Calculated theta: 0.3225 based on sheep population: 52.36",
            "Calculated theta: 0.3137 based on sheep population: 50.27",
            "Calculated theta: 0.3080 based on sheep population: 48.97",
            "Calculated theta: 0.3066 based on sheep population: 48.63",
            "Calculated theta: 0.3084 based on sheep population: 49.05"
        ],
        "vocalizations": [
            "Calculated theta: 0.3889 based on sheep population: 70.01",
            "Calculated theta: 0.3832 based on sheep population: 68.33",
            "Calculated theta: 0.3715 based on sheep population: 65.03",
            "Calculated theta: 0.3576 based on sheep population: 61.22",
            "Calculated theta: 0.3420 based on sheep population: 57.18",
            "Calculated theta: 0.3276 based on sheep population: 53.60",
            "Calculated theta: 0.3160 based on sheep population: 50.83",
            "Calculated theta: 0.3067 based on sheep population: 48.66",
            "Calculated theta: 0.3022 based on sheep population: 47.65",
            "Calculated theta: 0.3016 based on sheep population: 47.50",
            "Calculated theta: 0.3056 based on sheep population: 48.40",
            "Calculated theta: 0.3122 based on sheep population: 49.92",
            "Calculated theta: 0.3212 based on sheep population: 52.05",
            "Calculated theta: 0.3310 based on sheep population: 54.43",
            "Calculated theta: 0.3417 based on sheep population: 57.10",
            "Calculated theta: 0.3533 based on sheep population: 60.09",
            "Calculated theta: 0.3639 based on sheep population: 62.94",
            "Calculated theta: 0.3737 based on sheep population: 65.63",
            "Calculated theta: 0.3826 based on sheep population: 68.17",
            "Calculated theta: 0.3864 based on sheep population: 69.28",
            "Calculated theta: 0.3877 based on sheep population: 69.64",
            "Calculated theta: 0.3821 based on sheep population: 68.02",
            "Calculated theta: 0.3729 based on sheep population: 65.41",
            "Calculated theta: 0.3608 based on sheep population: 62.10",
            "Calculated theta: 0.3467 based on sheep population: 58.38",
            "Calculated theta: 0.3333 based on sheep population: 55.00",
            "Calculated theta: 0.3225 based on sheep population: 52.36",
            "Calculated theta: 0.3137 based on sheep population: 50.27",
            "Calculated theta: 0.3080 based on sheep population: 48.97",
            "Calculated theta: 0.3066 based on sheep population: 48.63",
            "Calculated theta: 0.3084 based on sheep population: 49.05"
        ]
    }
}