{
    "wolf_id": 405,
    "beta": 0.1,
    "gamma": 1.5,
    "delta": 0.75,
    "alive": true,
    "born_at_step": 469,
    "died_at_step": null,
    "thetas": [
        0.2883497479425614,
        0.3540470297261621,
        0.34525690669381986,
        0.3360186570694273,
        0.3283751698951667,
        0.32201923300505564,
        0.318420414431697,
        0.3170424490359912,
        0.317511017184531,
        0.3211994585214564,
        0.32611246178475045,
        0.33216969930521234,
        0.3393210329171661,
        0.34754044298880443,
        0.35497855700651576,
        0.36168785695683214,
        0.36772285709296176,
        0.37313825931159034,
        0.3759183161321687,
        0.3741521855551537,
        0.3704987413916625,
        0.3631389922256528,
        0.35279091669417184,
        0.3422224403119788,
        0.33351254000642444,
        0.32629447237937265,
        0.32028382757864343,
        0.3169518176089277,
        0.3157840582073067,
        0.31805157915191046,
        0.321676529320262
    ],
    "decision_history": {
        "history_steps": [
            470,
            471,
            472,
            473,
            474,
            475,
            476,
            477,
            478,
            479,
            480,
            481,
            482,
            483,
            484,
            485,
            486,
            487,
            488,
            489,
            490,
            491,
            492,
            493,
            494,
            495,
            496,
            497,
            498,
            499
        ],
        "new_thetas": [
            0.3540470297261621,
            0.34525690669381986,
            0.3360186570694273,
            0.3283751698951667,
            0.32201923300505564,
            0.318420414431697,
            0.3170424490359912,
            0.317511017184531,
            0.3211994585214564,
            0.32611246178475045,
            0.33216969930521234,
            0.3393210329171661,
            0.34754044298880443,
            0.35497855700651576,
            0.36168785695683214,
            0.36772285709296176,
            0.37313825931159034,
            0.3759183161321687,
            0.3741521855551537,
            0.3704987413916625,
            0.3631389922256528,
            0.35279091669417184,
            0.3422224403119788,
            0.33351254000642444,
            0.32629447237937265,
            0.32028382757864343,
            0.3169518176089277,
            0.3157840582073067,
            0.31805157915191046,
            0.321676529320262
        ],
        "prompts": [
            "N/A",
            "N/A",
            "N/A",
            "N/A",
            "N/A",
            "N/A",
            "N/A",
            "N/A",
            "N/A",
            "N/A",
            "N/A",
            "N/A",
            "N/A",
            "N/A",
            "N/A",
            "N/A",
            "N/A",
            "N/A",
            "N/A",
            "N/A",
            "N/A",
            "N/A",
            "N/A",
            "N/A",
            "N/A",
            "N/A",
            "N/A",
            "N/A",
            "N/A",
            "N/A"
        ],
        "explanations": [
            "Calculated theta: 0.3540 based on sheep population: 60.29",
            "Calculated theta: 0.3453 based on sheep population: 58.00",
            "Calculated theta: 0.3360 based on sheep population: 55.67",
            "Calculated theta: 0.3284 based on sheep population: 53.78",
            "Calculated theta: 0.3220 based on sheep population: 52.25",
            "Calculated theta: 0.3184 based on sheep population: 51.39",
            "Calculated theta: 0.3170 based on sheep population: 51.06",
            "Calculated theta: 0.3175 based on sheep population: 51.17",
            "Calculated theta: 0.3212 based on sheep population: 52.05",
            "Calculated theta: 0.3261 based on sheep population: 53.23",
            "Calculated theta: 0.3322 based on sheep population: 54.71",
            "Calculated theta: 0.3393 based on sheep population: 56.50",
            "Calculated theta: 0.3475 based on sheep population: 58.59",
            "Calculated theta: 0.3550 based on sheep population: 60.54",
            "Calculated theta: 0.3617 based on sheep population: 62.33",
            "Calculated theta: 0.3677 based on sheep population: 63.97",
            "Calculated theta: 0.3731 based on sheep population: 65.48",
            "Calculated theta: 0.3759 based on sheep population: 66.26",
            "Calculated theta: 0.3742 based on sheep population: 65.76",
            "Calculated theta: 0.3705 based on sheep population: 64.74",
            "Calculated theta: 0.3631 based on sheep population: 62.72",
            "Calculated theta: 0.3528 based on sheep population: 59.96",
            "Calculated theta: 0.3422 based on sheep population: 57.23",
            "Calculated theta: 0.3335 based on sheep population: 55.04",
            "Calculated theta: 0.3263 based on sheep population: 53.28",
            "Calculated theta: 0.3203 based on sheep population: 51.83",
            "Calculated theta: 0.3170 based on sheep population: 51.04",
            "Calculated theta: 0.3158 based on sheep population: 50.77",
            "Calculated theta: 0.3181 based on sheep population: 51.30",
            "Calculated theta: 0.3217 based on sheep population: 52.16"
        ],
        "vocalizations": [
            "Calculated theta: 0.3540 based on sheep population: 60.29",
            "Calculated theta: 0.3453 based on sheep population: 58.00",
            "Calculated theta: 0.3360 based on sheep population: 55.67",
            "Calculated theta: 0.3284 based on sheep population: 53.78",
            "Calculated theta: 0.3220 based on sheep population: 52.25",
            "Calculated theta: 0.3184 based on sheep population: 51.39",
            "Calculated theta: 0.3170 based on sheep population: 51.06",
            "Calculated theta: 0.3175 based on sheep population: 51.17",
            "Calculated theta: 0.3212 based on sheep population: 52.05",
            "Calculated theta: 0.3261 based on sheep population: 53.23",
            "Calculated theta: 0.3322 based on sheep population: 54.71",
            "Calculated theta: 0.3393 based on sheep population: 56.50",
            "Calculated theta: 0.3475 based on sheep population: 58.59",
            "Calculated theta: 0.3550 based on sheep population: 60.54",
            "Calculated theta: 0.3617 based on sheep population: 62.33",
            "Calculated theta: 0.3677 based on sheep population: 63.97",
            "Calculated theta: 0.3731 based on sheep population: 65.48",
            "Calculated theta: 0.3759 based on sheep population: 66.26",
            "Calculated theta: 0.3742 based on sheep population: 65.76",
            "Calculated theta: 0.3705 based on sheep population: 64.74",
            "Calculated theta: 0.3631 based on sheep population: 62.72",
            "Calculated theta: 0.3528 based on sheep population: 59.96",
            "Calculated theta: 0.3422 based on sheep population: 57.23",
            "Calculated theta: 0.3335 based on sheep population: 55.04",
            "Calculated theta: 0.3263 based on sheep population: 53.28",
            "Calculated theta: 0.3203 based on sheep population: 51.83",
            "Calculated theta: 0.3170 based on sheep population: 51.04",
            "Calculated theta: 0.3158 based on sheep population: 50.77",
            "Calculated theta: 0.3181 based on sheep population: 51.30",
            "Calculated theta: 0.3217 based on sheep population: 52.16"
        ]
    }
}