{
    "wolf_id": 205,
    "beta": 0.1,
    "gamma": 1.5,
    "delta": 0.75,
    "alive": false,
    "born_at_step": 117,
    "died_at_step": 131,
    "thetas": [
        0.6006310613075793,
        0.41162246655278906,
        0.41220827485081946,
        0.4054591808520609,
        0.38994081159722427,
        0.36772268664580826,
        0.34135023239990475,
        0.3173201508576547,
        0.2991322943517866,
        0.2882157899926308,
        0.28380884052031163,
        0.2843103498498735,
        0.2902457589870208,
        0.29834788373488513,
        0.31003861690548784
    ],
    "decision_history": {
        "history_steps": [
            118,
            119,
            120,
            121,
            122,
            123,
            124,
            125,
            126,
            127,
            128,
            129,
            130,
            131
        ],
        "new_thetas": [
            0.41162246655278906,
            0.41220827485081946,
            0.4054591808520609,
            0.38994081159722427,
            0.36772268664580826,
            0.34135023239990475,
            0.3173201508576547,
            0.2991322943517866,
            0.2882157899926308,
            0.28380884052031163,
            0.2843103498498735,
            0.2902457589870208,
            0.29834788373488513,
            0.31003861690548784
        ],
        "prompts": [
            "N/A",
            "N/A",
            "N/A",
            "N/A",
            "N/A",
            "N/A",
            "N/A",
            "N/A",
            "N/A",
            "N/A",
            "N/A",
            "N/A",
            "N/A",
            "N/A"
        ],
        "explanations": [
            "Calculated theta: 0.4116 based on sheep population: 76.95",
            "Calculated theta: 0.4122 based on sheep population: 77.14",
            "Calculated theta: 0.4055 based on sheep population: 75.02",
            "Calculated theta: 0.3899 based on sheep population: 70.31",
            "Calculated theta: 0.3677 based on sheep population: 63.97",
            "Calculated theta: 0.3414 based on sheep population: 57.01",
            "Calculated theta: 0.3173 based on sheep population: 51.13",
            "Calculated theta: 0.2991 based on sheep population: 46.95",
            "Calculated theta: 0.2882 based on sheep population: 44.54",
            "Calculated theta: 0.2838 based on sheep population: 43.59",
            "Calculated theta: 0.2843 based on sheep population: 43.70",
            "Calculated theta: 0.2902 based on sheep population: 44.98",
            "Calculated theta: 0.2983 based on sheep population: 46.77",
            "Calculated theta: 0.3100 based on sheep population: 49.43"
        ],
        "vocalizations": [
            "Calculated theta: 0.4116 based on sheep population: 76.95",
            "Calculated theta: 0.4122 based on sheep population: 77.14",
            "Calculated theta: 0.4055 based on sheep population: 75.02",
            "Calculated theta: 0.3899 based on sheep population: 70.31",
            "Calculated theta: 0.3677 based on sheep population: 63.97",
            "Calculated theta: 0.3414 based on sheep population: 57.01",
            "Calculated theta: 0.3173 based on sheep population: 51.13",
            "Calculated theta: 0.2991 based on sheep population: 46.95",
            "Calculated theta: 0.2882 based on sheep population: 44.54",
            "Calculated theta: 0.2838 based on sheep population: 43.59",
            "Calculated theta: 0.2843 based on sheep population: 43.70",
            "Calculated theta: 0.2902 based on sheep population: 44.98",
            "Calculated theta: 0.2983 based on sheep population: 46.77",
            "Calculated theta: 0.3100 based on sheep population: 49.43"
        ]
    }
}