{
    "wolf_id": 48,
    "beta": 0.1,
    "gamma": 1.5,
    "delta": 0.75,
    "alive": false,
    "born_at_step": 18,
    "died_at_step": 25,
    "thetas": [
        0.278814185283789,
        0.40231644570733527,
        0.31355563223457056,
        0.2509462736302697,
        0.22056233661918218,
        0.20928293155540112,
        0.2091320460845346,
        0.2155931811628752
    ],
    "decision_history": {
        "history_steps": [
            19,
            20,
            21,
            22,
            23,
            24,
            25
        ],
        "new_thetas": [
            0.40231644570733527,
            0.31355563223457056,
            0.2509462736302697,
            0.22056233661918218,
            0.20928293155540112,
            0.2091320460845346,
            0.2155931811628752
        ],
        "prompts": [
            "N/A",
            "N/A",
            "N/A",
            "N/A",
            "N/A",
            "N/A",
            "N/A"
        ],
        "explanations": [
            "Calculated theta: 0.4023 based on sheep population: 74.04",
            "Calculated theta: 0.3136 based on sheep population: 50.25",
            "Calculated theta: 0.2509 based on sheep population: 36.85",
            "Calculated theta: 0.2206 based on sheep population: 31.13",
            "Calculated theta: 0.2093 based on sheep population: 29.11",
            "Calculated theta: 0.2091 based on sheep population: 29.09",
            "Calculated theta: 0.2156 based on sheep population: 30.23"
        ],
        "vocalizations": [
            "Calculated theta: 0.4023 based on sheep population: 74.04",
            "Calculated theta: 0.3136 based on sheep population: 50.25",
            "Calculated theta: 0.2509 based on sheep population: 36.85",
            "Calculated theta: 0.2206 based on sheep population: 31.13",
            "Calculated theta: 0.2093 based on sheep population: 29.11",
            "Calculated theta: 0.2091 based on sheep population: 29.09",
            "Calculated theta: 0.2156 based on sheep population: 30.23"
        ]
    }
}