{
    "wolf_id": 369,
    "beta": 0.1,
    "gamma": 1.5,
    "delta": 0.75,
    "alive": false,
    "born_at_step": 387,
    "died_at_step": 453,
    "thetas": [
        0.0860838461587522,
        0.35786126664402235,
        0.3484217270082089,
        0.33862784472205126,
        0.33053813015789973,
        0.3238208633640186,
        0.31821774635778266,
        0.3168688567949258,
        0.31736070220800905,
        0.3210667733889201,
        0.32599445672369204,
        0.33206402734629253,
        0.33922580235267813,
        0.3474541114159675,
        0.3549005651507721,
        0.3616176107931775,
        0.367659751205881,
        0.37105880145458675,
        0.3720097489637133,
        0.37075754452916543,
        0.3675789268574357,
        0.36067711625399423,
        0.35280622409691337,
        0.3442260295271239,
        0.33516775949717775,
        0.32766906623299236,
        0.3214305611384869,
        0.31792242548767496,
        0.3166158657912882,
        0.31877928860037646,
        0.3223185425658756,
        0.32876918474450495,
        0.33625416087763454,
        0.342998358908194,
        0.3508714258461017,
        0.357985652917763,
        0.3643946679573865,
        0.37015326317545794,
        0.37327178260490085,
        0.3739523914856453,
        0.37032699993949475,
        0.3651082920402834,
        0.35651170374898467,
        0.34730264277883044,
        0.3377057620626722,
        0.3297741261177426,
        0.32318476474916147,
        0.3194058638032915,
        0.3178862155835682,
        0.318241422001912,
        0.32184404070649325,
        0.3266856119072312,
        0.33268286000234404,
        0.33978342207317375,
        0.34795957267685257,
        0.35535715881246627,
        0.3620288275576008,
        0.3680291454583611,
        0.371386765495059,
        0.3722977487961692,
        0.3710078457194985,
        0.3656881827618188,
        0.3590812566889658,
        0.3514698292225086,
        0.34311499271623785,
        0.334250136869506,
        0.32690718694617826
    ],
    "decision_history": {
        "history_steps": [
            388,
            389,
            390,
            391,
            392,
            393,
            394,
            395,
            396,
            397,
            398,
            399,
            400,
            401,
            402,
            403,
            404,
            405,
            406,
            407,
            408,
            409,
            410,
            411,
            412,
            413,
            414,
            415,
            416,
            417,
            418,
            419,
            420,
            421,
            422,
            423,
            424,
            425,
            426,
            427,
            428,
            429,
            430,
            431,
            432,
            433,
            434,
            435,
            436,
            437,
            438,
            439,
            440,
            441,
            442,
            443,
            444,
            445,
            446,
            447,
            448,
            449,
            450,
            451,
            452,
            453
        ],
        "new_thetas": [
            0.35786126664402235,
            0.3484217270082089,
            0.33862784472205126,
            0.33053813015789973,
            0.3238208633640186,
            0.31821774635778266,
            0.3168688567949258,
            0.31736070220800905,
            0.3210667733889201,
            0.32599445672369204,
            0.33206402734629253,
            0.33922580235267813,
            0.3474541114159675,
            0.3549005651507721,
            0.3616176107931775,
            0.367659751205881,
            0.37105880145458675,
            0.3720097489637133,
            0.37075754452916543,
            0.3675789268574357,
            0.36067711625399423,
            0.35280622409691337,
            0.3442260295271239,
            0.33516775949717775,
            0.32766906623299236,
            0.3214305611384869,
            0.31792242548767496,
            0.3166158657912882,
            0.31877928860037646,
            0.3223185425658756,
            0.32876918474450495,
            0.33625416087763454,
            0.342998358908194,
            0.3508714258461017,
            0.357985652917763,
            0.3643946679573865,
            0.37015326317545794,
            0.37327178260490085,
            0.3739523914856453,
            0.37032699993949475,
            0.3651082920402834,
            0.35651170374898467,
            0.34730264277883044,
            0.3377057620626722,
            0.3297741261177426,
            0.32318476474916147,
            0.3194058638032915,
            0.3178862155835682,
            0.318241422001912,
            0.32184404070649325,
            0.3266856119072312,
            0.33268286000234404,
            0.33978342207317375,
            0.34795957267685257,
            0.35535715881246627,
            0.3620288275576008,
            0.3680291454583611,
            0.371386765495059,
            0.3722977487961692,
            0.3710078457194985,
            0.3656881827618188,
            0.3590812566889658,
            0.3514698292225086,
            0.34311499271623785,
            0.334250136869506,
            0.32690718694617826
        ],
        "prompts": [
            "N/A",
            "N/A",
            "N/A",
            "N/A",
            "N/A",
            "N/A",
            "N/A",
            "N/A",
            "N/A",
            "N/A",
            "N/A",
            "N/A",
            "N/A",
            "N/A",
            "N/A",
            "N/A",
            "N/A",
            "N/A",
            "N/A",
            "N/A",
            "N/A",
            "N/A",
            "N/A",
            "N/A",
            "N/A",
            "N/A",
            "N/A",
            "N/A",
            "N/A",
            "N/A",
            "N/A",
            "N/A",
            "N/A",
            "N/A",
            "N/A",
            "N/A",
            "N/A",
            "N/A",
            "N/A",
            "N/A",
            "N/A",
            "N/A",
            "N/A",
            "N/A",
            "N/A",
            "N/A",
            "N/A",
            "N/A",
            "N/A",
            "N/A",
            "N/A",
            "N/A",
            "N/A",
            "N/A",
            "N/A",
            "N/A",
            "N/A",
            "N/A",
            "N/A",
            "N/A",
            "N/A",
            "N/A",
            "N/A",
            "N/A",
            "N/A",
            "N/A"
        ],