{
    "wolf_id": 57,
    "beta": 0.1,
    "gamma": 1.5,
    "delta": 0.75,
    "alive": false,
    "born_at_step": 18,
    "died_at_step": 28,
    "thetas": [
        0.27035098867732343,
        0.40231644570733527,
        0.31355563223457056,
        0.2509462736302697,
        0.22056233661918218,
        0.20928293155540112,
        0.2091320460845346,
        0.2155931811628752,
        0.22736073522545408,
        0.24299996928849654,
        0.2621293472510782
    ],
    "decision_history": {
        "history_steps": [
            19,
            20,
            21,
            22,
            23,
            24,
            25,
            26,
            27,
            28
        ],
        "new_thetas": [
            0.40231644570733527,
            0.31355563223457056,
            0.2509462736302697,
            0.22056233661918218,
            0.20928293155540112,
            0.2091320460845346,
            0.2155931811628752,
            0.22736073522545408,
            0.24299996928849654,
            0.2621293472510782
        ],
        "prompts": [
            "N/A",
            "N/A",
            "N/A",
            "N/A",
            "N/A",
            "N/A",
            "N/A",
            "N/A",
            "N/A",
            "N/A"
        ],
        "explanations": [
            "Calculated theta: 0.4023 based on sheep population: 74.04",
            "Calculated theta: 0.3136 based on sheep population: 50.25",
            "Calculated theta: 0.2509 based on sheep population: 36.85",
            "Calculated theta: 0.2206 based on sheep population: 31.13",
            "Calculated theta: 0.2093 based on sheep population: 29.11",
            "Calculated theta: 0.2091 based on sheep population: 29.09",
            "Calculated theta: 0.2156 based on sheep population: 30.23",
            "Calculated theta: 0.2274 based on sheep population: 32.37",
            "Calculated theta: 0.2430 based on sheep population: 35.31",
            "Calculated theta: 0.2621 based on sheep population: 39.08"
        ],
        "vocalizations": [
            "Calculated theta: 0.4023 based on sheep population: 74.04",
            "Calculated theta: 0.3136 based on sheep population: 50.25",
            "Calculated theta: 0.2509 based on sheep population: 36.85",
            "Calculated theta: 0.2206 based on sheep population: 31.13",
            "Calculated theta: 0.2093 based on sheep population: 29.11",
            "Calculated theta: 0.2091 based on sheep population: 29.09",
            "Calculated theta: 0.2156 based on sheep population: 30.23",
            "Calculated theta: 0.2274 based on sheep population: 32.37",
            "Calculated theta: 0.2430 based on sheep population: 35.31",
            "Calculated theta: 0.2621 based on sheep population: 39.08"
        ]
    }
}