{
    "wolf_id": 208,
    "beta": 0.1,
    "gamma": 1.5,
    "delta": 0.75,
    "alive": false,
    "born_at_step": 118,
    "died_at_step": 145,
    "thetas": [
        0.8066329094231575,
        0.41220827485081946,
        0.4054591808520609,
        0.38994081159722427,
        0.36772268664580826,
        0.34135023239990475,
        0.3173201508576547,
        0.2991322943517866,
        0.2882157899926308,
        0.28380884052031163,
        0.2843103498498735,
        0.2902457589870208,
        0.29834788373488513,
        0.31003861690548784,
        0.32388685964949177,
        0.33842628470638175,
        0.3537456108044999,
        0.36808803880870505,
        0.38144261433845983,
        0.3938190597233315,
        0.40086691640135386,
        0.4026828337642298,
        0.3972751054792533,
        0.3855831719387036,
        0.3666270298108298,
        0.3449233430323075,
        0.3259858874975012,
        0.31116456684591853
    ],
    "decision_history": {
        "history_steps": [
            119,
            120,
            121,
            122,
            123,
            124,
            125,
            126,
            127,
            128,
            129,
            130,
            131,
            132,
            133,
            134,
            135,
            136,
            137,
            138,
            139,
            140,
            141,
            142,
            143,
            144,
            145
        ],
        "new_thetas": [
            0.41220827485081946,
            0.4054591808520609,
            0.38994081159722427,
            0.36772268664580826,
            0.34135023239990475,
            0.3173201508576547,
            0.2991322943517866,
            0.2882157899926308,
            0.28380884052031163,
            0.2843103498498735,
            0.2902457589870208,
            0.29834788373488513,
            0.31003861690548784,
            0.32388685964949177,
            0.33842628470638175,
            0.3537456108044999,
            0.36808803880870505,
            0.38144261433845983,
            0.3938190597233315,
            0.40086691640135386,
            0.4026828337642298,
            0.3972751054792533,
            0.3855831719387036,
            0.3666270298108298,
            0.3449233430323075,
            0.3259858874975012,
            0.31116456684591853
        ],
        "prompts": [
            "N/A",
            "N/A",
            "N/A",
            "N/A",
            "N/A",
            "N/A",
            "N/A",
            "N/A",
            "N/A",
            "N/A",
            "N/A",
            "N/A",
            "N/A",
            "N/A",
            "N/A",
            "N/A",
            "N/A",
            "N/A",
            "N/A",
            "N/A",
            "N/A",
            "N/A",
            "N/A",
            "N/A",
            "N/A",
            "N/A",
            "N/A"
        ],
        "explanations": [
            "Calculated theta: 0.4122 based on sheep population: 77.14",
            "Calculated theta: 0.4055 based on sheep population: 75.02",
            "Calculated theta: 0.3899 based on sheep population: 70.31",
            "Calculated theta: 0.3677 based on sheep population: 63.97",
            "Calculated theta: 0.3414 based on sheep population: 57.01",
            "Calculated theta: 0.3173 based on sheep population: 51.13",
            "Calculated theta: 0.2991 based on sheep population: 46.95",
            "Calculated theta: 0.2882 based on sheep population: 44.54",
            "Calculated theta: 0.2838 based on sheep population: 43.59",
            "Calculated theta: 0.2843 based on sheep population: 43.70",
            "Calculated theta: 0.2902 based on sheep population: 44.98",
            "Calculated theta: 0.2983 based on sheep population: 46.77",
            "Calculated theta: 0.3100 based on sheep population: 49.43",
            "Calculated theta: 0.3239 based on sheep population: 52.69",
            "Calculated theta: 0.3384 based on sheep population: 56.27",
            "Calculated theta: 0.3537 based on sheep population: 60.21",
            "Calculated theta: 0.3681 based on sheep population: 64.07",
            "Calculated theta: 0.3814 based on sheep population: 67.83",
            "Calculated theta: 0.3938 based on sheep population: 71.46",
            "Calculated theta: 0.4009 based on sheep population: 73.60",
            "Calculated theta: 0.4027 based on sheep population: 74.16",
            "Calculated theta: 0.3973 based on sheep population: 72.50",
            "Calculated theta: 0.3856 based on sheep population: 69.03",
            "Calculated theta: 0.3666 based on sheep population: 63.67",
            "Calculated theta: 0.3449 based on sheep population: 57.92",
            "Calculated theta: 0.3260 based on sheep population: 53.20",
            "Calculated theta: 0.3112 based on sheep population: 49.69"
        ],
        "vocalizations": [
            "Calculated theta: 0.4122 based on sheep population: 77.14",
            "Calculated theta: 0.4055 based on sheep population: 75.02",
            "Calculated theta: 0.3899 based on sheep population: 70.31",
            "Calculated theta: 0.3677 based on sheep population: 63.97",
            "Calculated theta: 0.3414 based on sheep population: 57.01",
            "Calculated theta: 0.3173 based on sheep population: 51.13",
            "Calculated theta: 0.2991 based on sheep population: 46.95",
            "Calculated theta: 0.2882 based on sheep population: 44.54",
            "Calculated theta: 0.2838 based on sheep population: 43.59",
            "Calculated theta: 0.2843 based on sheep population: 43.70",
            "Calculated theta: 0.2902 based on sheep population: 44.98",
            "Calculated theta: 0.2983 based on sheep population: 46.77",
            "Calculated theta: 0.3100 based on sheep population: 49.43",
            "Calculated theta: 0.3239 based on sheep population: 52.69",
            "Calculated theta: 0.3384 based on sheep population: 56.27",
            "Calculated theta: 0.3537 based on sheep population: 60.21",
            "Calculated theta: 0.3681 based on sheep population: 64.07",
            "Calculated theta: 0.3814 based on sheep population: 67.83",
            "Calculated theta: 0.3938 based on sheep population: 71.46",
            "Calculated theta: 0.4009 based on sheep population: 73.60",
            "Calculated theta: 0.4027 based on sheep population: 74.16",
            "Calculated theta: 0.3973 based on sheep population: 72.50",
            "Calculated theta: 0.3856 based on sheep population: 69.03",
            "Calculated theta: 0.3666 based on sheep population: 63.67",
            "Calculated theta: 0.3449 based on sheep population: 57.92",
            "Calculated theta: 0.3260 based on sheep population: 53.20",
            "Calculated theta: 0.3112 based on sheep population: 49.69"
        ]
    }
}