{
    "wolf_id": 7,
    "beta": 0.1,
    "gamma": 1.5,
    "delta": 0.75,
    "alive": false,
    "born_at_step": 0,
    "died_at_step": 5,
    "thetas": [
        0.5,
        0.13385894971736242,
        0.15289449913925157,
        0.17443387971330718,
        0.1988723826313336,
        0.22669401659921193,
        0.25760623964833046
    ],
    "decision_history": {
        "history_steps": [
            0,
            1,
            2,
            3,
            4,
            5
        ],
        "new_thetas": [
            0.13385894971736242,
            0.15289449913925157,
            0.17443387971330718,
            0.1988723826313336,
            0.22669401659921193,
            0.25760623964833046
        ],
        "prompts": [
            "N/A",
            "N/A",
            "N/A",
            "N/A",
            "N/A",
            "N/A"
        ],
        "explanations": [
            "Calculated theta: 0.1339 based on sheep population: 17.00",
            "Calculated theta: 0.1529 based on sheep population: 19.85",
            "Calculated theta: 0.1744 based on sheep population: 23.24",
            "Calculated theta: 0.1989 based on sheep population: 27.31",
            "Calculated theta: 0.2267 based on sheep population: 32.25",
            "Calculated theta: 0.2576 based on sheep population: 38.17"
        ],
        "vocalizations": [
            "Calculated theta: 0.1339 based on sheep population: 17.00",
            "Calculated theta: 0.1529 based on sheep population: 19.85",
            "Calculated theta: 0.1744 based on sheep population: 23.24",
            "Calculated theta: 0.1989 based on sheep population: 27.31",
            "Calculated theta: 0.2267 based on sheep population: 32.25",
            "Calculated theta: 0.2576 based on sheep population: 38.17"
        ]
    }
}