{
    "wolf_id": 299,
    "beta": 0.1,
    "gamma": 1.5,
    "delta": 0.75,
    "alive": false,
    "born_at_step": 240,
    "died_at_step": 290,
    "thetas": [
        0.18520730082485315,
        0.38113882885442696,
        0.37649628001814556,
        0.3681864276430524,
        0.3569590325303084,
        0.3456436993481477,
        0.334402205721579,
        0.3252024097792984,
        0.31762514582125845,
        0.31302832423617527,
        0.31079432438687316,
        0.3120908674157126,
        0.3164079916700034,
        0.3218458689661018,
        0.32999476062679006,
        0.3390684171030352,
        0.3473114254881735,
        0.35661297289078386,
        0.3650776122854033,
        0.3727545104661797,
        0.3776442636681416,
        0.3799080899820381,
        0.3776123364675943,
        0.3713051670070598,
        0.3616811695838799,
        0.3515851839388356,
        0.3412313249802767,
        0.3307987070351825,
        0.32223978824009086,
        0.31517532242803653,
        0.3126193846815157,
        0.3136761894746613,
        0.3162059399137865,
        0.3216657113242613,
        0.32818339487822407,
        0.3357253501397983,
        0.3442782705614309,
        0.3520295651548246,
        0.3590302265585026,
        0.36533419160731606,
        0.3709962754123847,
        0.37401949614835506,
        0.3746084084666176,
        0.3730150640626986,
        0.36739684176213966,
        0.3584224977206781,
        0.3488868874554789,
        0.3390109501964153,
        0.3308554351722955,
        0.32408495874827575,
        0.31843848698472915
    ],
    "decision_history": {
        "history_steps": [
            241,
            242,
            243,
            244,
            245,
            246,
            247,
            248,
            249,
            250,
            251,
            252,
            253,
            254,
            255,
            256,
            257,
            258,
            259,
            260,
            261,
            262,
            263,
            264,
            265,
            266,
            267,
            268,
            269,
            270,
            271,
            272,
            273,
            274,
            275,
            276,
            277,
            278,
            279,
            280,
            281,
            282,
            283,
            284,
            285,
            286,
            287,
            288,
            289,
            290
        ],
        "new_thetas": [
            0.38113882885442696,
            0.37649628001814556,
            0.3681864276430524,
            0.3569590325303084,
            0.3456436993481477,
            0.334402205721579,
            0.3252024097792984,
            0.31762514582125845,
            0.31302832423617527,
            0.31079432438687316,
            0.3120908674157126,
            0.3164079916700034,
            0.3218458689661018,
            0.32999476062679006,
            0.3390684171030352,
            0.3473114254881735,
            0.35661297289078386,
            0.3650776122854033,
            0.3727545104661797,
            0.3776442636681416,
            0.3799080899820381,
            0.3776123364675943,
            0.3713051670070598,
            0.3616811695838799,
            0.3515851839388356,
            0.3412313249802767,
            0.3307987070351825,
            0.32223978824009086,
            0.31517532242803653,
            0.3126193846815157,
            0.3136761894746613,
            0.3162059399137865,
            0.3216657113242613,
            0.32818339487822407,
            0.3357253501397983,
            0.3442782705614309,
            0.3520295651548246,
            0.3590302265585026,
            0.36533419160731606,
            0.3709962754123847,
            0.37401949614835506,
            0.3746084084666176,
            0.3730150640626986,
            0.36739684176213966,
            0.3584224977206781,
            0.3488868874554789,
            0.3390109501964153,
            0.3308554351722955,
            0.32408495874827575,
            0.31843848698472915
        ],
        "prompts": [
            "N/A",
            "N/A",
            "N/A",
            "N/A",
            "N/A",
            "N/A",
            "N/A",
            "N/A",
            "N/A",
            "N/A",
            "N/A",
            "N/A",
            "N/A",
            "N/A",
            "N/A",
            "N/A",
            "N/A",
            "N/A",
            "N/A",
            "N/A",
            "N/A",
            "N/A",
            "N/A",
            "N/A",
            "N/A",
            "N/A",
            "N/A",
            "N/A",
            "N/A",
            "N/A",
            "N/A",
            "N/A",
            "N/A",
            "N/A",
            "N/A",
            "N/A",
            "N/A",
            "N/A",
            "N/A",
            "N/A",
            "N/A",
            "N/A",
            "N/A",
            "N/A",
            "N/A",
            "N/A",
            "N/A",
            "N/A",
            "N/A",
            "N/A"
        ],