{
    "wolf_id": 155,
    "beta": 0.1,
    "gamma": 1.5,
    "delta": 0.75,
    "alive": false,
    "born_at_step": 77,
    "died_at_step": 88,
    "thetas": [
        0.439732336228957,
        0.43113946976660417,
        0.4268660435623206,
        0.41015655799998135,
        0.3809575387189405,
        0.3465310618265909,
        0.31296519292772096,
        0.28894066636336435,
        0.27416603991788174,
        0.2680859813635911,
        0.26819271283538004,
        0.2745447023320264
    ],
    "decision_history": {
        "history_steps": [
            78,
            79,
            80,
            81,
            82,
            83,
            84,
            85,
            86,
            87,
            88
        ],
        "new_thetas": [
            0.43113946976660417,
            0.4268660435623206,
            0.41015655799998135,
            0.3809575387189405,
            0.3465310618265909,
            0.31296519292772096,
            0.28894066636336435,
            0.27416603991788174,
            0.2680859813635911,
            0.26819271283538004,
            0.2745447023320264
        ],
        "prompts": [
            "N/A",
            "N/A",
            "N/A",
            "N/A",
            "N/A",
            "N/A",
            "N/A",
            "N/A",
            "N/A",
            "N/A",
            "N/A"
        ],
        "explanations": [
            "Calculated theta: 0.4311 based on sheep population: 83.37",
            "Calculated theta: 0.4269 based on sheep population: 81.93",
            "Calculated theta: 0.4102 based on sheep population: 76.49",
            "Calculated theta: 0.3810 based on sheep population: 67.69",
            "Calculated theta: 0.3465 based on sheep population: 58.33",
            "Calculated theta: 0.3130 based on sheep population: 50.11",
            "Calculated theta: 0.2889 based on sheep population: 44.70",
            "Calculated theta: 0.2742 based on sheep population: 41.55",
            "Calculated theta: 0.2681 based on sheep population: 40.29",
            "Calculated theta: 0.2682 based on sheep population: 40.31",
            "Calculated theta: 0.2745 based on sheep population: 41.63"
        ],
        "vocalizations": [
            "Calculated theta: 0.4311 based on sheep population: 83.37",
            "Calculated theta: 0.4269 based on sheep population: 81.93",
            "Calculated theta: 0.4102 based on sheep population: 76.49",
            "Calculated theta: 0.3810 based on sheep population: 67.69",
            "Calculated theta: 0.3465 based on sheep population: 58.33",
            "Calculated theta: 0.3130 based on sheep population: 50.11",
            "Calculated theta: 0.2889 based on sheep population: 44.70",
            "Calculated theta: 0.2742 based on sheep population: 41.55",
            "Calculated theta: 0.2681 based on sheep population: 40.29",
            "Calculated theta: 0.2682 based on sheep population: 40.31",
            "Calculated theta: 0.2745 based on sheep population: 41.63"
        ]
    }
}