{
    "wolf_id": 359,
    "beta": 0.1,
    "gamma": 1.5,
    "delta": 0.75,
    "alive": false,
    "born_at_step": 366,
    "died_at_step": 419,
    "thetas": [
        0.30931269508919046,
        0.36297235630084995,
        0.3526531390185066,
        0.34210921951394824,
        0.3334189482919894,
        0.3262167070680954,
        0.32021892341929886,
        0.3168968612062111,
        0.3157369459558518,
        0.31801035244356946,
        0.32164014985346706,
        0.32816045446410486,
        0.3357046381255018,
        0.3425040122820553,
        0.3504239436217329,
        0.3575819191729585,
        0.36403143499498253,
        0.369827264263373,
        0.37298257492010256,
        0.37369860314004627,
        0.3722249436445969,
        0.3667244112055245,
        0.35786126664402235,
        0.3484217270082089,
        0.33862784472205126,
        0.33053813015789973,
        0.3238208633640186,
        0.31821774635778266,
        0.3168688567949258,
        0.31736070220800905,
        0.3210667733889201,
        0.32599445672369204,
        0.33206402734629253,
        0.33922580235267813,
        0.3474541114159675,
        0.3549005651507721,
        0.3616176107931775,
        0.367659751205881,
        0.37105880145458675,
        0.3720097489637133,
        0.37075754452916543,
        0.3675789268574357,
        0.36067711625399423,
        0.35280622409691337,
        0.3442260295271239,
        0.33516775949717775,
        0.32766906623299236,
        0.3214305611384869,
        0.31792242548767496,
        0.3166158657912882,
        0.31877928860037646,
        0.3223185425658756,
        0.32876918474450495,
        0.33625416087763454
    ],
    "decision_history": {
        "history_steps": [
            367,
            368,
            369,
            370,
            371,
            372,
            373,
            374,
            375,
            376,
            377,
            378,
            379,
            380,
            381,
            382,
            383,
            384,
            385,
            386,
            387,
            388,
            389,
            390,
            391,
            392,
            393,
            394,
            395,
            396,
            397,
            398,
            399,
            400,
            401,
            402,
            403,
            404,
            405,
            406,
            407,
            408,
            409,
            410,
            411,
            412,
            413,
            414,
            415,
            416,
            417,
            418,
            419
        ],
        "new_thetas": [
            0.36297235630084995,
            0.3526531390185066,
            0.34210921951394824,
            0.3334189482919894,
            0.3262167070680954,
            0.32021892341929886,
            0.3168968612062111,
            0.3157369459558518,
            0.31801035244356946,
            0.32164014985346706,
            0.32816045446410486,
            0.3357046381255018,
            0.3425040122820553,
            0.3504239436217329,
            0.3575819191729585,
            0.36403143499498253,
            0.369827264263373,
            0.37298257492010256,
            0.37369860314004627,
            0.3722249436445969,
            0.3667244112055245,
            0.35786126664402235,
            0.3484217270082089,
            0.33862784472205126,
            0.33053813015789973,
            0.3238208633640186,
            0.31821774635778266,
            0.3168688567949258,
            0.31736070220800905,
            0.3210667733889201,
            0.32599445672369204,
            0.33206402734629253,
            0.33922580235267813,
            0.3474541114159675,
            0.3549005651507721,
            0.3616176107931775,
            0.367659751205881,
            0.37105880145458675,
            0.3720097489637133,
            0.37075754452916543,
            0.3675789268574357,
            0.36067711625399423,
            0.35280622409691337,
            0.3442260295271239,
            0.33516775949717775,
            0.32766906623299236,
            0.3214305611384869,
            0.31792242548767496,
            0.3166158657912882,
            0.31877928860037646,
            0.3223185425658756,
            0.32876918474450495,
            0.33625416087763454
        ],
        "prompts": [
            "N/A",
            "N/A",
            "N/A",
            "N/A",
            "N/A",
            "N/A",
            "N/A",
            "N/A",
            "N/A",
            "N/A",
            "N/A",
            "N/A",
            "N/A",
            "N/A",
            "N/A",
            "N/A",
            "N/A",
            "N/A",
            "N/A",
            "N/A",
            "N/A",
            "N/A",
            "N/A",
            "N/A",
            "N/A",
            "N/A",
            "N/A",
            "N/A",
            "N/A",
            "N/A",
            "N/A",
            "N/A",
            "N/A",
            "N/A",
            "N/A",
            "N/A",
            "N/A",
            "N/A",
            "N/A",
            "N/A",
            "N/A",
            "N/A",
            "N/A",
            "N/A",
            "N/A",
            "N/A",
            "N/A",
            "N/A",
            "N/A",
            "N/A",
            "N/A",
            "N/A",
            "N/A"
        ],