{
    "wolf_id": 392,
    "beta": 0.1,
    "gamma": 1.5,
    "delta": 0.75,
    "alive": false,
    "born_at_step": 446,
    "died_at_step": 498,
    "thetas": [
        0.3143198655354068,
        0.3710078457194985,
        0.3656881827618188,
        0.3590812566889658,
        0.3514698292225086,
        0.34311499271623785,
        0.334250136869506,
        0.32690718694617826,
        0.32079509759429403,
        0.31738464804140565,
        0.3178072849526691,
        0.31982100180361617,
        0.32488611438223924,
        0.33107121992893457,
        0.33833086502898274,
        0.344865437285074,
        0.3525606587709216,
        0.3595090789370001,
        0.3657647608319025,
        0.37138251735473676,
        0.3743619989303816,
        0.372801096118739,
        0.3693370975343766,
        0.36215990687903776,
        0.3540470297261621,
        0.34525690669381986,
        0.3360186570694273,
        0.3283751698951667,
        0.32201923300505564,
        0.318420414431697,
        0.3170424490359912,
        0.317511017184531,
        0.3211994585214564,
        0.32611246178475045,
        0.33216969930521234,
        0.3393210329171661,
        0.34754044298880443,
        0.35497855700651576,
        0.36168785695683214,
        0.36772285709296176,
        0.37313825931159034,
        0.3759183161321687,
        0.3741521855551537,
        0.3704987413916625,
        0.3631389922256528,
        0.35279091669417184,
        0.3422224403119788,
        0.33351254000642444,
        0.32629447237937265,
        0.32028382757864343,
        0.3169518176089277,
        0.3157840582073067,
        0.31805157915191046
    ],
    "decision_history": {
        "history_steps": [
            447,
            448,
            449,
            450,
            451,
            452,
            453,
            454,
            455,
            456,
            457,
            458,
            459,
            460,
            461,
            462,
            463,
            464,
            465,
            466,
            467,
            468,
            469,
            470,
            471,
            472,
            473,
            474,
            475,
            476,
            477,
            478,
            479,
            480,
            481,
            482,
            483,
            484,
            485,
            486,
            487,
            488,
            489,
            490,
            491,
            492,
            493,
            494,
            495,
            496,
            497,
            498
        ],
        "new_thetas": [
            0.3710078457194985,
            0.3656881827618188,
            0.3590812566889658,
            0.3514698292225086,
            0.34311499271623785,
            0.334250136869506,
            0.32690718694617826,
            0.32079509759429403,
            0.31738464804140565,
            0.3178072849526691,
            0.31982100180361617,
            0.32488611438223924,
            0.33107121992893457,
            0.33833086502898274,
            0.344865437285074,
            0.3525606587709216,
            0.3595090789370001,
            0.3657647608319025,
            0.37138251735473676,
            0.3743619989303816,
            0.372801096118739,
            0.3693370975343766,
            0.36215990687903776,
            0.3540470297261621,
            0.34525690669381986,
            0.3360186570694273,
            0.3283751698951667,
            0.32201923300505564,
            0.318420414431697,
            0.3170424490359912,
            0.317511017184531,
            0.3211994585214564,
            0.32611246178475045,
            0.33216969930521234,
            0.3393210329171661,
            0.34754044298880443,
            0.35497855700651576,
            0.36168785695683214,
            0.36772285709296176,
            0.37313825931159034,
            0.3759183161321687,
            0.3741521855551537,
            0.3704987413916625,
            0.3631389922256528,
            0.35279091669417184,
            0.3422224403119788,
            0.33351254000642444,
            0.32629447237937265,
            0.32028382757864343,
            0.3169518176089277,
            0.3157840582073067,
            0.31805157915191046
        ],
        "prompts": [
            "N/A",
            "N/A",
            "N/A",
            "N/A",
            "N/A",
            "N/A",
            "N/A",
            "N/A",
            "N/A",
            "N/A",
            "N/A",
            "N/A",
            "N/A",
            "N/A",
            "N/A",
            "N/A",
            "N/A",
            "N/A",
            "N/A",
            "N/A",
            "N/A",
            "N/A",
            "N/A",
            "N/A",
            "N/A",
            "N/A",
            "N/A",
            "N/A",
            "N/A",
            "N/A",
            "N/A",
            "N/A",
            "N/A",
            "N/A",
            "N/A",
            "N/A",
            "N/A",
            "N/A",
            "N/A",
            "N/A",
            "N/A",
            "N/A",
            "N/A",
            "N/A",
            "N/A",
            "N/A",
            "N/A",
            "N/A",
            "N/A",
            "N/A",
            "N/A",
            "N/A"
        ],