{
    "wolf_id": 18,
    "beta": 0.1,
    "gamma": 1.5,
    "delta": 0.75,
    "alive": false,
    "born_at_step": 14,
    "died_at_step": 21,
    "thetas": [
        0.34760273239083594,
        0.5000002272726239,
        0.5000002272726239,
        0.4989982009016391,
        0.4695161286239694,
        0.40231644570733527,
        0.31355563223457056,
        0.2509462736302697
    ],
    "decision_history": {
        "history_steps": [
            15,
            16,
            17,
            18,
            19,
            20,
            21
        ],
        "new_thetas": [
            0.5000002272726239,
            0.5000002272726239,
            0.4989982009016391,
            0.4695161286239694,
            0.40231644570733527,
            0.31355563223457056,
            0.2509462736302697
        ],
        "prompts": [
            "N/A",
            "N/A",
            "N/A",
            "N/A",
            "N/A",
            "N/A",
            "N/A"
        ],
        "explanations": [
            "Calculated theta: 0.5000 based on sheep population: 110.00",
            "Calculated theta: 0.5000 based on sheep population: 110.00",
            "Calculated theta: 0.4990 based on sheep population: 109.56",
            "Calculated theta: 0.4695 based on sheep population: 97.36",
            "Calculated theta: 0.4023 based on sheep population: 74.04",
            "Calculated theta: 0.3136 based on sheep population: 50.25",
            "Calculated theta: 0.2509 based on sheep population: 36.85"
        ],
        "vocalizations": [
            "Calculated theta: 0.5000 based on sheep population: 110.00",
            "Calculated theta: 0.5000 based on sheep population: 110.00",
            "Calculated theta: 0.4990 based on sheep population: 109.56",
            "Calculated theta: 0.4695 based on sheep population: 97.36",
            "Calculated theta: 0.4023 based on sheep population: 74.04",
            "Calculated theta: 0.3136 based on sheep population: 50.25",
            "Calculated theta: 0.2509 based on sheep population: 36.85"
        ]
    }
}