{
    "wolf_id": 85,
    "beta": 0.1,
    "gamma": 1.5,
    "delta": 0.75,
    "alive": false,
    "born_at_step": 86,
    "died_at_step": 100,
    "thetas": [
        0.0669885054613415,
        0.0669885054613415,
        0.0669885054613415,
        0.0669885054613415,
        0.0669885054613415,
        0.0669885054613415,
        0.0669885054613415,
        0.0669885054613415,
        0.0669885054613415,
        0.0669885054613415,
        0.0669885054613415,
        0.0669885054613415,
        0.0669885054613415,
        0.0669885054613415,
        0.0669885054613415
    ],
    "decision_history": {
        "history_steps": [],
        "new_thetas": [],
        "prompts": [],
        "explanations": [],
        "vocalizations": []
    }
}