{
    "wolf_id": 185,
    "beta": 0.1,
    "gamma": 1.5,
    "delta": 0.75,
    "alive": false,
    "born_at_step": 154,
    "died_at_step": 162,
    "thetas": [
        0.7541111047386935,
        0.7541111047386935,
        0.7541111047386935,
        0.7541111047386935,
        0.7541111047386935,
        0.7541111047386935,
        0.7541111047386935,
        0.7541111047386935,
        0.7541111047386935
    ],
    "decision_history": {
        "history_steps": [],
        "new_thetas": [],
        "prompts": [],
        "explanations": [],
        "vocalizations": []
    }
}