{
    "wolf_id": 165,
    "beta": 0.1,
    "gamma": 1.5,
    "delta": 0.75,
    "alive": false,
    "born_at_step": 153,
    "died_at_step": 161,
    "thetas": [
        0.7097258074675628,
        0.7097258074675628,
        0.7097258074675628,
        0.7097258074675628,
        0.7097258074675628,
        0.7097258074675628,
        0.7097258074675628,
        0.7097258074675628,
        0.7097258074675628
    ],
    "decision_history": {
        "history_steps": [],
        "new_thetas": [],
        "prompts": [],
        "explanations": [],
        "vocalizations": []
    }
}