{
    "wolf_id": 115,
    "beta": 0.1,
    "gamma": 1.5,
    "delta": 0.75,
    "alive": false,
    "born_at_step": 92,
    "died_at_step": 105,
    "thetas": [
        0.5012728004526958,
        0.5012728004526958,
        0.5012728004526958,
        0.5012728004526958,
        0.5012728004526958,
        0.5012728004526958,
        0.5012728004526958,
        0.5012728004526958,
        0.5012728004526958,
        0.5012728004526958,
        0.5012728004526958,
        0.5012728004526958,
        0.5012728004526958,
        0.5012728004526958
    ],
    "decision_history": {
        "history_steps": [],
        "new_thetas": [],
        "prompts": [],
        "explanations": [],
        "vocalizations": []
    }
}