{
    "wolf_id": 93,
    "beta": 0.1,
    "gamma": 1.5,
    "delta": 0.75,
    "alive": false,
    "born_at_step": 88,
    "died_at_step": 101,
    "thetas": [
        0.4876809108992074,
        0.4876809108992074,
        0.4876809108992074,
        0.4876809108992074,
        0.4876809108992074,
        0.4876809108992074,
        0.4876809108992074,
        0.4876809108992074,
        0.4876809108992074,
        0.4876809108992074,
        0.4876809108992074,
        0.4876809108992074,
        0.4876809108992074,
        0.4876809108992074
    ],
    "decision_history": {
        "history_steps": [],
        "new_thetas": [],
        "prompts": [],
        "explanations": [],
        "vocalizations": []
    }
}