{
    "wolf_id": 187,
    "beta": 0.1,
    "gamma": 1.5,
    "delta": 0.75,
    "alive": false,
    "born_at_step": 154,
    "died_at_step": 163,
    "thetas": [
        0.9514206814860103,
        0.9514206814860103,
        0.9514206814860103,
        0.9514206814860103,
        0.9514206814860103,
        0.9514206814860103,
        0.9514206814860103,
        0.9514206814860103,
        0.9514206814860103,
        0.9514206814860103
    ],
    "decision_history": {
        "history_steps": [],
        "new_thetas": [],
        "prompts": [],
        "explanations": [],
        "vocalizations": []
    }
}