{
    "wolf_id": 463,
    "beta": 0.1,
    "gamma": 1.5,
    "delta": 0.75,
    "alive": false,
    "born_at_step": 424,
    "died_at_step": 436,
    "thetas": [
        0.4285086457650997,
        0.4285086457650997,
        0.4285086457650997,
        0.4285086457650997,
        0.4285086457650997,
        0.4285086457650997,
        0.4285086457650997,
        0.4285086457650997,
        0.4285086457650997,
        0.4285086457650997,
        0.4285086457650997,
        0.4285086457650997,
        0.4285086457650997
    ],
    "decision_history": {
        "history_steps": [],
        "new_thetas": [],
        "prompts": [],
        "explanations": [],
        "vocalizations": []
    }
}