{
    "wolf_id": 313,
    "beta": 0.1,
    "gamma": 1.5,
    "delta": 0.75,
    "alive": false,
    "born_at_step": 304,
    "died_at_step": 321,
    "thetas": [
        0.05749119109238099,
        0.05749119109238099,
        0.05749119109238099,
        0.05749119109238099,
        0.05749119109238099,
        0.05749119109238099,
        0.05749119109238099,
        0.05749119109238099,
        0.05749119109238099,
        0.05749119109238099,
        0.05749119109238099,
        0.05749119109238099,
        0.05749119109238099,
        0.05749119109238099,
        0.05749119109238099,
        0.05749119109238099,
        0.05749119109238099,
        0.05749119109238099
    ],
    "decision_history": {
        "history_steps": [],
        "new_thetas": [],
        "prompts": [],
        "explanations": [],
        "vocalizations": []
    }
}