{
    "wolf_id": 323,
    "beta": 0.1,
    "gamma": 1.5,
    "delta": 0.75,
    "alive": false,
    "born_at_step": 308,
    "died_at_step": 323,
    "thetas": [
        0.8846114277791322,
        0.8846114277791322,
        0.8846114277791322,
        0.8846114277791322,
        0.8846114277791322,
        0.8846114277791322,
        0.8846114277791322,
        0.8846114277791322,
        0.8846114277791322,
        0.8846114277791322,
        0.8846114277791322,
        0.8846114277791322,
        0.8846114277791322,
        0.8846114277791322,
        0.8846114277791322,
        0.8846114277791322
    ],
    "decision_history": {
        "history_steps": [],
        "new_thetas": [],
        "prompts": [],
        "explanations": [],
        "vocalizations": []
    }
}