{
    "wolf_id": 279,
    "beta": 0.1,
    "gamma": 1.5,
    "delta": 0.75,
    "alive": false,
    "born_at_step": 256,
    "died_at_step": 272,
    "thetas": [
        0.11541428005218168,
        0.11541428005218168,
        0.11541428005218168,
        0.11541428005218168,
        0.11541428005218168,
        0.11541428005218168,
        0.11541428005218168,
        0.11541428005218168,
        0.11541428005218168,
        0.11541428005218168,
        0.11541428005218168,
        0.11541428005218168,
        0.11541428005218168,
        0.11541428005218168,
        0.11541428005218168,
        0.11541428005218168,
        0.11541428005218168
    ],
    "decision_history": {
        "history_steps": [],
        "new_thetas": [],
        "prompts": [],
        "explanations": [],
        "vocalizations": []
    }
}