{
    "wolf_id": 476,
    "beta": 0.1,
    "gamma": 1.5,
    "delta": 0.75,
    "alive": false,
    "born_at_step": 426,
    "died_at_step": 439,
    "thetas": [
        0.48359069539953947,
        0.48359069539953947,
        0.48359069539953947,
        0.48359069539953947,
        0.48359069539953947,
        0.48359069539953947,
        0.48359069539953947,
        0.48359069539953947,
        0.48359069539953947,
        0.48359069539953947,
        0.48359069539953947,
        0.48359069539953947,
        0.48359069539953947,
        0.48359069539953947
    ],
    "decision_history": {
        "history_steps": [],
        "new_thetas": [],
        "prompts": [],
        "explanations": [],
        "vocalizations": []
    }
}