{
    "wolf_id": 546,
    "beta": 0.1,
    "gamma": 1.5,
    "delta": 0.75,
    "alive": false,
    "born_at_step": 485,
    "died_at_step": 495,
    "thetas": [
        0.8725825567626259,
        0.8725825567626259,
        0.8725825567626259,
        0.8725825567626259,
        0.8725825567626259,
        0.8725825567626259,
        0.8725825567626259,
        0.8725825567626259,
        0.8725825567626259,
        0.8725825567626259,
        0.8725825567626259
    ],
    "decision_history": {
        "history_steps": [],
        "new_thetas": [],
        "prompts": [],
        "explanations": [],
        "vocalizations": []
    }
}