{
    "wolf_id": 450,
    "beta": 0.1,
    "gamma": 1.5,
    "delta": 0.75,
    "alive": false,
    "born_at_step": 420,
    "died_at_step": 434,
    "thetas": [
        0.8818289254280604,
        0.8818289254280604,
        0.8818289254280604,
        0.8818289254280604,
        0.8818289254280604,
        0.8818289254280604,
        0.8818289254280604,
        0.8818289254280604,
        0.8818289254280604,
        0.8818289254280604,
        0.8818289254280604,
        0.8818289254280604,
        0.8818289254280604,
        0.8818289254280604,
        0.8818289254280604
    ],
    "decision_history": {
        "history_steps": [],
        "new_thetas": [],
        "prompts": [],
        "explanations": [],
        "vocalizations": []
    }
}