{
    "wolf_id": 566,
    "beta": 0.1,
    "gamma": 1.5,
    "delta": 0.75,
    "alive": false,
    "born_at_step": 486,
    "died_at_step": 498,
    "thetas": [
        0.23348307231982734,
        0.23348307231982734,
        0.23348307231982734,
        0.23348307231982734,
        0.23348307231982734,
        0.23348307231982734,
        0.23348307231982734,
        0.23348307231982734,
        0.23348307231982734,
        0.23348307231982734,
        0.23348307231982734,
        0.23348307231982734,
        0.23348307231982734
    ],
    "decision_history": {
        "history_steps": [],
        "new_thetas": [],
        "prompts": [],
        "explanations": [],
        "vocalizations": []
    }
}