{
    "wolf_id": 143,
    "beta": 0.1,
    "gamma": 1.5,
    "delta": 0.75,
    "alive": false,
    "born_at_step": 140,
    "died_at_step": 156,
    "thetas": [
        0.1561373332292677,
        0.1561373332292677,
        0.1561373332292677,
        0.1561373332292677,
        0.1561373332292677,
        0.1561373332292677,
        0.1561373332292677,
        0.1561373332292677,
        0.1561373332292677,
        0.1561373332292677,
        0.1561373332292677,
        0.1561373332292677,
        0.1561373332292677,
        0.1561373332292677,
        0.1561373332292677,
        0.1561373332292677,
        0.1561373332292677
    ],
    "decision_history": {
        "history_steps": [],
        "new_thetas": [],
        "prompts": [],
        "explanations": [],
        "vocalizations": []
    }
}