{
    "wolf_id": 292,
    "beta": 0.1,
    "gamma": 1.5,
    "delta": 0.75,
    "alive": false,
    "born_at_step": 258,
    "died_at_step": 276,
    "thetas": [
        0.46852226702452104,
        0.46852226702452104,
        0.46852226702452104,
        0.46852226702452104,
        0.46852226702452104,
        0.46852226702452104,
        0.46852226702452104,
        0.46852226702452104,
        0.46852226702452104,
        0.46852226702452104,
        0.46852226702452104,
        0.46852226702452104,
        0.46852226702452104,
        0.46852226702452104,
        0.46852226702452104,
        0.46852226702452104,
        0.46852226702452104,
        0.46852226702452104,
        0.46852226702452104
    ],
    "decision_history": {
        "history_steps": [],
        "new_thetas": [],
        "prompts": [],
        "explanations": [],
        "vocalizations": []
    }
}