{
    "wolf_id": 414,
    "beta": 0.1,
    "gamma": 1.5,
    "delta": 0.75,
    "alive": false,
    "born_at_step": 370,
    "died_at_step": 385,
    "thetas": [
        0.4412606116776169,
        0.4412606116776169,
        0.4412606116776169,
        0.4412606116776169,
        0.4412606116776169,
        0.4412606116776169,
        0.4412606116776169,
        0.4412606116776169,
        0.4412606116776169,
        0.4412606116776169,
        0.4412606116776169,
        0.4412606116776169,
        0.4412606116776169,
        0.4412606116776169,
        0.4412606116776169,
        0.4412606116776169
    ],
    "decision_history": {
        "history_steps": [],
        "new_thetas": [],
        "prompts": [],
        "explanations": [],
        "vocalizations": []
    }
}