{
    "wolf_id": 4,
    "beta": 0.1,
    "gamma": 1.5,
    "delta": 0.75,
    "alive": false,
    "born_at_step": 0,
    "died_at_step": 3,
    "thetas": [
        0.5,
        0.4358988823105582,
        0.45841664616971395,
        0.48237817972961217,
        0.5104692428603346
    ],
    "decision_history": {
        "history_steps": [
            0,
            1,
            2,
            3
        ],
        "new_thetas": [
            0.4358988823105582,
            0.45841664616971395,
            0.48237817972961217,
            0.5104692428603346
        ],
        "prompts": [
            "N/A",
            "N/A",
            "N/A",
            "N/A"
        ],
        "explanations": [
            "Calculated theta: 0.4359 based on sheep population: 17.00",
            "Calculated theta: 0.4584 based on sheep population: 18.62",
            "Calculated theta: 0.4824 based on sheep population: 20.50",
            "Calculated theta: 0.5105 based on sheep population: 22.94"
        ],
        "vocalizations": [
            "Calculated theta: 0.4359 based on sheep population: 17.00",
            "Calculated theta: 0.4584 based on sheep population: 18.62",
            "Calculated theta: 0.4824 based on sheep population: 20.50",
            "Calculated theta: 0.5105 based on sheep population: 22.94"
        ]
    }
}