{
    "wolf_id": 1063,
    "beta": 0.1,
    "gamma": 1.5,
    "delta": 0.75,
    "alive": false,
    "born_at_step": 428,
    "died_at_step": 435,
    "thetas": [
        0.010291771391282678,
        0.6903558187228321,
        0.21527654260185847,
        0.17941714031849038,
        0.1720270038926326,
        0.17638023603752637,
        0.18744977564114418,
        0.2032105158632745
    ],
    "decision_history": {
        "history_steps": [
            429,
            430,
            431,
            432,
            433,
            434,
            435
        ],
        "new_thetas": [
            0.6903558187228321,
            0.21527654260185847,
            0.17941714031849038,
            0.1720270038926326,
            0.17638023603752637,
            0.18744977564114418,
            0.2032105158632745
        ],
        "prompts": [
            "N/A",
            "N/A",
            "N/A",
            "N/A",
            "N/A",
            "N/A",
            "N/A"
        ],
        "explanations": [
            "Calculated theta: 0.6904 based on sheep population: 49.05",
            "Calculated theta: 0.2153 based on sheep population: 6.04",
            "Calculated theta: 0.1794 based on sheep population: 4.81",
            "Calculated theta: 0.1720 based on sheep population: 4.57",
            "Calculated theta: 0.1764 based on sheep population: 4.71",
            "Calculated theta: 0.1874 based on sheep population: 5.08",
            "Calculated theta: 0.2032 based on sheep population: 5.61"
        ],
        "vocalizations": [
            "Calculated theta: 0.6904 based on sheep population: 49.05",
            "Calculated theta: 0.2153 based on sheep population: 6.04",
            "Calculated theta: 0.1794 based on sheep population: 4.81",
            "Calculated theta: 0.1720 based on sheep population: 4.57",
            "Calculated theta: 0.1764 based on sheep population: 4.71",
            "Calculated theta: 0.1874 based on sheep population: 5.08",
            "Calculated theta: 0.2032 based on sheep population: 5.61"
        ]
    }
}