{
    "wolf_id": 754,
    "beta": 0.1,
    "gamma": 1.5,
    "delta": 0.75,
    "alive": false,
    "born_at_step": 312,
    "died_at_step": 319,
    "thetas": [
        0.8966069860508549,
        0.6903558187228321,
        0.21527654260185847,
        0.17941714031849038,
        0.17267191754571923,
        0.17694827103460012,
        0.18798928310568822,
        0.20374410025500736
    ],
    "decision_history": {
        "history_steps": [
            313,
            314,
            315,
            316,
            317,
            318,
            319
        ],
        "new_thetas": [
            0.6903558187228321,
            0.21527654260185847,
            0.17941714031849038,
            0.17267191754571923,
            0.17694827103460012,
            0.18798928310568822,
            0.20374410025500736
        ],
        "prompts": [
            "N/A",
            "N/A",
            "N/A",
            "N/A",
            "N/A",
            "N/A",
            "N/A"
        ],
        "explanations": [
            "Calculated theta: 0.6904 based on sheep population: 49.05",
            "Calculated theta: 0.2153 based on sheep population: 6.04",
            "Calculated theta: 0.1794 based on sheep population: 4.81",
            "Calculated theta: 0.1727 based on sheep population: 4.59",
            "Calculated theta: 0.1769 based on sheep population: 4.73",
            "Calculated theta: 0.1880 based on sheep population: 5.09",
            "Calculated theta: 0.2037 based on sheep population: 5.63"
        ],
        "vocalizations": [
            "Calculated theta: 0.6904 based on sheep population: 49.05",
            "Calculated theta: 0.2153 based on sheep population: 6.04",
            "Calculated theta: 0.1794 based on sheep population: 4.81",
            "Calculated theta: 0.1727 based on sheep population: 4.59",
            "Calculated theta: 0.1769 based on sheep population: 4.73",
            "Calculated theta: 0.1880 based on sheep population: 5.09",
            "Calculated theta: 0.2037 based on sheep population: 5.63"
        ]
    }
}