{
    "wolf_id": 128,
    "beta": 0.1,
    "gamma": 1.5,
    "delta": 0.75,
    "alive": false,
    "born_at_step": 83,
    "died_at_step": 90,
    "thetas": [
        0.7497163814715178,
        0.7578461710491065,
        0.7791440472445146,
        0.7932856444239227,
        0.7948498349527188,
        0.7723592191843967,
        0.6920782287171726,
        0.5042526071568141
    ],
    "decision_history": {
        "history_steps": [
            84,
            85,
            86,
            87,
            88,
            89,
            90
        ],
        "new_thetas": [
            0.7578461710491065,
            0.7791440472445146,
            0.7932856444239227,
            0.7948498349527188,
            0.7723592191843967,
            0.6920782287171726,
            0.5042526071568141
        ],
        "prompts": [
            "N/A",
            "N/A",
            "N/A",
            "N/A",
            "N/A",
            "N/A",
            "N/A"
        ],
        "explanations": [
            "Calculated theta: 0.7578 based on sheep population: 68.85",
            "Calculated theta: 0.7791 based on sheep population: 77.61",
            "Calculated theta: 0.7933 based on sheep population: 84.43",
            "Calculated theta: 0.7948 based on sheep population: 85.24",
            "Calculated theta: 0.7724 based on sheep population: 74.64",
            "Calculated theta: 0.6921 based on sheep population: 49.45",
            "Calculated theta: 0.5043 based on sheep population: 22.38"
        ],
        "vocalizations": [
            "Calculated theta: 0.7578 based on sheep population: 68.85",
            "Calculated theta: 0.7791 based on sheep population: 77.61",
            "Calculated theta: 0.7933 based on sheep population: 84.43",
            "Calculated theta: 0.7948 based on sheep population: 85.24",
            "Calculated theta: 0.7724 based on sheep population: 74.64",
            "Calculated theta: 0.6921 based on sheep population: 49.45",
            "Calculated theta: 0.5043 based on sheep population: 22.38"
        ]
    }
}