{
    "wolf_id": 511,
    "beta": 0.1,
    "gamma": 1.5,
    "delta": 0.75,
    "alive": false,
    "born_at_step": 225,
    "died_at_step": 230,
    "thetas": [
        0.2963738806413879,
        0.6903558187228321,
        0.21527654260185847,
        0.17941714031849038,
        0.1720270038926326,
        0.17638023603752637
    ],
    "decision_history": {
        "history_steps": [
            226,
            227,
            228,
            229,
            230
        ],
        "new_thetas": [
            0.6903558187228321,
            0.21527654260185847,
            0.17941714031849038,
            0.1720270038926326,
            0.17638023603752637
        ],
        "prompts": [
            "N/A",
            "N/A",
            "N/A",
            "N/A",
            "N/A"
        ],
        "explanations": [
            "Calculated theta: 0.6904 based on sheep population: 49.05",
            "Calculated theta: 0.2153 based on sheep population: 6.04",
            "Calculated theta: 0.1794 based on sheep population: 4.81",
            "Calculated theta: 0.1720 based on sheep population: 4.57",
            "Calculated theta: 0.1764 based on sheep population: 4.71"
        ],
        "vocalizations": [
            "Calculated theta: 0.6904 based on sheep population: 49.05",
            "Calculated theta: 0.2153 based on sheep population: 6.04",
            "Calculated theta: 0.1794 based on sheep population: 4.81",
            "Calculated theta: 0.1720 based on sheep population: 4.57",
            "Calculated theta: 0.1764 based on sheep population: 4.71"
        ]
    }
}