{
    "wolf_id": 237,
    "beta": 0.1,
    "gamma": 1.5,
    "delta": 0.75,
    "alive": false,
    "born_at_step": 114,
    "died_at_step": 142,
    "thetas": [
        0.5014353920444452,
        0.600590435371626,
        0.33509147854554816,
        0.2655597256240405,
        0.2456164635287578,
        0.24553807287993548,
        0.25517173144964966,
        0.27185028733941163,
        0.2939579273257979,
        0.32119583671044755,
        0.35160968670650644,
        0.3856949827263533,
        0.4220250555063405,
        0.46063344977615434,
        0.49912522184774893,
        0.5395806986770489,
        0.5791185940495072,
        0.617284940872218,
        0.6537037843510494,
        0.688085697661272,
        0.7202288135826271,
        0.7500138026083439,
        0.7773946165696239,
        0.7998092043241932,
        0.8151854726075173,
        0.8215124641309459,
        0.8062749817853934,
        0.7205344479829929,
        0.4069868194840044
    ],
    "decision_history": {
        "history_steps": [
            115,
            116,
            117,
            118,
            119,
            120,
            121,
            122,
            123,
            124,
            125,
            126,
            127,
            128,
            129,
            130,
            131,
            132,
            133,
            134,
            135,
            136,
            137,
            138,
            139,
            140,
            141,
            142
        ],
        "new_thetas": [
            0.600590435371626,
            0.33509147854554816,
            0.2655597256240405,
            0.2456164635287578,
            0.24553807287993548,
            0.25517173144964966,
            0.27185028733941163,
            0.2939579273257979,
            0.32119583671044755,
            0.35160968670650644,
            0.3856949827263533,
            0.4220250555063405,
            0.46063344977615434,
            0.49912522184774893,
            0.5395806986770489,
            0.5791185940495072,
            0.617284940872218,
            0.6537037843510494,
            0.688085697661272,
            0.7202288135826271,
            0.7500138026083439,
            0.7773946165696239,
            0.7998092043241932,
            0.8151854726075173,
            0.8215124641309459,
            0.8062749817853934,
            0.7205344479829929,
            0.4069868194840044
        ],
        "prompts": [
            "N/A",
            "N/A",
            "N/A",
            "N/A",
            "N/A",
            "N/A",
            "N/A",
            "N/A",
            "N/A",
            "N/A",
            "N/A",
            "N/A",
            "N/A",
            "N/A",
            "N/A",
            "N/A",
            "N/A",
            "N/A",
            "N/A",
            "N/A",
            "N/A",
            "N/A",
            "N/A",
            "N/A",
            "N/A",
            "N/A",
            "N/A",
            "N/A"
        ],
        "explanations": [
            "Calculated theta: 0.6006 based on sheep population: 33.08",
            "Calculated theta: 0.3351 based on sheep population: 11.09",
            "Calculated theta: 0.2656 based on sheep population: 7.95",
            "Calculated theta: 0.2456 based on sheep population: 7.16",
            "Calculated theta: 0.2455 based on sheep population: 7.16",
            "Calculated theta: 0.2552 based on sheep population: 7.54",
            "Calculated theta: 0.2719 based on sheep population: 8.21",
            "Calculated theta: 0.2940 based on sheep population: 9.16",
            "Calculated theta: 0.3212 based on sheep population: 10.41",
            "Calculated theta: 0.3516 based on sheep population: 11.93",
            "Calculated theta: 0.3857 based on sheep population: 13.81",
            "Calculated theta: 0.4220 based on sheep population: 16.06",
            "Calculated theta: 0.4606 based on sheep population: 18.79",
            "Calculated theta: 0.4991 based on sheep population: 21.92",
            "Calculated theta: 0.5396 based on sheep population: 25.78",
            "Calculated theta: 0.5791 based on sheep population: 30.27",
            "Calculated theta: 0.6173 based on sheep population: 35.48",
            "Calculated theta: 0.6537 based on sheep population: 41.53",
            "Calculated theta: 0.6881 based on sheep population: 48.53",
            "Calculated theta: 0.7202 based on sheep population: 56.64",
            "Calculated theta: 0.7500 based on sheep population: 66.00",
            "Calculated theta: 0.7774 based on sheep population: 76.83",
            "Calculated theta: 0.7998 based on sheep population: 87.90",
            "Calculated theta: 0.8152 based on sheep population: 97.04",
            "Calculated theta: 0.8215 based on sheep population: 101.26",
            "Calculated theta: 0.8063 based on sheep population: 91.56",
            "Calculated theta: 0.7205 based on sheep population: 56.72",
            "Calculated theta: 0.4070 based on sheep population: 15.10"
        ],
        "vocalizations": [
            "Calculated theta: 0.6006 based on sheep population: 33.08",
            "Calculated theta: 0.3351 based on sheep population: 11.09",
            "Calculated theta: 0.2656 based on sheep population: 7.95",
            "Calculated theta: 0.2456 based on sheep population: 7.16",
            "Calculated theta: 0.2455 based on sheep population: 7.16",
            "Calculated theta: 0.2552 based on sheep population: 7.54",
            "Calculated theta: 0.2719 based on sheep population: 8.21",
            "Calculated theta: 0.2940 based on sheep population: 9.16",
            "Calculated theta: 0.3212 based on sheep population: 10.41",
            "Calculated theta: 0.3516 based on sheep population: 11.93",
            "Calculated theta: 0.3857 based on sheep population: 13.81",
            "Calculated theta: 0.4220 based on sheep population: 16.06",
            "Calculated theta: 0.4606 based on sheep population: 18.79",
            "Calculated theta: 0.4991 based on sheep population: 21.92",
            "Calculated theta: 0.5396 based on sheep population: 25.78",
            "Calculated theta: 0.5791 based on sheep population: 30.27",
            "Calculated theta: 0.6173 based on sheep population: 35.48",
            "Calculated theta: 0.6537 based on sheep population: 41.53",
            "Calculated theta: 0.6881 based on sheep population: 48.53",
            "Calculated theta: 0.7202 based on sheep population: 56.64",
            "Calculated theta: 0.7500 based on sheep population: 66.00",
            "Calculated theta: 0.7774 based on sheep population: 76.83",
            "Calculated theta: 0.7998 based on sheep population: 87.90",
            "Calculated theta: 0.8152 based on sheep population: 97.04",
            "Calculated theta: 0.8215 based on sheep population: 101.26",
            "Calculated theta: 0.8063 based on sheep population: 91.56",
            "Calculated theta: 0.7205 based on sheep population: 56.72",
            "Calculated theta: 0.4070 based on sheep population: 15.10"
        ]
    }
}