{
    "wolf_id": 1071,
    "beta": 0.1,
    "gamma": 1.5,
    "delta": 0.75,
    "alive": false,
    "born_at_step": 429,
    "died_at_step": 437,
    "thetas": [
        0.041670902238692964,
        0.21527654260185847,
        0.17941714031849038,
        0.1720270038926326,
        0.17638023603752637,
        0.18744977564114418,
        0.2032105158632745,
        0.22323218692426702,
        0.24781807612006063
    ],
    "decision_history": {
        "history_steps": [
            430,
            431,
            432,
            433,
            434,
            435,
            436,
            437
        ],
        "new_thetas": [
            0.21527654260185847,
            0.17941714031849038,
            0.1720270038926326,
            0.17638023603752637,
            0.18744977564114418,
            0.2032105158632745,
            0.22323218692426702,
            0.24781807612006063
        ],
        "prompts": [
            "N/A",
            "N/A",
            "N/A",
            "N/A",
            "N/A",
            "N/A",
            "N/A",
            "N/A"
        ],
        "explanations": [
            "Calculated theta: 0.2153 based on sheep population: 6.04",
            "Calculated theta: 0.1794 based on sheep population: 4.81",
            "Calculated theta: 0.1720 based on sheep population: 4.57",
            "Calculated theta: 0.1764 based on sheep population: 4.71",
            "Calculated theta: 0.1874 based on sheep population: 5.08",
            "Calculated theta: 0.2032 based on sheep population: 5.61",
            "Calculated theta: 0.2232 based on sheep population: 6.32",
            "Calculated theta: 0.2478 based on sheep population: 7.25"
        ],
        "vocalizations": [
            "Calculated theta: 0.2153 based on sheep population: 6.04",
            "Calculated theta: 0.1794 based on sheep population: 4.81",
            "Calculated theta: 0.1720 based on sheep population: 4.57",
            "Calculated theta: 0.1764 based on sheep population: 4.71",
            "Calculated theta: 0.1874 based on sheep population: 5.08",
            "Calculated theta: 0.2032 based on sheep population: 5.61",
            "Calculated theta: 0.2232 based on sheep population: 6.32",
            "Calculated theta: 0.2478 based on sheep population: 7.25"
        ]
    }
}