{
    "wolf_id": 234,
    "beta": 0.1,
    "gamma": 1.5,
    "delta": 0.75,
    "alive": false,
    "born_at_step": 114,
    "died_at_step": 125,
    "thetas": [
        0.9987556835579781,
        0.600590435371626,
        0.33509147854554816,
        0.2655597256240405,
        0.2456164635287578,
        0.24553807287993548,
        0.25517173144964966,
        0.27185028733941163,
        0.2939579273257979,
        0.32119583671044755,
        0.35160968670650644,
        0.3856949827263533
    ],
    "decision_history": {
        "history_steps": [
            115,
            116,
            117,
            118,
            119,
            120,
            121,
            122,
            123,
            124,
            125
        ],
        "new_thetas": [
            0.600590435371626,
            0.33509147854554816,
            0.2655597256240405,
            0.2456164635287578,
            0.24553807287993548,
            0.25517173144964966,
            0.27185028733941163,
            0.2939579273257979,
            0.32119583671044755,
            0.35160968670650644,
            0.3856949827263533
        ],
        "prompts": [
            "N/A",
            "N/A",
            "N/A",
            "N/A",
            "N/A",
            "N/A",
            "N/A",
            "N/A",
            "N/A",
            "N/A",
            "N/A"
        ],
        "explanations": [
            "Calculated theta: 0.6006 based on sheep population: 33.08",
            "Calculated theta: 0.3351 based on sheep population: 11.09",
            "Calculated theta: 0.2656 based on sheep population: 7.95",
            "Calculated theta: 0.2456 based on sheep population: 7.16",
            "Calculated theta: 0.2455 based on sheep population: 7.16",
            "Calculated theta: 0.2552 based on sheep population: 7.54",
            "Calculated theta: 0.2719 based on sheep population: 8.21",
            "Calculated theta: 0.2940 based on sheep population: 9.16",
            "Calculated theta: 0.3212 based on sheep population: 10.41",
            "Calculated theta: 0.3516 based on sheep population: 11.93",
            "Calculated theta: 0.3857 based on sheep population: 13.81"
        ],
        "vocalizations": [
            "Calculated theta: 0.6006 based on sheep population: 33.08",
            "Calculated theta: 0.3351 based on sheep population: 11.09",
            "Calculated theta: 0.2656 based on sheep population: 7.95",
            "Calculated theta: 0.2456 based on sheep population: 7.16",
            "Calculated theta: 0.2455 based on sheep population: 7.16",
            "Calculated theta: 0.2552 based on sheep population: 7.54",
            "Calculated theta: 0.2719 based on sheep population: 8.21",
            "Calculated theta: 0.2940 based on sheep population: 9.16",
            "Calculated theta: 0.3212 based on sheep population: 10.41",
            "Calculated theta: 0.3516 based on sheep population: 11.93",
            "Calculated theta: 0.3857 based on sheep population: 13.81"
        ]
    }
}