{
    "wolf_id": 82,
    "beta": 0.1,
    "gamma": 1.5,
    "delta": 0.75,
    "alive": false,
    "born_at_step": 58,
    "died_at_step": 65,
    "thetas": [
        0.9300370592559132,
        0.7519402634007992,
        0.77085360148676,
        0.7826641696492077,
        0.7815316636617861,
        0.7552023103696346,
        0.6753737116474484,
        0.5113623143816077
    ],
    "decision_history": {
        "history_steps": [
            59,
            60,
            61,
            62,
            63,
            64,
            65
        ],
        "new_thetas": [
            0.7519402634007992,
            0.77085360148676,
            0.7826641696492077,
            0.7815316636617861,
            0.7552023103696346,
            0.6753737116474484,
            0.5113623143816077
        ],
        "prompts": [
            "N/A",
            "N/A",
            "N/A",
            "N/A",
            "N/A",
            "N/A",
            "N/A"
        ],
        "explanations": [
            "Calculated theta: 0.7519 based on sheep population: 66.69",
            "Calculated theta: 0.7709 based on sheep population: 74.01",
            "Calculated theta: 0.7827 based on sheep population: 79.23",
            "Calculated theta: 0.7815 based on sheep population: 78.70",
            "Calculated theta: 0.7552 based on sheep population: 67.87",
            "Calculated theta: 0.6754 based on sheep population: 45.77",
            "Calculated theta: 0.5114 based on sheep population: 23.02"
        ],
        "vocalizations": [
            "Calculated theta: 0.7519 based on sheep population: 66.69",
            "Calculated theta: 0.7709 based on sheep population: 74.01",
            "Calculated theta: 0.7827 based on sheep population: 79.23",
            "Calculated theta: 0.7815 based on sheep population: 78.70",
            "Calculated theta: 0.7552 based on sheep population: 67.87",
            "Calculated theta: 0.6754 based on sheep population: 45.77",
            "Calculated theta: 0.5114 based on sheep population: 23.02"
        ]
    }
}