{
    "wolf_id": 38,
    "beta": 0.1,
    "gamma": 1.5,
    "delta": 0.75,
    "alive": false,
    "born_at_step": 15,
    "died_at_step": 28,
    "thetas": [
        0.9205568357221666,
        0.6568109839049692,
        0.5596413439008934,
        0.4670664854999171,
        0.4110784421713315,
        0.3868890035309707,
        0.3814210115754333,
        0.3875118039419762,
        0.4036412754560769,
        0.42531575833146956,
        0.4505833605923708,
        0.4797230824273303,
        0.5104681208003732,
        0.5428456186597603
    ],
    "decision_history": {
        "history_steps": [
            16,
            17,
            18,
            19,
            20,
            21,
            22,
            23,
            24,
            25,
            26,
            27,
            28
        ],
        "new_thetas": [
            0.6568109839049692,
            0.5596413439008934,
            0.4670664854999171,
            0.4110784421713315,
            0.3868890035309707,
            0.3814210115754333,
            0.3875118039419762,
            0.4036412754560769,
            0.42531575833146956,
            0.4505833605923708,
            0.4797230824273303,
            0.5104681208003732,
            0.5428456186597603
        ],
        "prompts": [
            "N/A",
            "N/A",
            "N/A",
            "N/A",
            "N/A",
            "N/A",
            "N/A",
            "N/A",
            "N/A",
            "N/A",
            "N/A",
            "N/A",
            "N/A"
        ],
        "explanations": [
            "Calculated theta: 0.6568 based on sheep population: 42.10",
            "Calculated theta: 0.5596 based on sheep population: 27.96",
            "Calculated theta: 0.4671 based on sheep population: 19.28",
            "Calculated theta: 0.4111 based on sheep population: 15.36",
            "Calculated theta: 0.3869 based on sheep population: 13.88",
            "Calculated theta: 0.3814 based on sheep population: 13.57",
            "Calculated theta: 0.3875 based on sheep population: 13.92",
            "Calculated theta: 0.4036 based on sheep population: 14.89",
            "Calculated theta: 0.4253 based on sheep population: 16.28",
            "Calculated theta: 0.4506 based on sheep population: 18.04",
            "Calculated theta: 0.4797 based on sheep population: 20.29",
            "Calculated theta: 0.5105 based on sheep population: 22.94",
            "Calculated theta: 0.5428 based on sheep population: 26.12"
        ],
        "vocalizations": [
            "Calculated theta: 0.6568 based on sheep population: 42.10",
            "Calculated theta: 0.5596 based on sheep population: 27.96",
            "Calculated theta: 0.4671 based on sheep population: 19.28",
            "Calculated theta: 0.4111 based on sheep population: 15.36",
            "Calculated theta: 0.3869 based on sheep population: 13.88",
            "Calculated theta: 0.3814 based on sheep population: 13.57",
            "Calculated theta: 0.3875 based on sheep population: 13.92",
            "Calculated theta: 0.4036 based on sheep population: 14.89",
            "Calculated theta: 0.4253 based on sheep population: 16.28",
            "Calculated theta: 0.4506 based on sheep population: 18.04",
            "Calculated theta: 0.4797 based on sheep population: 20.29",
            "Calculated theta: 0.5105 based on sheep population: 22.94",
            "Calculated theta: 0.5428 based on sheep population: 26.12"
        ]
    }
}