{
    "wolf_id": 384,
    "beta": 0.1,
    "gamma": 1.5,
    "delta": 0.75,
    "alive": false,
    "born_at_step": 191,
    "died_at_step": 198,
    "thetas": [
        0.42964438833495733,
        0.8164459531999798,
        0.8333334595958639,
        0.8333334595958639,
        0.8333334595958639,
        0.8113209073647388,
        0.6903558187228321,
        0.21527654260185847
    ],
    "decision_history": {
        "history_steps": [
            192,
            193,
            194,
            195,
            196,
            197,
            198
        ],
        "new_thetas": [
            0.8164459531999798,
            0.8333334595958639,
            0.8333334595958639,
            0.8333334595958639,
            0.8113209073647388,
            0.6903558187228321,
            0.21527654260185847
        ],
        "prompts": [
            "N/A",
            "N/A",
            "N/A",
            "N/A",
            "N/A",
            "N/A",
            "N/A"
        ],
        "explanations": [
            "Calculated theta: 0.8164 based on sheep population: 97.86",
            "Calculated theta: 0.8333 based on sheep population: 110.00",
            "Calculated theta: 0.8333 based on sheep population: 110.00",
            "Calculated theta: 0.8333 based on sheep population: 110.00",
            "Calculated theta: 0.8113 based on sheep population: 94.60",
            "Calculated theta: 0.6904 based on sheep population: 49.05",
            "Calculated theta: 0.2153 based on sheep population: 6.04"
        ],
        "vocalizations": [
            "Calculated theta: 0.8164 based on sheep population: 97.86",
            "Calculated theta: 0.8333 based on sheep population: 110.00",
            "Calculated theta: 0.8333 based on sheep population: 110.00",
            "Calculated theta: 0.8333 based on sheep population: 110.00",
            "Calculated theta: 0.8113 based on sheep population: 94.60",
            "Calculated theta: 0.6904 based on sheep population: 49.05",
            "Calculated theta: 0.2153 based on sheep population: 6.04"
        ]
    }
}