{
    "wolf_id": 383,
    "beta": 0.1,
    "gamma": 1.5,
    "delta": 0.75,
    "alive": false,
    "born_at_step": 168,
    "died_at_step": 198,
    "thetas": [
        0.07522674485479042,
        0.48073934689618786,
        0.2174046086367886,
        0.19109891360839037,
        0.18725770741080097,
        0.19370516870203142,
        0.20658055044611703,
        0.22432783977133605,
        0.24719217360305953,
        0.2735194476962931,
        0.3028919661642404,
        0.3358147328672445,
        0.3728438301023869,
        0.41087722575882696,
        0.4515051180780751,
        0.4923766408525753,
        0.5354227263366161,
        0.5777352926863483,
        0.618735014682493,
        0.657922917055455,
        0.6948997263821463,
        0.7293747898732774,
        0.7611653598367578,
        0.7901881927694335,
        0.8164459531999798,
        0.8333334595958639,
        0.8333334595958639,
        0.8333334595958639,
        0.8113209073647388,
        0.6903558187228321,
        0.21527654260185847
    ],
    "decision_history": {
        "history_steps": [
            169,
            170,
            171,
            172,
            173,
            174,
            175,
            176,
            177,
            178,
            179,
            180,
            181,
            182,
            183,
            184,
            185,
            186,
            187,
            188,
            189,
            190,
            191,
            192,
            193,
            194,
            195,
            196,
            197,
            198
        ],
        "new_thetas": [
            0.48073934689618786,
            0.2174046086367886,
            0.19109891360839037,
            0.18725770741080097,
            0.19370516870203142,
            0.20658055044611703,
            0.22432783977133605,
            0.24719217360305953,
            0.2735194476962931,
            0.3028919661642404,
            0.3358147328672445,
            0.3728438301023869,
            0.41087722575882696,
            0.4515051180780751,
            0.4923766408525753,
            0.5354227263366161,
            0.5777352926863483,
            0.618735014682493,
            0.657922917055455,
            0.6948997263821463,
            0.7293747898732774,
            0.7611653598367578,
            0.7901881927694335,
            0.8164459531999798,
            0.8333334595958639,
            0.8333334595958639,
            0.8333334595958639,
            0.8113209073647388,
            0.6903558187228321,
            0.21527654260185847
        ],
        "prompts": [
            "N/A",
            "N/A",
            "N/A",
            "N/A",
            "N/A",
            "N/A",
            "N/A",
            "N/A",
            "N/A",
            "N/A",
            "N/A",
            "N/A",
            "N/A",
            "N/A",
            "N/A",
            "N/A",
            "N/A",
            "N/A",
            "N/A",
            "N/A",
            "N/A",
            "N/A",
            "N/A",
            "N/A",
            "N/A",
            "N/A",
            "N/A",
            "N/A",
            "N/A",
            "N/A"
        ],
        "explanations": [
            "Calculated theta: 0.4807 based on sheep population: 20.37",
            "Calculated theta: 0.2174 based on sheep population: 6.11",
            "Calculated theta: 0.1911 based on sheep population: 5.20",
            "Calculated theta: 0.1873 based on sheep population: 5.07",
            "Calculated theta: 0.1937 based on sheep population: 5.29",
            "Calculated theta: 0.2066 based on sheep population: 5.73",
            "Calculated theta: 0.2243 based on sheep population: 6.36",
            "Calculated theta: 0.2472 based on sheep population: 7.22",
            "Calculated theta: 0.2735 based on sheep population: 8.28",
            "Calculated theta: 0.3029 based on sheep population: 9.56",
            "Calculated theta: 0.3358 based on sheep population: 11.12",
            "Calculated theta: 0.3728 based on sheep population: 13.08",
            "Calculated theta: 0.4109 based on sheep population: 15.34",
            "Calculated theta: 0.4515 based on sheep population: 18.11",
            "Calculated theta: 0.4924 based on sheep population: 21.34",
            "Calculated theta: 0.5354 based on sheep population: 25.35",
            "Calculated theta: 0.5777 based on sheep population: 30.10",
            "Calculated theta: 0.6187 based on sheep population: 35.70",
            "Calculated theta: 0.6579 based on sheep population: 42.31",
            "Calculated theta: 0.6949 based on sheep population: 50.11",
            "Calculated theta: 0.7294 based on sheep population: 59.29",
            "Calculated theta: 0.7612 based on sheep population: 70.11",
            "Calculated theta: 0.7902 based on sheep population: 82.86",
            "Calculated theta: 0.8164 based on sheep population: 97.86",
            "Calculated theta: 0.8333 based on sheep population: 110.00",
            "Calculated theta: 0.8333 based on sheep population: 110.00",
            "Calculated theta: 0.8333 based on sheep population: 110.00",
            "Calculated theta: 0.8113 based on sheep population: 94.60",
            "Calculated theta: 0.6904 based on sheep population: 49.05",
            "Calculated theta: 0.2153 based on sheep population: 6.04"
        ],
        "vocalizations": [
            "Calculated theta: 0.4807 based on sheep population: 20.37",
            "Calculated theta: 0.2174 based on sheep population: 6.11",
            "Calculated theta: 0.1911 based on sheep population: 5.20",
            "Calculated theta: 0.1873 based on sheep population: 5.07",
            "Calculated theta: 0.1937 based on sheep population: 5.29",
            "Calculated theta: 0.2066 based on sheep population: 5.73",
            "Calculated theta: 0.2243 based on sheep population: 6.36",
            "Calculated theta: 0.2472 based on sheep population: 7.22",
            "Calculated theta: 0.2735 based on sheep population: 8.28",
            "Calculated theta: 0.3029 based on sheep population: 9.56",
            "Calculated theta: 0.3358 based on sheep population: 11.12",
            "Calculated theta: 0.3728 based on sheep population: 13.08",
            "Calculated theta: 0.4109 based on sheep population: 15.34",
            "Calculated theta: 0.4515 based on sheep population: 18.11",
            "Calculated theta: 0.4924 based on sheep population: 21.34",
            "Calculated theta: 0.5354 based on sheep population: 25.35",
            "Calculated theta: 0.5777 based on sheep population: 30.10",
            "Calculated theta: 0.6187 based on sheep population: 35.70",
            "Calculated theta: 0.6579 based on sheep population: 42.31",
            "Calculated theta: 0.6949 based on sheep population: 50.11",
            "Calculated theta: 0.7294 based on sheep population: 59.29",
            "Calculated theta: 0.7612 based on sheep population: 70.11",
            "Calculated theta: 0.7902 based on sheep population: 82.86",
            "Calculated theta: 0.8164 based on sheep population: 97.86",
            "Calculated theta: 0.8333 based on sheep population: 110.00",
            "Calculated theta: 0.8333 based on sheep population: 110.00",
            "Calculated theta: 0.8333 based on sheep population: 110.00",
            "Calculated theta: 0.8113 based on sheep population: 94.60",
            "Calculated theta: 0.6904 based on sheep population: 49.05",
            "Calculated theta: 0.2153 based on sheep population: 6.04"
        ]
    }
}