{
    "wolf_id": 766,
    "beta": 0.1,
    "gamma": 1.5,
    "delta": 0.75,
    "alive": false,
    "born_at_step": 313,
    "died_at_step": 324,
    "thetas": [
        0.959598976821698,
        0.21527654260185847,
        0.17941714031849038,
        0.17267191754571923,
        0.17694827103460012,
        0.18798928310568822,
        0.20374410025500736,
        0.22377396466350735,
        0.2475036013812883,
        0.27486906848863485,
        0.3066964854240779,
        0.3411595949708725
    ],
    "decision_history": {
        "history_steps": [
            314,
            315,
            316,
            317,
            318,
            319,
            320,
            321,
            322,
            323,
            324
        ],
        "new_thetas": [
            0.21527654260185847,
            0.17941714031849038,
            0.17267191754571923,
            0.17694827103460012,
            0.18798928310568822,
            0.20374410025500736,
            0.22377396466350735,
            0.2475036013812883,
            0.27486906848863485,
            0.3066964854240779,
            0.3411595949708725
        ],
        "prompts": [
            "N/A",
            "N/A",
            "N/A",
            "N/A",
            "N/A",
            "N/A",
            "N/A",
            "N/A",
            "N/A",
            "N/A",
            "N/A"
        ],
        "explanations": [
            "Calculated theta: 0.2153 based on sheep population: 6.04",
            "Calculated theta: 0.1794 based on sheep population: 4.81",
            "Calculated theta: 0.1727 based on sheep population: 4.59",
            "Calculated theta: 0.1769 based on sheep population: 4.73",
            "Calculated theta: 0.1880 based on sheep population: 5.09",
            "Calculated theta: 0.2037 based on sheep population: 5.63",
            "Calculated theta: 0.2238 based on sheep population: 6.34",
            "Calculated theta: 0.2475 based on sheep population: 7.24",
            "Calculated theta: 0.2749 based on sheep population: 8.34",
            "Calculated theta: 0.3067 based on sheep population: 9.73",
            "Calculated theta: 0.3412 based on sheep population: 11.39"
        ],
        "vocalizations": [
            "Calculated theta: 0.2153 based on sheep population: 6.04",
            "Calculated theta: 0.1794 based on sheep population: 4.81",
            "Calculated theta: 0.1727 based on sheep population: 4.59",
            "Calculated theta: 0.1769 based on sheep population: 4.73",
            "Calculated theta: 0.1880 based on sheep population: 5.09",
            "Calculated theta: 0.2037 based on sheep population: 5.63",
            "Calculated theta: 0.2238 based on sheep population: 6.34",
            "Calculated theta: 0.2475 based on sheep population: 7.24",
            "Calculated theta: 0.2749 based on sheep population: 8.34",
            "Calculated theta: 0.3067 based on sheep population: 9.73",
            "Calculated theta: 0.3412 based on sheep population: 11.39"
        ]
    }
}