{
    "wolf_id": 325,
    "beta": 0.1,
    "gamma": 1.5,
    "delta": 0.75,
    "alive": false,
    "born_at_step": 166,
    "died_at_step": 170,
    "thetas": [
        0.6700456181284751,
        0.8275863366121646,
        0.7715098234812613,
        0.48073934689618786,
        0.2174046086367886
    ],
    "decision_history": {
        "history_steps": [
            167,
            168,
            169,
            170
        ],
        "new_thetas": [
            0.8275863366121646,
            0.7715098234812613,
            0.48073934689618786,
            0.2174046086367886
        ],
        "prompts": [
            "N/A",
            "N/A",
            "N/A",
            "N/A"
        ],
        "explanations": [
            "Calculated theta: 0.8276 based on sheep population: 105.60",
            "Calculated theta: 0.7715 based on sheep population: 74.28",
            "Calculated theta: 0.4807 based on sheep population: 20.37",
            "Calculated theta: 0.2174 based on sheep population: 6.11"
        ],
        "vocalizations": [
            "Calculated theta: 0.8276 based on sheep population: 105.60",
            "Calculated theta: 0.7715 based on sheep population: 74.28",
            "Calculated theta: 0.4807 based on sheep population: 20.37",
            "Calculated theta: 0.2174 based on sheep population: 6.11"
        ]
    }
}