{
    "wolf_id": 201,
    "beta": 0.1,
    "gamma": 1.5,
    "delta": 0.75,
    "alive": false,
    "born_at_step": 113,
    "died_at_step": 117,
    "thetas": [
        0.9019949829822267,
        0.7627236009171253,
        0.600590435371626,
        0.33509147854554816,
        0.2655597256240405
    ],
    "decision_history": {
        "history_steps": [
            114,
            115,
            116,
            117
        ],
        "new_thetas": [
            0.7627236009171253,
            0.600590435371626,
            0.33509147854554816,
            0.2655597256240405
        ],
        "prompts": [
            "N/A",
            "N/A",
            "N/A",
            "N/A"
        ],
        "explanations": [
            "Calculated theta: 0.7627 based on sheep population: 70.72",
            "Calculated theta: 0.6006 based on sheep population: 33.08",
            "Calculated theta: 0.3351 based on sheep population: 11.09",
            "Calculated theta: 0.2656 based on sheep population: 7.95"
        ],
        "vocalizations": [
            "Calculated theta: 0.7627 based on sheep population: 70.72",
            "Calculated theta: 0.6006 based on sheep population: 33.08",
            "Calculated theta: 0.3351 based on sheep population: 11.09",
            "Calculated theta: 0.2656 based on sheep population: 7.95"
        ]
    }
}