{
    "wolf_id": 578,
    "beta": 0.1,
    "gamma": 1.5,
    "delta": 0.75,
    "alive": false,
    "born_at_step": 254,
    "died_at_step": 258,
    "thetas": [
        0.09379620540691458,
        0.6903558187228321,
        0.21527654260185847,
        0.17941714031849038,
        0.1720270038926326
    ],
    "decision_history": {
        "history_steps": [
            255,
            256,
            257,
            258
        ],
        "new_thetas": [
            0.6903558187228321,
            0.21527654260185847,
            0.17941714031849038,
            0.1720270038926326
        ],
        "prompts": [
            "N/A",
            "N/A",
            "N/A",
            "N/A"
        ],
        "explanations": [
            "Calculated theta: 0.6904 based on sheep population: 49.05",
            "Calculated theta: 0.2153 based on sheep population: 6.04",
            "Calculated theta: 0.1794 based on sheep population: 4.81",
            "Calculated theta: 0.1720 based on sheep population: 4.57"
        ],
        "vocalizations": [
            "Calculated theta: 0.6904 based on sheep population: 49.05",
            "Calculated theta: 0.2153 based on sheep population: 6.04",
            "Calculated theta: 0.1794 based on sheep population: 4.81",
            "Calculated theta: 0.1720 based on sheep population: 4.57"
        ]
    }
}