{
    "wolf_id": 789,
    "beta": 0.1,
    "gamma": 1.5,
    "delta": 0.75,
    "alive": false,
    "born_at_step": 340,
    "died_at_step": 344,
    "thetas": [
        0.6258991674211283,
        0.8113209073647388,
        0.6903558187228321,
        0.21527654260185847,
        0.17941714031849038
    ],
    "decision_history": {
        "history_steps": [
            341,
            342,
            343,
            344
        ],
        "new_thetas": [
            0.8113209073647388,
            0.6903558187228321,
            0.21527654260185847,
            0.17941714031849038
        ],
        "prompts": [
            "N/A",
            "N/A",
            "N/A",
            "N/A"
        ],
        "explanations": [
            "Calculated theta: 0.8113 based on sheep population: 94.60",
            "Calculated theta: 0.6904 based on sheep population: 49.05",
            "Calculated theta: 0.2153 based on sheep population: 6.04",
            "Calculated theta: 0.1794 based on sheep population: 4.81"
        ],
        "vocalizations": [
            "Calculated theta: 0.8113 based on sheep population: 94.60",
            "Calculated theta: 0.6904 based on sheep population: 49.05",
            "Calculated theta: 0.2153 based on sheep population: 6.04",
            "Calculated theta: 0.1794 based on sheep population: 4.81"
        ]
    }
}