{
    "wolf_id": 819,
    "beta": 0.1,
    "gamma": 1.5,
    "delta": 0.75,
    "alive": false,
    "born_at_step": 341,
    "died_at_step": 346,
    "thetas": [
        0.06965122503840693,
        0.6903558187228321,
        0.21527654260185847,
        0.17941714031849038,
        0.17267191754571923,
        0.17694827103460012
    ],
    "decision_history": {
        "history_steps": [
            342,
            343,
            344,
            345,
            346
        ],
        "new_thetas": [
            0.6903558187228321,
            0.21527654260185847,
            0.17941714031849038,
            0.17267191754571923,
            0.17694827103460012
        ],
        "prompts": [
            "N/A",
            "N/A",
            "N/A",
            "N/A",
            "N/A"
        ],
        "explanations": [
            "Calculated theta: 0.6904 based on sheep population: 49.05",
            "Calculated theta: 0.2153 based on sheep population: 6.04",
            "Calculated theta: 0.1794 based on sheep population: 4.81",
            "Calculated theta: 0.1727 based on sheep population: 4.59",
            "Calculated theta: 0.1769 based on sheep population: 4.73"
        ],
        "vocalizations": [
            "Calculated theta: 0.6904 based on sheep population: 49.05",
            "Calculated theta: 0.2153 based on sheep population: 6.04",
            "Calculated theta: 0.1794 based on sheep population: 4.81",
            "Calculated theta: 0.1727 based on sheep population: 4.59",
            "Calculated theta: 0.1769 based on sheep population: 4.73"
        ]
    }
}