{
    "wolf_id": 22,
    "beta": 0.1,
    "gamma": 1.5,
    "delta": 0.75,
    "alive": false,
    "born_at_step": 13,
    "died_at_step": 20,
    "thetas": [
        0.25788562612928,
        0.7432992444821533,
        0.7179058894919736,
        0.6568109839049692,
        0.5596413439008934,
        0.4670664854999171,
        0.4110784421713315,
        0.3868890035309707
    ],
    "decision_history": {
        "history_steps": [
            14,
            15,
            16,
            17,
            18,
            19,
            20
        ],
        "new_thetas": [
            0.7432992444821533,
            0.7179058894919736,
            0.6568109839049692,
            0.5596413439008934,
            0.4670664854999171,
            0.4110784421713315,
            0.3868890035309707
        ],
        "prompts": [
            "N/A",
            "N/A",
            "N/A",
            "N/A",
            "N/A",
            "N/A",
            "N/A"
        ],
        "explanations": [
            "Calculated theta: 0.7433 based on sheep population: 63.70",
            "Calculated theta: 0.7179 based on sheep population: 55.99",
            "Calculated theta: 0.6568 based on sheep population: 42.10",
            "Calculated theta: 0.5596 based on sheep population: 27.96",
            "Calculated theta: 0.4671 based on sheep population: 19.28",
            "Calculated theta: 0.4111 based on sheep population: 15.36",
            "Calculated theta: 0.3869 based on sheep population: 13.88"
        ],
        "vocalizations": [
            "Calculated theta: 0.7433 based on sheep population: 63.70",
            "Calculated theta: 0.7179 based on sheep population: 55.99",
            "Calculated theta: 0.6568 based on sheep population: 42.10",
            "Calculated theta: 0.5596 based on sheep population: 27.96",
            "Calculated theta: 0.4671 based on sheep population: 19.28",
            "Calculated theta: 0.4111 based on sheep population: 15.36",
            "Calculated theta: 0.3869 based on sheep population: 13.88"
        ]
    }
}