{
    "wolf_id": 382,
    "beta": 0.1,
    "gamma": 1.5,
    "delta": 0.75,
    "alive": false,
    "born_at_step": 168,
    "died_at_step": 182,
    "thetas": [
        0.3559054110467835,
        0.48073934689618786,
        0.2174046086367886,
        0.19109891360839037,
        0.18725770741080097,
        0.19370516870203142,
        0.20658055044611703,
        0.22432783977133605,
        0.24719217360305953,
        0.2735194476962931,
        0.3028919661642404,
        0.3358147328672445,
        0.3728438301023869,
        0.41087722575882696,
        0.4515051180780751
    ],
    "decision_history": {
        "history_steps": [
            169,
            170,
            171,
            172,
            173,
            174,
            175,
            176,
            177,
            178,
            179,
            180,
            181,
            182
        ],
        "new_thetas": [
            0.48073934689618786,
            0.2174046086367886,
            0.19109891360839037,
            0.18725770741080097,
            0.19370516870203142,
            0.20658055044611703,
            0.22432783977133605,
            0.24719217360305953,
            0.2735194476962931,
            0.3028919661642404,
            0.3358147328672445,
            0.3728438301023869,
            0.41087722575882696,
            0.4515051180780751
        ],
        "prompts": [
            "N/A",
            "N/A",
            "N/A",
            "N/A",
            "N/A",
            "N/A",
            "N/A",
            "N/A",
            "N/A",
            "N/A",
            "N/A",
            "N/A",
            "N/A",
            "N/A"
        ],
        "explanations": [
            "Calculated theta: 0.4807 based on sheep population: 20.37",
            "Calculated theta: 0.2174 based on sheep population: 6.11",
            "Calculated theta: 0.1911 based on sheep population: 5.20",
            "Calculated theta: 0.1873 based on sheep population: 5.07",
            "Calculated theta: 0.1937 based on sheep population: 5.29",
            "Calculated theta: 0.2066 based on sheep population: 5.73",
            "Calculated theta: 0.2243 based on sheep population: 6.36",
            "Calculated theta: 0.2472 based on sheep population: 7.22",
            "Calculated theta: 0.2735 based on sheep population: 8.28",
            "Calculated theta: 0.3029 based on sheep population: 9.56",
            "Calculated theta: 0.3358 based on sheep population: 11.12",
            "Calculated theta: 0.3728 based on sheep population: 13.08",
            "Calculated theta: 0.4109 based on sheep population: 15.34",
            "Calculated theta: 0.4515 based on sheep population: 18.11"
        ],
        "vocalizations": [
            "Calculated theta: 0.4807 based on sheep population: 20.37",
            "Calculated theta: 0.2174 based on sheep population: 6.11",
            "Calculated theta: 0.1911 based on sheep population: 5.20",
            "Calculated theta: 0.1873 based on sheep population: 5.07",
            "Calculated theta: 0.1937 based on sheep population: 5.29",
            "Calculated theta: 0.2066 based on sheep population: 5.73",
            "Calculated theta: 0.2243 based on sheep population: 6.36",
            "Calculated theta: 0.2472 based on sheep population: 7.22",
            "Calculated theta: 0.2735 based on sheep population: 8.28",
            "Calculated theta: 0.3029 based on sheep population: 9.56",
            "Calculated theta: 0.3358 based on sheep population: 11.12",
            "Calculated theta: 0.3728 based on sheep population: 13.08",
            "Calculated theta: 0.4109 based on sheep population: 15.34",
            "Calculated theta: 0.4515 based on sheep population: 18.11"
        ]
    }
}