{
    "wolf_id": 922,
    "beta": 0.1,
    "gamma": 1.5,
    "delta": 0.75,
    "alive": false,
    "born_at_step": 371,
    "died_at_step": 401,
    "thetas": [
        0.02678476909126315,
        0.21527654260185847,
        0.17941714031849038,
        0.1720270038926326,
        0.17638023603752637,
        0.18744977564114418,
        0.2032105158632745,
        0.22323218692426702,
        0.24781807612006063,
        0.2751951475019808,
        0.30703720050681294,
        0.34151345296836433,
        0.37873042190054046,
        0.41875528615749,
        0.4594749286109755,
        0.5003285289979754,
        0.5432858688527821,
        0.5853981996116435,
        0.6260990742937624,
        0.6649067284645469,
        0.7014415212939961,
        0.7354329786222225,
        0.7667174918475712,
        0.7952287670992512,
        0.820983551050481,
        0.8333334595958639,
        0.8333334595958639,
        0.8333334595958639,
        0.8113209073647388,
        0.6903558187228321,
        0.21527654260185847
    ],
    "decision_history": {
        "history_steps": [
            372,
            373,
            374,
            375,
            376,
            377,
            378,
            379,
            380,
            381,
            382,
            383,
            384,
            385,
            386,
            387,
            388,
            389,
            390,
            391,
            392,
            393,
            394,
            395,
            396,
            397,
            398,
            399,
            400,
            401
        ],
        "new_thetas": [
            0.21527654260185847,
            0.17941714031849038,
            0.1720270038926326,
            0.17638023603752637,
            0.18744977564114418,
            0.2032105158632745,
            0.22323218692426702,
            0.24781807612006063,
            0.2751951475019808,
            0.30703720050681294,
            0.34151345296836433,
            0.37873042190054046,
            0.41875528615749,
            0.4594749286109755,
            0.5003285289979754,
            0.5432858688527821,
            0.5853981996116435,
            0.6260990742937624,
            0.6649067284645469,
            0.7014415212939961,
            0.7354329786222225,
            0.7667174918475712,
            0.7952287670992512,
            0.820983551050481,
            0.8333334595958639,
            0.8333334595958639,
            0.8333334595958639,
            0.8113209073647388,
            0.6903558187228321,
            0.21527654260185847
        ],
        "prompts": [
            "N/A",
            "N/A",
            "N/A",
            "N/A",
            "N/A",
            "N/A",
            "N/A",
            "N/A",
            "N/A",
            "N/A",
            "N/A",
            "N/A",
            "N/A",
            "N/A",
            "N/A",
            "N/A",
            "N/A",
            "N/A",
            "N/A",
            "N/A",
            "N/A",
            "N/A",
            "N/A",
            "N/A",
            "N/A",
            "N/A",
            "N/A",
            "N/A",
            "N/A",
            "N/A"
        ],
        "explanations": [
            "Calculated theta: 0.2153 based on sheep population: 6.04",
            "Calculated theta: 0.1794 based on sheep population: 4.81",
            "Calculated theta: 0.1720 based on sheep population: 4.57",
            "Calculated theta: 0.1764 based on sheep population: 4.71",
            "Calculated theta: 0.1874 based on sheep population: 5.08",
            "Calculated theta: 0.2032 based on sheep population: 5.61",
            "Calculated theta: 0.2232 based on sheep population: 6.32",
            "Calculated theta: 0.2478 based on sheep population: 7.25",
            "Calculated theta: 0.2752 based on sheep population: 8.35",
            "Calculated theta: 0.3070 based on sheep population: 9.75",
            "Calculated theta: 0.3415 based on sheep population: 11.41",
            "Calculated theta: 0.3787 based on sheep population: 13.41",
            "Calculated theta: 0.4188 based on sheep population: 15.85",
            "Calculated theta: 0.4595 based on sheep population: 18.70",
            "Calculated theta: 0.5003 based on sheep population: 22.03",
            "Calculated theta: 0.5433 based on sheep population: 26.17",
            "Calculated theta: 0.5854 based on sheep population: 31.06",
            "Calculated theta: 0.6261 based on sheep population: 36.84",
            "Calculated theta: 0.6649 based on sheep population: 43.65",
            "Calculated theta: 0.7014 based on sheep population: 51.69",
            "Calculated theta: 0.7354 based on sheep population: 61.15",
            "Calculated theta: 0.7667 based on sheep population: 72.31",
            "Calculated theta: 0.7952 based on sheep population: 85.44",
            "Calculated theta: 0.8210 based on sheep population: 100.89",
            "Calculated theta: 0.8333 based on sheep population: 110.00",
            "Calculated theta: 0.8333 based on sheep population: 110.00",
            "Calculated theta: 0.8333 based on sheep population: 110.00",
            "Calculated theta: 0.8113 based on sheep population: 94.60",
            "Calculated theta: 0.6904 based on sheep population: 49.05",
            "Calculated theta: 0.2153 based on sheep population: 6.04"
        ],
        "vocalizations": [
            "Calculated theta: 0.2153 based on sheep population: 6.04",
            "Calculated theta: 0.1794 based on sheep population: 4.81",
            "Calculated theta: 0.1720 based on sheep population: 4.57",
            "Calculated theta: 0.1764 based on sheep population: 4.71",
            "Calculated theta: 0.1874 based on sheep population: 5.08",
            "Calculated theta: 0.2032 based on sheep population: 5.61",
            "Calculated theta: 0.2232 based on sheep population: 6.32",
            "Calculated theta: 0.2478 based on sheep population: 7.25",
            "Calculated theta: 0.2752 based on sheep population: 8.35",
            "Calculated theta: 0.3070 based on sheep population: 9.75",
            "Calculated theta: 0.3415 based on sheep population: 11.41",
            "Calculated theta: 0.3787 based on sheep population: 13.41",
            "Calculated theta: 0.4188 based on sheep population: 15.85",
            "Calculated theta: 0.4595 based on sheep population: 18.70",
            "Calculated theta: 0.5003 based on sheep population: 22.03",
            "Calculated theta: 0.5433 based on sheep population: 26.17",
            "Calculated theta: 0.5854 based on sheep population: 31.06",
            "Calculated theta: 0.6261 based on sheep population: 36.84",
            "Calculated theta: 0.6649 based on sheep population: 43.65",
            "Calculated theta: 0.7014 based on sheep population: 51.69",
            "Calculated theta: 0.7354 based on sheep population: 61.15",
            "Calculated theta: 0.7667 based on sheep population: 72.31",
            "Calculated theta: 0.7952 based on sheep population: 85.44",
            "Calculated theta: 0.8210 based on sheep population: 100.89",
            "Calculated theta: 0.8333 based on sheep population: 110.00",
            "Calculated theta: 0.8333 based on sheep population: 110.00",
            "Calculated theta: 0.8333 based on sheep population: 110.00",
            "Calculated theta: 0.8113 based on sheep population: 94.60",
            "Calculated theta: 0.6904 based on sheep population: 49.05",
            "Calculated theta: 0.2153 based on sheep population: 6.04"
        ]
    }
}