{
    "wolf_id": 1077,
    "beta": 0.1,
    "gamma": 1.5,
    "delta": 0.75,
    "alive": false,
    "born_at_step": 452,
    "died_at_step": 459,
    "thetas": [
        0.05931979992362624,
        0.820983551050481,
        0.8333334595958639,
        0.8333334595958639,
        0.8333334595958639,
        0.8113209073647388,
        0.6903558187228321,
        0.21527654260185847
    ],
    "decision_history": {
        "history_steps": [
            453,
            454,
            455,
            456,
            457,
            458,
            459
        ],
        "new_thetas": [
            0.820983551050481,
            0.8333334595958639,
            0.8333334595958639,
            0.8333334595958639,
            0.8113209073647388,
            0.6903558187228321,
            0.21527654260185847
        ],
        "prompts": [
            "N/A",
            "N/A",
            "N/A",
            "N/A",
            "N/A",
            "N/A",
            "N/A"
        ],
        "explanations": [
            "Calculated theta: 0.8210 based on sheep population: 100.89",
            "Calculated theta: 0.8333 based on sheep population: 110.00",
            "Calculated theta: 0.8333 based on sheep population: 110.00",
            "Calculated theta: 0.8333 based on sheep population: 110.00",
            "Calculated theta: 0.8113 based on sheep population: 94.60",
            "Calculated theta: 0.6904 based on sheep population: 49.05",
            "Calculated theta: 0.2153 based on sheep population: 6.04"
        ],
        "vocalizations": [
            "Calculated theta: 0.8210 based on sheep population: 100.89",
            "Calculated theta: 0.8333 based on sheep population: 110.00",
            "Calculated theta: 0.8333 based on sheep population: 110.00",
            "Calculated theta: 0.8333 based on sheep population: 110.00",
            "Calculated theta: 0.8113 based on sheep population: 94.60",
            "Calculated theta: 0.6904 based on sheep population: 49.05",
            "Calculated theta: 0.2153 based on sheep population: 6.04"
        ]
    }
}