{
    "wolf_id": 40,
    "beta": 0.1,
    "gamma": 1.5,
    "delta": 0.75,
    "alive": false,
    "born_at_step": 32,
    "died_at_step": 42,
    "thetas": [
        0.360929069498069,
        0.360929069498069,
        0.360929069498069,
        0.360929069498069,
        0.360929069498069,
        0.360929069498069,
        0.360929069498069,
        0.360929069498069,
        0.360929069498069,
        0.360929069498069,
        0.360929069498069
    ],
    "decision_history": {
        "history_steps": [],
        "new_thetas": [],
        "prompts": [],
        "explanations": [],
        "vocalizations": []
    }
}