{
    "wolf_id": 48,
    "beta": 0.1,
    "gamma": 1.5,
    "delta": 0.75,
    "alive": false,
    "born_at_step": 32,
    "died_at_step": 43,
    "thetas": [
        0.5315723992106774,
        0.5315723992106774,
        0.5315723992106774,
        0.5315723992106774,
        0.5315723992106774,
        0.5315723992106774,
        0.5315723992106774,
        0.5315723992106774,
        0.5315723992106774,
        0.5315723992106774,
        0.5315723992106774,
        0.5315723992106774
    ],
    "decision_history": {
        "history_steps": [],
        "new_thetas": [],
        "prompts": [],
        "explanations": [],
        "vocalizations": []
    }
}