{
    "wolf_id": 31,
    "beta": 0.1,
    "gamma": 1.5,
    "delta": 0.75,
    "alive": false,
    "born_at_step": 27,
    "died_at_step": 41,
    "thetas": [
        0.011411483608016249,
        0.49609495169589085,
        0.48397601864768924,
        0.46291955289260983,
        0.4344409295590203,
        0.39943641011373937,
        0.36341614244125264,
        0.33035399410710287,
        0.3031831460283982,
        0.2813736740857907,
        0.2655815548643599,
        0.254141016383761,
        0.24652406615365646,
        0.24190020419762182,
        0.23973784457447664
    ],
    "decision_history": {
        "history_steps": [
            28,
            29,
            30,
            31,
            32,
            33,
            34,
            35,
            36,
            37,
            38,
            39,
            40,
            41
        ],
        "new_thetas": [
            0.49609495169589085,
            0.48397601864768924,
            0.46291955289260983,
            0.4344409295590203,
            0.39943641011373937,
            0.36341614244125264,
            0.33035399410710287,
            0.3031831460283982,
            0.2813736740857907,
            0.2655815548643599,
            0.254141016383761,
            0.24652406615365646,
            0.24190020419762182,
            0.23973784457447664
        ],
        "prompts": [
            "N/A",
            "N/A",
            "N/A",
            "N/A",
            "N/A",
            "N/A",
            "N/A",
            "N/A",
            "N/A",
            "N/A",
            "N/A",
            "N/A",
            "N/A",
            "N/A"
        ],
        "explanations": [
            "Calculated theta: 0.4961 based on sheep population: 108.29",
            "Calculated theta: 0.4840 based on sheep population: 103.17",
            "Calculated theta: 0.4629 based on sheep population: 94.81",
            "Calculated theta: 0.4344 based on sheep population: 84.50",
            "Calculated theta: 0.3994 based on sheep population: 73.16",
            "Calculated theta: 0.3634 based on sheep population: 62.80",
            "Calculated theta: 0.3304 based on sheep population: 54.27",
            "Calculated theta: 0.3032 based on sheep population: 47.86",
            "Calculated theta: 0.2814 based on sheep population: 43.07",
            "Calculated theta: 0.2656 based on sheep population: 39.78",
            "Calculated theta: 0.2541 based on sheep population: 37.48",
            "Calculated theta: 0.2465 based on sheep population: 35.99",
            "Calculated theta: 0.2419 based on sheep population: 35.10",
            "Calculated theta: 0.2397 based on sheep population: 34.69"
        ],
        "vocalizations": [
            "Calculated theta: 0.4961 based on sheep population: 108.29",
            "Calculated theta: 0.4840 based on sheep population: 103.17",
            "Calculated theta: 0.4629 based on sheep population: 94.81",
            "Calculated theta: 0.4344 based on sheep population: 84.50",
            "Calculated theta: 0.3994 based on sheep population: 73.16",
            "Calculated theta: 0.3634 based on sheep population: 62.80",
            "Calculated theta: 0.3304 based on sheep population: 54.27",
            "Calculated theta: 0.3032 based on sheep population: 47.86",
            "Calculated theta: 0.2814 based on sheep population: 43.07",
            "Calculated theta: 0.2656 based on sheep population: 39.78",
            "Calculated theta: 0.2541 based on sheep population: 37.48",
            "Calculated theta: 0.2465 based on sheep population: 35.99",
            "Calculated theta: 0.2419 based on sheep population: 35.10",
            "Calculated theta: 0.2397 based on sheep population: 34.69"
        ]
    }
}