{
    "wolf_id": 77,
    "beta": 0.1,
    "gamma": 1.5,
    "delta": 0.75,
    "alive": false,
    "born_at_step": 67,
    "died_at_step": 124,
    "thetas": [
        0.5970946743557051,
        0.42037735389464653,
        0.41655023599858765,
        0.40959090455525593,
        0.39983909767721926,
        0.38880747042529185,
        0.3767665018703682,
        0.36398372637935356,
        0.3507140774251908,
        0.3381058406467372,
        0.3270094152383082,
        0.3172110517568915,
        0.3085310945452774,
        0.30155785065663626,
        0.2967365469132053,
        0.2930639042414785,
        0.2910681643983525,
        0.29056101481408153,
        0.2907503391194631,
        0.29224237845654916,
        0.294302524080588,
        0.2975748735301548,
        0.30135176885734566,
        0.3056294810134459,
        0.31040859818587196,
        0.3156936994943285,
        0.3214931101576599,
        0.3278187208764967,
        0.3339065023969108,
        0.33975760526273624,
        0.34619741686074695,
        0.3523953310122148,
        0.3583532657286659,
        0.36407414738499516,
        0.36956176803466856,
        0.3748206520340524,
        0.37890382559387265,
        0.38279553991360543,
        0.38551803741861024,
        0.387102227363596,
        0.38759132361891596,
        0.3870391664414873,
        0.3844917737007227,
        0.381114210614464,
        0.37698676917364377,
        0.37120145329875126,
        0.36493565031444086,
        0.35827124281560996,
        0.35221119391830585,
        0.3457934251787703,
        0.33996819899741765,
        0.3346734527157148,
        0.3298544792488597,
        0.3254629843381929,
        0.3214562620009934,
        0.3185752123932392,
        0.31592990673716925,
        0.3142547708602782
    ],
    "decision_history": {
        "history_steps": [
            68,
            69,
            70,
            71,
            72,
            73,
            74,
            75,
            76,
            77,
            78,
            79,
            80,
            81,
            82,
            83,
            84,
            85,
            86,
            87,
            88,
            89,
            90,
            91,
            92,
            93,
            94,
            95,
            96,
            97,
            98,
            99,
            100,
            101,
            102,
            103,
            104,
            105,
            106,
            107,
            108,
            109,
            110,
            111,
            112,
            113,
            114,
            115,
            116,
            117,
            118,
            119,
            120,
            121,
            122,
            123,
            124
        ],
        "new_thetas": [
            0.42037735389464653,
            0.41655023599858765,
            0.40959090455525593,
            0.39983909767721926,
            0.38880747042529185,
            0.3767665018703682,
            0.36398372637935356,
            0.3507140774251908,
            0.3381058406467372,
            0.3270094152383082,
            0.3172110517568915,
            0.3085310945452774,
            0.30155785065663626,
            0.2967365469132053,
            0.2930639042414785,
            0.2910681643983525,
            0.29056101481408153,
            0.2907503391194631,
            0.29224237845654916,
            0.294302524080588,
            0.2975748735301548,
            0.30135176885734566,
            0.3056294810134459,
            0.31040859818587196,
            0.3156936994943285,
            0.3214931101576599,
            0.3278187208764967,
            0.3339065023969108,
            0.33975760526273624,
            0.34619741686074695,
            0.3523953310122148,
            0.3583532657286659,
            0.36407414738499516,
            0.36956176803466856,
            0.3748206520340524,
            0.37890382559387265,
            0.38279553991360543,
            0.38551803741861024,
            0.387102227363596,
            0.38759132361891596,
            0.3870391664414873,
            0.3844917737007227,
            0.381114210614464,
            0.37698676917364377,
            0.37120145329875126,
            0.36493565031444086,
            0.35827124281560996,
            0.35221119391830585,
            0.3457934251787703,
            0.33996819899741765,
            0.3346734527157148,
            0.3298544792488597,
            0.3254629843381929,
            0.3214562620009934,
            0.3185752123932392,
            0.31592990673716925,
            0.3142547708602782
        ],
        "prompts": [
            "N/A",
            "N/A",
            "N/A",
            "N/A",
            "N/A",
            "N/A",
            "N/A",
            "N/A",
            "N/A",
            "N/A",
            "N/A",
            "N/A",
            "N/A",
            "N/A",
            "N/A",
            "N/A",
            "N/A",
            "N/A",
            "N/A",
            "N/A",
            "N/A",
            "N/A",
            "N/A",
            "N/A",
            "N/A",
            "N/A",
            "N/A",
            "N/A",
            "N/A",
            "N/A",
            "N/A",
            "N/A",
            "N/A",
            "N/A",
            "N/A",
            "N/A",
            "N/A",
            "N/A",
            "N/A",
            "N/A",
            "N/A",
            "N/A",
            "N/A",
            "N/A",
            "N/A",
            "N/A",
            "N/A",
            "N/A",
            "N/A",
            "N/A",
            "N/A",
            "N/A",
            "N/A",
            "N/A",
            "N/A",
            "N/A",
            "N/A"
        ],