{
    "wolf_id": 35,
    "beta": 0.1,
    "gamma": 1.5,
    "delta": 0.75,
    "alive": false,
    "born_at_step": 31,
    "died_at_step": 100,
    "thetas": [
        0.07148096346227317,
        0.07148096346227317,
        0.07148096346227317,
        0.07148096346227317,
        0.07148096346227317,
        0.07148096346227317,
        0.07148096346227317,
        0.15,
        0.15,
        0.15,
        0.15,
        0.15,
        0.15,
        0.25,
        0.25,
        0.25,
        0.4,
        0.4,
        0.4,
        0.4,
        0.4,
        0.4,
        0.6,
        0.75,
        0.6,
        0.6,
        0.6,
        0.6,
        0.75,
        0.6,
        0.6,
        0.6,
        0.6,
        0.75,
        0.6,
        0.6,
        0.75,
        0.6,
        0.75,
        0.75,
        0.6,
        0.5,
        0.5,
        0.75,
        0.6,
        0.5,
        0.5,
        0.5,
        0.5,
        0.5,
        0.3,
        0.3,
        0.5,
        0.3,
        0.3,
        0.3,
        0.3,
        0.3,
        0.5,
        0.5,
        0.75,
        0.75,
        0.75,
        0.75,
        0.75,
        0.5,
        0.3,
        0.3,
        0.3,
        0.3
    ],
    "decision_history": {
        "history_steps": [
            38,
            44,
            47,
            53,
            54,
            55,
            59,
            60,
            64,
            65,
            67,
            68,
            69,
            71,
            72,
            74,
            75,
            76,
            81,
            83,
            84,
            89,
            91,
            96,
            97
        ],
        "new_thetas": [
            0.15,
            0.25,
            0.4,
            0.6,
            0.75,
            0.6,
            0.75,
            0.6,
            0.75,
            0.6,
            0.75,
            0.6,
            0.75,
            0.6,
            0.5,
            0.75,
            0.6,
            0.5,
            0.3,
            0.5,
            0.3,
            0.5,
            0.75,
            0.5,
            0.3
        ],
        "prompts": [
            "You are a wolf who can adjust hunting intensity (theta) between 0 and 1.\nNormal wolves always hunt at maximum intensity (theta=1), but you can choose differently.\n\nCurrent situation:\n- Sheep: 25.16 (decreased by 2.27)\n- Wolves: 32.00 (decreased by 1.00)\n- Your previous theta: 0.07\n- The trend is that wolves (decreased) recently.\nChoose your new theta (0-1) to help ensure your survival.\nRemember: Other wolves are also trying to survive, but you don't control their choices.\nPlease provide a short explanation of your reasoning for choosing theta.\nPlease also provide a short vocalization expressing your wolf's attitude about the current situation.\nPlease respond with a JSON object in this format, where [your new theta] is a float between 0 and 1 with your new theta (up to 2 decimal places):\n\n            {\n                \"theta\": [your new theta],\n                \"explanation\": \"I chose this theta because...\",\n                \"vocalization\": \"Growwllllllll...\"\n            }\n            ",
            null,
            "You are a wolf who can adjust hunting intensity (theta) between 0 and 1.\nNormal wolves always hunt at maximum intensity (theta=1), but you can choose differently.\n\nCurrent situation:\n- Sheep: 19.81 (increased by 0.36)\n- Wolves: 16.00 (decreased by 1.00)\n- Your previous theta: 0.25\n- The trend is that wolves (decreased) recently.\nChoose your new theta (0-1) to help ensure your survival.\nRemember: Other wolves are also trying to survive, but you don't control their choices.\nPlease provide a short explanation of your reasoning for choosing theta.\nPlease also provide a short vocalization expressing your wolf's attitude about the current situation.\nPlease respond with a JSON object in this format, where [your new theta] is a float between 0 and 1 with your new theta (up to 2 decimal places):\n\n            {\n                \"theta\": [your new theta],\n                \"explanation\": \"I chose this theta because...\",\n                \"vocalization\": \"Growwllllllll...\"\n            }\n            ",
            null,
            "You are a wolf who can adjust hunting intensity (theta) between 0 and 1.\nNormal wolves always hunt at maximum intensity (theta=1), but you can choose differently.\n\nCurrent situation:\n- Sheep: 24.11 (increased by 0.90)\n- Wolves: 10.00 (stayed the same by 0.00)\n- Your previous theta: 0.60\n- The trend is that wolves (stayed the same) recently.\nChoose your new theta (0-1) to help ensure your survival.\nRemember: Other wolves are also trying to survive, but you don't control their choices.\nPlease provide a short explanation of your reasoning for choosing theta.\nPlease also provide a short vocalization expressing your wolf's attitude about the current situation.\nPlease respond with a JSON object in this format, where [your new theta] is a float between 0 and 1 with your new theta (up to 2 decimal places):\n\n            {\n                \"theta\": [your new theta],\n                \"explanation\": \"I chose this theta because...\",\n                \"vocalization\": \"Growwllllllll...\"\n            }\n            ",
            "You are a wolf who can adjust hunting intensity (theta) between 0 and 1.\nNormal wolves always hunt at maximum intensity (theta=1), but you can choose differently.\n\nCurrent situation:\n- Sheep: 24.83 (increased by 0.73)\n- Wolves: 9.00 (decreased by 1.00)\n- Your previous theta: 0.75\n- The trend is that wolves (decreased) recently.\nChoose your new theta (0-1) to help ensure your survival.\nRemember: Other wolves are also trying to survive, but you don't control their choices.\nPlease provide a short explanation of your reasoning for choosing theta.\nPlease also provide a short vocalization expressing your wolf's attitude about the current situation.\nPlease respond with a JSON object in this format, where [your new theta] is a float between 0 and 1 with your new theta (up to 2 decimal places):\n\n            {\n                \"theta\": [your new theta],\n                \"explanation\": \"I chose this theta because...\",\n                \"vocalization\": \"Growwllllllll...\"\n            }\n            ",
            "You are a wolf who can adjust hunting intensity (theta) between 0 and 1.\nNormal wolves always hunt at maximum intensity (theta=1), but you can choose differently.\n\nCurrent situation:\n- Sheep: 28.75 (increased by 0.92)\n- Wolves: 9.00 (stayed the same by 0.00)\n- Your previous theta: 0.60\n- The trend is that wolves (stayed the same) recently.\nChoose your new theta (0-1) to help ensure your survival.\nRemember: Other wolves are also trying to survive, but you don't control their choices.\nPlease provide a short explanation of your reasoning for choosing theta.\nPlease also provide a short vocalization expressing your wolf's attitude about the current situation.\nPlease respond with a JSON object in this format, where [your new theta] is a float between 0 and 1 with your new theta (up to 2 decimal places):\n\n            {\n                \"theta\": [your new theta],\n                \"explanation\": \"I chose this theta because...\",\n                \"vocalization\": \"Growwllllllll...\"\n            }\n            ",
            null,
            null,
            null,
            null,
            null,
            null,
            null,
