{
    "wolf_id": 67,
    "beta": 0.1,
    "gamma": 1.5,
    "delta": 0.75,
    "alive": false,
    "born_at_step": 146,
    "died_at_step": 225,
    "thetas": [
        0.5630256858796927,
        0.5630256858796927,
        0.5630256858796927,
        0.5630256858796927,
        0.5630256858796927,
        0.5630256858796927,
        0.45,
        0.6,
        0.6,
        0.6,
        0.75,
        0.75,
        0.75,
        0.75,
        0.6,
        0.45,
        0.45,
        0.45,
        0.6,
        0.45,
        0.3,
        0.3,
        0.3,
        0.3,
        0.3,
        0.5,
        0.5,
        0.5,
        0.5,
        0.3,
        0.3,
        0.4,
        0.4,
        0.6,
        0.6,
        0.6,
        0.75,
        0.75,
        0.75,
        0.6,
        0.6,
        0.6,
        0.6,
        0.75,
        0.75,
        0.75,
        0.75,
        0.75,
        0.75,
        0.75,
        0.75,
        0.75,
        0.75,
        0.75,
        0.75,
        0.75,
        0.75,
        0.75,
        0.75,
        0.75,
        0.75,
        0.75,
        0.75,
        0.75,
        0.75,
        0.75,
        0.6,
        0.6,
        0.6,
        0.6,
        0.6,
        0.4,
        0.4,
        0.3,
        0.4,
        0.6,
        0.6,
        0.6,
        0.6,
        0.4
    ],
    "decision_history": {
        "history_steps": [
            152,
            153,
            156,
            160,
            161,
            164,
            165,
            166,
            171,
            175,
            177,
            179,
            182,
            185,
            189,
            212,
            217,
            219,
            220,
            221,
            225
        ],
        "new_thetas": [
            0.45,
            0.6,
            0.75,
            0.6,
            0.45,
            0.6,
            0.45,
            0.3,
            0.5,
            0.3,
            0.4,
            0.6,
            0.75,
            0.6,
            0.75,
            0.6,
            0.4,
            0.3,
            0.4,
            0.6,
            0.4
        ],
        "prompts": [
            "You are a wolf who can adjust hunting intensity (theta) between 0 and 1.\nNormal wolves always hunt at maximum intensity (theta=1), but you can choose differently.\n\nCurrent situation:\n- Sheep: 38.89 (decreased by 1.85)\n- Wolves: 26.00 (increased by 1.00)\n- Your previous theta: 0.56\n- The trend is that wolves (increased) recently.\nChoose your new theta (0-1) to help ensure your survival.\nRemember: Other wolves are also trying to survive, but you don't control their choices.\nPlease provide a short explanation of your reasoning for choosing theta.\nPlease also provide a short vocalization expressing your wolf's attitude about the current situation.\nPlease respond with a JSON object in this format, where [your new theta] is a float between 0 and 1 with your new theta (up to 2 decimal places):\n\n            {\n                \"theta\": [your new theta],\n                \"explanation\": \"I chose this theta because...\",\n                \"vocalization\": \"Growwllllllll...\"\n            }\n            ",
            null,
            null,
            null,
            null,
            null,
            null,
            "You are a wolf who can adjust hunting intensity (theta) between 0 and 1.\nNormal wolves always hunt at maximum intensity (theta=1), but you can choose differently.\n\nCurrent situation:\n- Sheep: 25.87 (increased by 0.50)\n- Wolves: 15.00 (decreased by 1.00)\n- Your previous theta: 0.45\n- The trend is that wolves (decreased) recently.\nChoose your new theta (0-1) to help ensure your survival.\nRemember: Other wolves are also trying to survive, but you don't control their choices.\nPlease provide a short explanation of your reasoning for choosing theta.\nPlease also provide a short vocalization expressing your wolf's attitude about the current situation.\nPlease respond with a JSON object in this format, where [your new theta] is a float between 0 and 1 with your new theta (up to 2 decimal places):\n\n            {\n                \"theta\": [your new theta],\n                \"explanation\": \"I chose this theta because...\",\n                \"vocalization\": \"Growwllllllll...\"\n            }\n            ",
            "You are a wolf who can adjust hunting intensity (theta) between 0 and 1.\nNormal wolves always hunt at maximum intensity (theta=1), but you can choose differently.\n\nCurrent situation:\n- Sheep: 29.02 (increased by 0.82)\n- Wolves: 12.00 (stayed the same by 0.00)\n- Your previous theta: 0.30\n- The trend is that wolves (stayed the same) recently.\nChoose your new theta (0-1) to help ensure your survival.\nRemember: Other wolves are also trying to survive, but you don't control their choices.\nPlease provide a short explanation of your reasoning for choosing theta.\nPlease also provide a short vocalization expressing your wolf's attitude about the current situation.\nPlease respond with a JSON object in this format, where [your new theta] is a float between 0 and 1 with your new theta (up to 2 decimal places):\n\n            {\n                \"theta\": [your new theta],\n                \"explanation\": \"I chose this theta because...\",\n                \"vocalization\": \"Growwllllllll...\"\n            }\n            ",
            "You are a wolf who can adjust hunting intensity (theta) between 0 and 1.\nNormal wolves always hunt at maximum intensity (theta=1), but you can choose differently.\n\nCurrent situation:\n- Sheep: 32.26 (increased by 1.14)\n- Wolves: 11.00 (stayed the same by 0.00)\n- Your previous theta: 0.50\n- The trend is that wolves (stayed the same) recently.\nChoose your new theta (0-1) to help ensure your survival.\nRemember: Other wolves are also trying to survive, but you don't control their choices.\nPlease provide a short explanation of your reasoning for choosing theta.\nPlease also provide a short vocalization expressing your wolf's attitude about the current situation.\nPlease respond with a JSON object in this format, where [your new theta] is a float between 0 and 1 with your new theta (up to 2 decimal places):\n\n            {\n                \"theta\": [your new theta],\n                \"explanation\": \"I chose this theta because...\",\n                \"vocalization\": \"Growwllllllll...\"\n            }\n            ",
            "You are a wolf who can adjust hunting intensity (theta) between 0 and 1.\nNormal wolves always hunt at maximum intensity (theta=1), but you can choose differently.\n\nCurrent situation:\n- Sheep: 34.57 (increased by 1.21)\n- Wolves: 11.00 (stayed the same by 0.00)\n- Your previous theta: 0.30\n- The trend is that wolves (stayed the same) recently.\nChoose your new theta (0-1) to help ensure your survival.\nRemember: Other wolves are also trying to survive, but you don't control their choices.\nPlease provide a short explanation of your reasoning for choosing theta.\nPlease also provide a short vocalization expressing your wolf's attitude about the current situation.\nPlease respond with a JSON object in this format, where [your new theta] is a float between 0 and 1 with your new theta (up to 2 decimal places):\n\n            {\n                \"theta\": [your new theta],\n                \"explanation\": \"I chose this theta because...\",\n                \"vocalization\": \"Growwllllllll...\"\n            }\n            ",
