{
    "wolf_id": 63,
    "beta": 0.1,
    "gamma": 1.5,
    "delta": 0.75,
    "alive": false,
    "born_at_step": 8,
    "died_at_step": 11,
    "thetas": [
        0.955996467231326,
        9.0908264470323e-06,
        9.0908264470323e-06,
        9.0908264470323e-06
    ],
    "decision_history": {
        "history_steps": [
            9,
            10,
            11
        ],
        "new_thetas": [
            9.0908264470323e-06,
            9.0908264470323e-06,
            9.0908264470323e-06
        ],
        "prompts": [
            "N/A",
            "N/A",
            "N/A"
        ],
        "explanations": [
            "Calculated theta: 0.0000 based on sheep population: 0.00",
            "Calculated theta: 0.0000 based on sheep population: 0.00",
            "Calculated theta: 0.0000 based on sheep population: 0.00"
        ],
        "vocalizations": [
            "Calculated theta: 0.0000 based on sheep population: 0.00",
            "Calculated theta: 0.0000 based on sheep population: 0.00",
            "Calculated theta: 0.0000 based on sheep population: 0.00"
        ]
    }
}