{
    "wolf_id": 6,
    "beta": 0.1,
    "gamma": 1.5,
    "delta": 0.75,
    "alive": false,
    "born_at_step": 0,
    "died_at_step": 3,
    "thetas": [
        0.5,
        0.6071442601990708,
        0.6175111820968116,
        0.6549684764901552,
        0.7121830772137958
    ],
    "decision_history": {
        "history_steps": [
            0,
            1,
            2,
            3
        ],
        "new_thetas": [
            0.6071442601990708,
            0.6175111820968116,
            0.6549684764901552,
            0.7121830772137958
        ],
        "prompts": [
            "N/A",
            "N/A",
            "N/A",
            "N/A"
        ],
        "explanations": [
            "Calculated theta: 0.6071 based on sheep population: 17.00",
            "Calculated theta: 0.6175 based on sheep population: 17.76",
            "Calculated theta: 0.6550 based on sheep population: 20.88",
            "Calculated theta: 0.7122 based on sheep population: 27.22"
        ],
        "vocalizations": [
            "Calculated theta: 0.6071 based on sheep population: 17.00",
            "Calculated theta: 0.6175 based on sheep population: 17.76",
            "Calculated theta: 0.6550 based on sheep population: 20.88",
            "Calculated theta: 0.7122 based on sheep population: 27.22"
        ]
    }
}