{
    "wolf_id": 17,
    "beta": 0.1,
    "gamma": 1.5,
    "delta": 0.75,
    "alive": false,
    "born_at_step": 153,
    "died_at_step": 211,
    "thetas": [
        0.845803722168525,
        0.9324279898996384,
        0.9331040168926172,
        0.9337720238841873,
        0.9344321284733376,
        0.9350844461432433,
        0.9354356511567679,
        0.9357840951502958,
        0.9361298083314343,
        0.936180780071789,
        0.936231554278175,
        0.936282131947176,
        0.9360383786258626,
        0.9357946060002121,
        0.9352520132824209,
        0.9347072601683818,
        0.9341603762821932,
        0.9333032776929602,
        0.9324395648971898,
        0.931251447938872,
        0.930049792880795,
        0.9285043716136466,
        0.926935928179093,
        0.9253445783134384,
        0.9233785693732067,
        0.9213774908077177,
        0.9193415346750994,
        0.916892702417988,
        0.9143941214179736,
        0.9118461600003163,
        0.9092492663698374,
        0.9066039696894611,
        0.9039108808686662,
        0.9011706930472781,
        0.8983841817618781,
        0.8955522047841534,
        0.8926757016227479,
        0.8897556926825745,
        0.8867932780781035,
        0.8837896360997957,
        0.8807460213355899,
        0.8781727237828882,
        0.8755758717646198,
        0.8729564556684513,
        0.8708429634212808,
        0.868718943475029,
        0.8671200782439438,
        0.8655186256857704,
        0.8639149327616087,
        0.8628530701987602,
        0.8617929574269387,
        0.8612797462348427,
        0.8607688287774771,
        0.8602602207920536,
        0.860298674610822,
        0.8603368528186852,
        0.8603747575107924,
        0.8609526188549247,
        0.8615248716818651
    ],
    "decision_history": {
        "history_steps": [
            154,
            155,
            156,
            157,
            158,
            159,
            160,
            161,
            162,
            163,
            164,
            165,
            166,
            167,
            168,
            169,
            170,
            171,
            172,
            173,
            174,
            175,
            176,
            177,
            178,
            179,
            180,
            181,
            182,
            183,
            184,
            185,
            186,
            187,
            188,
            189,
            190,
            191,
            192,
            193,
            194,
            195,
            196,
            197,
            198,
            199,
            200,
            201,
            202,
            203,
            204,
            205,
            206,
            207,
            208,
            209,
            210,
            211
        ],
        "new_thetas": [
            0.9324279898996384,
            0.9331040168926172,
            0.9337720238841873,
            0.9344321284733376,
            0.9350844461432433,
            0.9354356511567679,
            0.9357840951502958,
            0.9361298083314343,
            0.936180780071789,
            0.936231554278175,
            0.936282131947176,
            0.9360383786258626,
            0.9357946060002121,
            0.9352520132824209,
            0.9347072601683818,
            0.9341603762821932,
            0.9333032776929602,
            0.9324395648971898,
            0.931251447938872,
            0.930049792880795,
            0.9285043716136466,
            0.926935928179093,
            0.9253445783134384,
            0.9233785693732067,
            0.9213774908077177,
            0.9193415346750994,
            0.916892702417988,
            0.9143941214179736,
            0.9118461600003163,
            0.9092492663698374,
            0.9066039696894611,
            0.9039108808686662,
            0.9011706930472781,
            0.8983841817618781,
            0.8955522047841534,
            0.8926757016227479,
            0.8897556926825745,
            0.8867932780781035,
            0.8837896360997957,
            0.8807460213355899,
            0.8781727237828882,
            0.8755758717646198,
            0.8729564556684513,
            0.8708429634212808,
            0.868718943475029,
            0.8671200782439438,
            0.8655186256857704,
            0.8639149327616087,
            0.8628530701987602,
            0.8617929574269387,
            0.8612797462348427,
            0.8607688287774771,
            0.8602602207920536,
            0.860298674610822,
            0.8603368528186852,
            0.8603747575107924,
            0.8609526188549247,
            0.8615248716818651
        ],
        "prompts": [
            "N/A",
            "N/A",
            "N/A",
            "N/A",
            "N/A",
            "N/A",
            "N/A",
            "N/A",
            "N/A",
            "N/A",
            "N/A",
            "N/A",
            "N/A",
            "N/A",
            "N/A",
            "N/A",
            "N/A",
            "N/A",
            "N/A",
            "N/A",
            "N/A",
            "N/A",
            "N/A",
            "N/A",
            "N/A",
            "N/A",
            "N/A",
            "N/A",
            "N/A",
            "N/A",
            "N/A",
            "N/A",
            "N/A",
            "N/A",
            "N/A",
            "N/A",
            "N/A",
            "N/A",
            "N/A",
            "N/A",
            "N/A",
            "N/A",
            "N/A",
            "N/A",
            "N/A",
            "N/A",
            "N/A",
            "N/A",
            "N/A",
            "N/A",
            "N/A",
            "N/A",
            "N/A",
            "N/A",
            "N/A",
            "N/A",
            "N/A",
            "N/A"
        ],