{
    "wolf_id": 43,
    "beta": 0.1,
    "gamma": 1.5,
    "delta": 0.75,
    "alive": false,
    "born_at_step": 369,
    "died_at_step": 409,
    "thetas": [
        0.7569264069216869,
        0.9478978180360683,
        0.948153951418001,
        0.9481648581268909,
        0.9481757345362725,
        0.9479409167453965,
        0.9474567715635639,
        0.9469699225034824,
        0.9462248792325226,
        0.9452114940345907,
        0.943916149743916,
        0.9423215574203891,
        0.9404065118674235,
        0.9381456098501326,
        0.9355089388479214,
        0.9327851701646354,
        0.9296386195564965,
        0.9260289013966386,
        0.9222795903338558,
        0.9180051946070092,
        0.9135590840522527,
        0.9089408368601356,
        0.9041506946472382,
        0.8991895982979935,
        0.8940592181852837,
        0.8887619778751971,
        0.8833010704979176,
        0.8776804670738502,
        0.8719049162204837,
        0.8665372387826776,
        0.8610547177741278,
        0.8560457418782551,
        0.850956972542749,
        0.8463974877919143,
        0.8423977557367723,
        0.8383665676460579,
        0.834931220498775,
        0.8321088801268769,
        0.8292824045044274,
        0.8270876507269217,
        0.8255305157571755
    ],
    "decision_history": {
        "history_steps": [
            370,
            371,
            372,
            373,
            374,
            375,
            376,
            377,
            378,
            379,
            380,
            381,
            382,
            383,
            384,
            385,
            386,
            387,
            388,
            389,
            390,
            391,
            392,
            393,
            394,
            395,
            396,
            397,
            398,
            399,
            400,
            401,
            402,
            403,
            404,
            405,
            406,
            407,
            408,
            409
        ],
        "new_thetas": [
            0.9478978180360683,
            0.948153951418001,
            0.9481648581268909,
            0.9481757345362725,
            0.9479409167453965,
            0.9474567715635639,
            0.9469699225034824,
            0.9462248792325226,
            0.9452114940345907,
            0.943916149743916,
            0.9423215574203891,
            0.9404065118674235,
            0.9381456098501326,
            0.9355089388479214,
            0.9327851701646354,
            0.9296386195564965,
            0.9260289013966386,
            0.9222795903338558,
            0.9180051946070092,
            0.9135590840522527,
            0.9089408368601356,
            0.9041506946472382,
            0.8991895982979935,
            0.8940592181852837,
            0.8887619778751971,
            0.8833010704979176,
            0.8776804670738502,
            0.8719049162204837,
            0.8665372387826776,
            0.8610547177741278,
            0.8560457418782551,
            0.850956972542749,
            0.8463974877919143,
            0.8423977557367723,
            0.8383665676460579,
            0.834931220498775,
            0.8321088801268769,
            0.8292824045044274,
            0.8270876507269217,
            0.8255305157571755
        ],
        "prompts": [
            "N/A",
            "N/A",
            "N/A",
            "N/A",
            "N/A",
            "N/A",
            "N/A",
            "N/A",
            "N/A",
            "N/A",
            "N/A",
            "N/A",
            "N/A",
            "N/A",
            "N/A",
            "N/A",
            "N/A",
            "N/A",
            "N/A",
            "N/A",
            "N/A",
            "N/A",
            "N/A",
            "N/A",
            "N/A",
            "N/A",
            "N/A",
            "N/A",
            "N/A",
            "N/A",
            "N/A",
            "N/A",
            "N/A",
            "N/A",
            "N/A",
            "N/A",
            "N/A",
            "N/A",
            "N/A",
            "N/A"
        ],
        "explanations": [
            "Calculated theta: 0.9479 based on sheep population: 40.02",
            "Calculated theta: 0.9482 based on sheep population: 40.23",
            "Calculated theta: 0.9482 based on sheep population: 40.24",
            "Calculated theta: 0.9482 based on sheep population: 40.25",
            "Calculated theta: 0.9479 based on sheep population: 40.06",
            "Calculated theta: 0.9475 based on sheep population: 39.67",
            "Calculated theta: 0.9470 based on sheep population: 39.29",
            "Calculated theta: 0.9462 based on sheep population: 38.71",
            "Calculated theta: 0.9452 based on sheep population: 37.95",
            "Calculated theta: 0.9439 based on sheep population: 37.03",
            "Calculated theta: 0.9423 based on sheep population: 35.94",
            "Calculated theta: 0.9404 based on sheep population: 34.72",
            "Calculated theta: 0.9381 based on sheep population: 33.37",
            "Calculated theta: 0.9355 based on sheep population: 31.91",
            "Calculated theta: 0.9328 based on sheep population: 30.53",
            "Calculated theta: 0.9296 based on sheep population: 29.07",
            "Calculated theta: 0.9260 based on sheep population: 27.54",
            "Calculated theta: 0.9223 based on sheep population: 26.11",
            "Calculated theta: 0.9180 based on sheep population: 24.63",
            "Calculated theta: 0.9136 based on sheep population: 23.25",
            "Calculated theta: 0.9089 based on sheep population: 21.96",
            "Calculated theta: 0.9042 based on sheep population: 20.75",
            "Calculated theta: 0.8992 based on sheep population: 19.62",
            "Calculated theta: 0.8941 based on sheep population: 18.57",
            "Calculated theta: 0.8888 based on sheep population: 17.58",
            "Calculated theta: 0.8833 based on sheep population: 16.65",
            "Calculated theta: 0.8777 based on sheep population: 15.79",
            "Calculated theta: 0.8719 based on sheep population: 14.97",
            "Calculated theta: 0.8665 based on sheep population: 14.28",
            "Calculated theta: 0.8611 based on sheep population: 13.63",
            "Calculated theta: 0.8560 based on sheep population: 13.08",
            "Calculated theta: 0.8510 based on sheep population: 12.56",
            "Calculated theta: 0.8464 based on sheep population: 12.12",
            "Calculated theta: 0.8424 based on sheep population: 11.76",
            "Calculated theta: 0.8384 based on sheep population: 11.41",
            "Calculated theta: 0.8349 based on sheep population: 11.13",
            "Calculated theta: 0.8321 based on sheep population: 10.90",
            "Calculated theta: 0.8293 based on sheep population: 10.69",
            "Calculated theta: 0.8271 based on sheep population: 10.52",
            "Calculated theta: 0.8255 based on sheep population: 10.41"
        ],