{
    "wolf_id": 28,
    "beta": 0.1,
    "gamma": 1.5,
    "delta": 0.75,
    "alive": false,
    "born_at_step": 260,
    "died_at_step": 309,
    "thetas": [
        0.3102982241311636,
        0.9398028716447878,
        0.940392655229932,
        0.9409756618597913,
        0.9415519871310472,
        0.9418537376182952,
        0.9421532531761541,
        0.9421825025706608,
        0.9422116545166118,
        0.9419703843487909,
        0.9417289371499427,
        0.9412124715423538,
        0.9406935490323015,
        0.9398904855363038,
        0.9387927399524596,
        0.937681082763333,
        0.9362559907058713,
        0.9348075824042662,
        0.9330216575126967,
        0.9308757957166931,
        0.9286795622737061,
        0.9260876773090867,
        0.9234273665602389,
        0.92069857580319,
        0.9175213681187517,
        0.9142546538701446,
        0.9108987165273321,
        0.9074540535121413,
        0.9039213825838697,
        0.9003016470886296,
        0.8965960199675028,
        0.8928059064286595,
        0.8889329452008701,
        0.8849790083001452,
        0.880946199257435,
        0.8768368497731207,
        0.8726535147831603,
        0.8689404443421559,
        0.8651781433857493,
        0.8619268640204595,
        0.8586461960133219,
        0.8559086763690288,
        0.8531566686980653,
        0.8509715675354216,
        0.8487821869974215,
        0.8471756208971944,
        0.8455707045783386,
        0.8445573012477362,
        0.8435476770793064,
        0.8431317137031971
    ],
    "decision_history": {
        "history_steps": [
            261,
            262,
            263,
            264,
            265,
            266,
            267,
            268,
            269,
            270,
            271,
            272,
            273,
            274,
            275,
            276,
            277,
            278,
            279,
            280,
            281,
            282,
            283,
            284,
            285,
            286,
            287,
            288,
            289,
            290,
            291,
            292,
            293,
            294,
            295,
            296,
            297,
            298,
            299,
            300,
            301,
            302,
            303,
            304,
            305,
            306,
            307,
            308,
            309
        ],
        "new_thetas": [
            0.9398028716447878,
            0.940392655229932,
            0.9409756618597913,
            0.9415519871310472,
            0.9418537376182952,
            0.9421532531761541,
            0.9421825025706608,
            0.9422116545166118,
            0.9419703843487909,
            0.9417289371499427,
            0.9412124715423538,
            0.9406935490323015,
            0.9398904855363038,
            0.9387927399524596,
            0.937681082763333,
            0.9362559907058713,
            0.9348075824042662,
            0.9330216575126967,
            0.9308757957166931,
            0.9286795622737061,
            0.9260876773090867,
            0.9234273665602389,
            0.92069857580319,
            0.9175213681187517,
            0.9142546538701446,
            0.9108987165273321,
            0.9074540535121413,
            0.9039213825838697,
            0.9003016470886296,
            0.8965960199675028,
            0.8928059064286595,
            0.8889329452008701,
            0.8849790083001452,
            0.880946199257435,
            0.8768368497731207,
            0.8726535147831603,
            0.8689404443421559,
            0.8651781433857493,
            0.8619268640204595,
            0.8586461960133219,
            0.8559086763690288,
            0.8531566686980653,
            0.8509715675354216,
            0.8487821869974215,
            0.8471756208971944,
            0.8455707045783386,
            0.8445573012477362,
            0.8435476770793064,
            0.8431317137031971
        ],
        "prompts": [
            "N/A",
            "N/A",
            "N/A",
            "N/A",
            "N/A",
            "N/A",
            "N/A",
            "N/A",
            "N/A",
            "N/A",
            "N/A",
            "N/A",
            "N/A",
            "N/A",
            "N/A",
            "N/A",
            "N/A",
            "N/A",
            "N/A",
            "N/A",
            "N/A",
            "N/A",
            "N/A",
            "N/A",
            "N/A",
            "N/A",
            "N/A",
            "N/A",
            "N/A",
            "N/A",
            "N/A",
            "N/A",
            "N/A",
            "N/A",
            "N/A",
            "N/A",
            "N/A",
            "N/A",
            "N/A",
            "N/A",
            "N/A",
            "N/A",
            "N/A",
            "N/A",
            "N/A",
            "N/A",
            "N/A",
            "N/A",
            "N/A"
        ],