{
    "wolf_id": 7,
    "beta": 0.1,
    "gamma": 1.5,
    "delta": 0.75,
    "alive": false,
    "born_at_step": 0,
    "died_at_step": 17,
    "thetas": [
        0.5,
        0.23611217206642765,
        0.2611177827659842,
        0.2889430865249747,
        0.32006124847834827,
        0.3534979133257072,
        0.3893452713469198,
        0.42570733430405583,
        0.46432568409215813,
        0.5027815043026478,
        0.5406143591669295,
        0.5774131142689275,
        0.6128303401067555,
        0.6436582194825351,
        0.6666668686867463,
        0.6666668686867463,
        0.6458925573739046,
        0.55668652556099,
        0.36874201172337934
    ],
    "decision_history": {
        "history_steps": [
            0,
            1,
            2,
            3,
            4,
            5,
            6,
            7,
            8,
            9,
            10,
            11,
            12,
            13,
            14,
            15,
            16,
            17
        ],
        "new_thetas": [
            0.23611217206642765,
            0.2611177827659842,
            0.2889430865249747,
            0.32006124847834827,
            0.3534979133257072,
            0.3893452713469198,
            0.42570733430405583,
            0.46432568409215813,
            0.5027815043026478,
            0.5406143591669295,
            0.5774131142689275,
            0.6128303401067555,
            0.6436582194825351,
            0.6666668686867463,
            0.6666668686867463,
            0.6458925573739046,
            0.55668652556099,
            0.36874201172337934
        ],
        "prompts": [
            "N/A",
            "N/A",
            "N/A",
            "N/A",
            "N/A",
            "N/A",
            "N/A",
            "N/A",
            "N/A",
            "N/A",
            "N/A",
            "N/A",
            "N/A",
            "N/A",
            "N/A",
            "N/A",
            "N/A",
            "N/A"
        ],
        "explanations": [
            "Calculated theta: 0.2361 based on sheep population: 17.00",
            "Calculated theta: 0.2611 based on sheep population: 19.44",
            "Calculated theta: 0.2889 based on sheep population: 22.35",
            "Calculated theta: 0.3201 based on sheep population: 25.89",
            "Calculated theta: 0.3535 based on sheep population: 30.07",
            "Calculated theta: 0.3893 based on sheep population: 35.07",
            "Calculated theta: 0.4257 based on sheep population: 40.77",
            "Calculated theta: 0.4643 based on sheep population: 47.67",
            "Calculated theta: 0.5028 based on sheep population: 55.62",
            "Calculated theta: 0.5406 based on sheep population: 64.73",
            "Calculated theta: 0.5774 based on sheep population: 75.15",
            "Calculated theta: 0.6128 based on sheep population: 87.06",
            "Calculated theta: 0.6437 based on sheep population: 99.35",
            "Calculated theta: 0.6667 based on sheep population: 110.00",
            "Calculated theta: 0.6667 based on sheep population: 110.00",
            "Calculated theta: 0.6459 based on sheep population: 100.32",
            "Calculated theta: 0.5567 based on sheep population: 69.07",
            "Calculated theta: 0.3687 based on sheep population: 32.13"
        ],
        "vocalizations": [
            "Calculated theta: 0.2361 based on sheep population: 17.00",
            "Calculated theta: 0.2611 based on sheep population: 19.44",
            "Calculated theta: 0.2889 based on sheep population: 22.35",
            "Calculated theta: 0.3201 based on sheep population: 25.89",
            "Calculated theta: 0.3535 based on sheep population: 30.07",
            "Calculated theta: 0.3893 based on sheep population: 35.07",
            "Calculated theta: 0.4257 based on sheep population: 40.77",
            "Calculated theta: 0.4643 based on sheep population: 47.67",
            "Calculated theta: 0.5028 based on sheep population: 55.62",
            "Calculated theta: 0.5406 based on sheep population: 64.73",
            "Calculated theta: 0.5774 based on sheep population: 75.15",
            "Calculated theta: 0.6128 based on sheep population: 87.06",
            "Calculated theta: 0.6437 based on sheep population: 99.35",
            "Calculated theta: 0.6667 based on sheep population: 110.00",
            "Calculated theta: 0.6667 based on sheep population: 110.00",
            "Calculated theta: 0.6459 based on sheep population: 100.32",
            "Calculated theta: 0.5567 based on sheep population: 69.07",
            "Calculated theta: 0.3687 based on sheep population: 32.13"
        ]
    }
}