{
    "wolf_id": 497,
    "beta": 0.1,
    "gamma": 1.5,
    "delta": 0.75,
    "alive": false,
    "born_at_step": 280,
    "died_at_step": 306,
    "thetas": [
        0.393118238406435,
        0.42319969815089375,
        0.3882014420749961,
        0.3639703147427312,
        0.35138190171740225,
        0.3469618763697562,
        0.35074726153387487,
        0.35974326845657073,
        0.37368083496059645,
        0.39063218443290587,
        0.4107716619323376,
        0.4321285286912366,
        0.45481330578845097,
        0.47644519593939344,
        0.496973192633577,
        0.5163756221717332,
        0.5317714950019745,
        0.5401077873191358,
        0.5414850017310744,
        0.5329054242383764,
        0.5082281574263374,
        0.47362986410291946,
        0.43268573499830554,
        0.39823765041321824,
        0.37175593692525805,
        0.3555449812300793,
        0.3504969055144689
    ],
    "decision_history": {
        "history_steps": [
            281,
            282,
            283,
            284,
            285,
            286,
            287,
            288,
            289,
            290,
            291,
            292,
            293,
            294,
            295,
            296,
            297,
            298,
            299,
            300,
            301,
            302,
            303,
            304,
            305,
            306
        ],
        "new_thetas": [
            0.42319969815089375,
            0.3882014420749961,
            0.3639703147427312,
            0.35138190171740225,
            0.3469618763697562,
            0.35074726153387487,
            0.35974326845657073,
            0.37368083496059645,
            0.39063218443290587,
            0.4107716619323376,
            0.4321285286912366,
            0.45481330578845097,
            0.47644519593939344,
            0.496973192633577,
            0.5163756221717332,
            0.5317714950019745,
            0.5401077873191358,
            0.5414850017310744,
            0.5329054242383764,
            0.5082281574263374,
            0.47362986410291946,
            0.43268573499830554,
            0.39823765041321824,
            0.37175593692525805,
            0.3555449812300793,
            0.3504969055144689
        ],
        "prompts": [
            "N/A",
            "N/A",
            "N/A",
            "N/A",
            "N/A",
            "N/A",
            "N/A",
            "N/A",
            "N/A",
            "N/A",
            "N/A",
            "N/A",
            "N/A",
            "N/A",
            "N/A",
            "N/A",
            "N/A",
            "N/A",
            "N/A",
            "N/A",
            "N/A",
            "N/A",
            "N/A",
            "N/A",
            "N/A",
            "N/A"
        ],
        "explanations": [
            "Calculated theta: 0.4232 based on sheep population: 40.35",
            "Calculated theta: 0.3882 based on sheep population: 34.90",
            "Calculated theta: 0.3640 based on sheep population: 31.47",
            "Calculated theta: 0.3514 based on sheep population: 29.80",
            "Calculated theta: 0.3470 based on sheep population: 29.22",
            "Calculated theta: 0.3507 based on sheep population: 29.71",
            "Calculated theta: 0.3597 based on sheep population: 30.90",
            "Calculated theta: 0.3737 based on sheep population: 32.81",
            "Calculated theta: 0.3906 based on sheep population: 35.26",
            "Calculated theta: 0.4108 based on sheep population: 38.34",
            "Calculated theta: 0.4321 based on sheep population: 41.85",
            "Calculated theta: 0.4548 based on sheep population: 45.88",
            "Calculated theta: 0.4764 based on sheep population: 50.05",
            "Calculated theta: 0.4970 based on sheep population: 54.34",
            "Calculated theta: 0.5164 based on sheep population: 58.72",
            "Calculated theta: 0.5318 based on sheep population: 62.46",
            "Calculated theta: 0.5401 based on sheep population: 64.59",
            "Calculated theta: 0.5415 based on sheep population: 64.95",
            "Calculated theta: 0.5329 based on sheep population: 62.75",
            "Calculated theta: 0.5082 based on sheep population: 56.84",
            "Calculated theta: 0.4736 based on sheep population: 49.49",
            "Calculated theta: 0.4327 based on sheep population: 41.95",
            "Calculated theta: 0.3982 based on sheep population: 36.40",
            "Calculated theta: 0.3718 based on sheep population: 32.55",
            "Calculated theta: 0.3555 based on sheep population: 30.34",
            "Calculated theta: 0.3505 based on sheep population: 29.68"
        ],
        "vocalizations": [
            "Calculated theta: 0.4232 based on sheep population: 40.35",
            "Calculated theta: 0.3882 based on sheep population: 34.90",
            "Calculated theta: 0.3640 based on sheep population: 31.47",
            "Calculated theta: 0.3514 based on sheep population: 29.80",
            "Calculated theta: 0.3470 based on sheep population: 29.22",
            "Calculated theta: 0.3507 based on sheep population: 29.71",
            "Calculated theta: 0.3597 based on sheep population: 30.90",
            "Calculated theta: 0.3737 based on sheep population: 32.81",
            "Calculated theta: 0.3906 based on sheep population: 35.26",
            "Calculated theta: 0.4108 based on sheep population: 38.34",
            "Calculated theta: 0.4321 based on sheep population: 41.85",
            "Calculated theta: 0.4548 based on sheep population: 45.88",
            "Calculated theta: 0.4764 based on sheep population: 50.05",
            "Calculated theta: 0.4970 based on sheep population: 54.34",
            "Calculated theta: 0.5164 based on sheep population: 58.72",
            "Calculated theta: 0.5318 based on sheep population: 62.46",
            "Calculated theta: 0.5401 based on sheep population: 64.59",
            "Calculated theta: 0.5415 based on sheep population: 64.95",
            "Calculated theta: 0.5329 based on sheep population: 62.75",
            "Calculated theta: 0.5082 based on sheep population: 56.84",
            "Calculated theta: 0.4736 based on sheep population: 49.49",
            "Calculated theta: 0.4327 based on sheep population: 41.95",
            "Calculated theta: 0.3982 based on sheep population: 36.40",
            "Calculated theta: 0.3718 based on sheep population: 32.55",
            "Calculated theta: 0.3555 based on sheep population: 30.34",
            "Calculated theta: 0.3505 based on sheep population: 29.68"
        ]
    }
}