{
    "wolf_id": 285,
    "beta": 0.1,
    "gamma": 1.5,
    "delta": 0.75,
    "alive": false,
    "born_at_step": 127,
    "died_at_step": 135,
    "thetas": [
        0.26321882675154107,
        0.5611878372629417,
        0.508633868252297,
        0.43650280629217325,
        0.3705642709604594,
        0.32730790269628135,
        0.30489688765575845,
        0.29916094049380476,
        0.30343354052689153
    ],
    "decision_history": {
        "history_steps": [
            128,
            129,
            130,
            131,
            132,
            133,
            134,
            135
        ],
        "new_thetas": [
            0.5611878372629417,
            0.508633868252297,
            0.43650280629217325,
            0.3705642709604594,
            0.32730790269628135,
            0.30489688765575845,
            0.29916094049380476,
            0.30343354052689153
        ],
        "prompts": [
            "N/A",
            "N/A",
            "N/A",
            "N/A",
            "N/A",
            "N/A",
            "N/A",
            "N/A"
        ],
        "explanations": [
            "Calculated theta: 0.5612 based on sheep population: 70.34",
            "Calculated theta: 0.5086 based on sheep population: 56.93",
            "Calculated theta: 0.4365 based on sheep population: 42.60",
            "Calculated theta: 0.3706 based on sheep population: 32.38",
            "Calculated theta: 0.3273 based on sheep population: 26.76",
            "Calculated theta: 0.3049 based on sheep population: 24.12",
            "Calculated theta: 0.2992 based on sheep population: 23.48",
            "Calculated theta: 0.3034 based on sheep population: 23.96"
        ],
        "vocalizations": [
            "Calculated theta: 0.5612 based on sheep population: 70.34",
            "Calculated theta: 0.5086 based on sheep population: 56.93",
            "Calculated theta: 0.4365 based on sheep population: 42.60",
            "Calculated theta: 0.3706 based on sheep population: 32.38",
            "Calculated theta: 0.3273 based on sheep population: 26.76",
            "Calculated theta: 0.3049 based on sheep population: 24.12",
            "Calculated theta: 0.2992 based on sheep population: 23.48",
            "Calculated theta: 0.3034 based on sheep population: 23.96"
        ]
    }
}