{
    "wolf_id": 648,
    "beta": 0.1,
    "gamma": 1.5,
    "delta": 0.75,
    "alive": false,
    "born_at_step": 446,
    "died_at_step": 459,
    "thetas": [
        0.8821250650791826,
        0.5301419816427952,
        0.5161710296367767,
        0.49398930340540653,
        0.46207387263811645,
        0.426937139009502,
        0.39939917611136433,
        0.37763233085406056,
        0.36473335331408746,
        0.36033787730544786,
        0.3625754010946872,
        0.3704876535502259,
        0.38367045058443333,
        0.40003380705809466
    ],
    "decision_history": {
        "history_steps": [
            447,
            448,
            449,
            450,
            451,
            452,
            453,
            454,
            455,
            456,
            457,
            458,
            459
        ],
        "new_thetas": [
            0.5301419816427952,
            0.5161710296367767,
            0.49398930340540653,
            0.46207387263811645,
            0.426937139009502,
            0.39939917611136433,
            0.37763233085406056,
            0.36473335331408746,
            0.36033787730544786,
            0.3625754010946872,
            0.3704876535502259,
            0.38367045058443333,
            0.40003380705809466
        ],
        "prompts": [
            "N/A",
            "N/A",
            "N/A",
            "N/A",
            "N/A",
            "N/A",
            "N/A",
            "N/A",
            "N/A",
            "N/A",
            "N/A",
            "N/A",
            "N/A"
        ],
        "explanations": [
            "Calculated theta: 0.5301 based on sheep population: 62.06",
            "Calculated theta: 0.5162 based on sheep population: 58.68",
            "Calculated theta: 0.4940 based on sheep population: 53.69",
            "Calculated theta: 0.4621 based on sheep population: 47.24",
            "Calculated theta: 0.4269 based on sheep population: 40.98",
            "Calculated theta: 0.3994 based on sheep population: 36.57",
            "Calculated theta: 0.3776 based on sheep population: 33.37",
            "Calculated theta: 0.3647 based on sheep population: 31.58",
            "Calculated theta: 0.3603 based on sheep population: 30.98",
            "Calculated theta: 0.3626 based on sheep population: 31.28",
            "Calculated theta: 0.3705 based on sheep population: 32.37",
            "Calculated theta: 0.3837 based on sheep population: 34.24",
            "Calculated theta: 0.4000 based on sheep population: 36.67"
        ],
        "vocalizations": [
            "Calculated theta: 0.5301 based on sheep population: 62.06",
            "Calculated theta: 0.5162 based on sheep population: 58.68",
            "Calculated theta: 0.4940 based on sheep population: 53.69",
            "Calculated theta: 0.4621 based on sheep population: 47.24",
            "Calculated theta: 0.4269 based on sheep population: 40.98",
            "Calculated theta: 0.3994 based on sheep population: 36.57",
            "Calculated theta: 0.3776 based on sheep population: 33.37",
            "Calculated theta: 0.3647 based on sheep population: 31.58",
            "Calculated theta: 0.3603 based on sheep population: 30.98",
            "Calculated theta: 0.3626 based on sheep population: 31.28",
            "Calculated theta: 0.3705 based on sheep population: 32.37",
            "Calculated theta: 0.3837 based on sheep population: 34.24",
            "Calculated theta: 0.4000 based on sheep population: 36.67"
        ]
    }
}