{
    "wolf_id": 503,
    "beta": 0.1,
    "gamma": 1.5,
    "delta": 0.75,
    "alive": false,
    "born_at_step": 297,
    "died_at_step": 308,
    "thetas": [
        0.3031073750338025,
        0.5414850017310744,
        0.5329054242383764,
        0.5082281574263374,
        0.47362986410291946,
        0.43268573499830554,
        0.39823765041321824,
        0.37175593692525805,
        0.3555449812300793,
        0.3504969055144689,
        0.35197908022288654,
        0.3608645086752012
    ],
    "decision_history": {
        "history_steps": [
            298,
            299,
            300,
            301,
            302,
            303,
            304,
            305,
            306,
            307,
            308
        ],
        "new_thetas": [
            0.5414850017310744,
            0.5329054242383764,
            0.5082281574263374,
            0.47362986410291946,
            0.43268573499830554,
            0.39823765041321824,
            0.37175593692525805,
            0.3555449812300793,
            0.3504969055144689,
            0.35197908022288654,
            0.3608645086752012
        ],
        "prompts": [
            "N/A",
            "N/A",
            "N/A",
            "N/A",
            "N/A",
            "N/A",
            "N/A",
            "N/A",
            "N/A",
            "N/A",
            "N/A"
        ],
        "explanations": [
            "Calculated theta: 0.5415 based on sheep population: 64.95",
            "Calculated theta: 0.5329 based on sheep population: 62.75",
            "Calculated theta: 0.5082 based on sheep population: 56.84",
            "Calculated theta: 0.4736 based on sheep population: 49.49",
            "Calculated theta: 0.4327 based on sheep population: 41.95",
            "Calculated theta: 0.3982 based on sheep population: 36.40",
            "Calculated theta: 0.3718 based on sheep population: 32.55",
            "Calculated theta: 0.3555 based on sheep population: 30.34",
            "Calculated theta: 0.3505 based on sheep population: 29.68",
            "Calculated theta: 0.3520 based on sheep population: 29.87",
            "Calculated theta: 0.3609 based on sheep population: 31.05"
        ],
        "vocalizations": [
            "Calculated theta: 0.5415 based on sheep population: 64.95",
            "Calculated theta: 0.5329 based on sheep population: 62.75",
            "Calculated theta: 0.5082 based on sheep population: 56.84",
            "Calculated theta: 0.4736 based on sheep population: 49.49",
            "Calculated theta: 0.4327 based on sheep population: 41.95",
            "Calculated theta: 0.3982 based on sheep population: 36.40",
            "Calculated theta: 0.3718 based on sheep population: 32.55",
            "Calculated theta: 0.3555 based on sheep population: 30.34",
            "Calculated theta: 0.3505 based on sheep population: 29.68",
            "Calculated theta: 0.3520 based on sheep population: 29.87",
            "Calculated theta: 0.3609 based on sheep population: 31.05"
        ]
    }
}