{
    "wolf_id": 697,
    "beta": 0.1,
    "gamma": 1.5,
    "delta": 0.75,
    "alive": true,
    "born_at_step": 492,
    "died_at_step": null,
    "thetas": [
        0.7453363265337296,
        0.43881255811788716,
        0.40872990515987817,
        0.38503070102028275,
        0.37080016338807625,
        0.36551132062690594,
        0.3671328746543893,
        0.37260937040845105
    ],
    "decision_history": {
        "history_steps": [
            493,
            494,
            495,
            496,
            497,
            498,
            499
        ],
        "new_thetas": [
            0.43881255811788716,
            0.40872990515987817,
            0.38503070102028275,
            0.37080016338807625,
            0.36551132062690594,
            0.3671328746543893,
            0.37260937040845105
        ],
        "prompts": [
            "N/A",
            "N/A",
            "N/A",
            "N/A",
            "N/A",
            "N/A",
            "N/A"
        ],
        "explanations": [
            "Calculated theta: 0.4388 based on sheep population: 43.01",
            "Calculated theta: 0.4087 based on sheep population: 38.02",
            "Calculated theta: 0.3850 based on sheep population: 34.44",
            "Calculated theta: 0.3708 based on sheep population: 32.41",
            "Calculated theta: 0.3655 based on sheep population: 31.68",
            "Calculated theta: 0.3671 based on sheep population: 31.91",
            "Calculated theta: 0.3726 based on sheep population: 32.66"
        ],
        "vocalizations": [
            "Calculated theta: 0.4388 based on sheep population: 43.01",
            "Calculated theta: 0.4087 based on sheep population: 38.02",
            "Calculated theta: 0.3850 based on sheep population: 34.44",
            "Calculated theta: 0.3708 based on sheep population: 32.41",
            "Calculated theta: 0.3655 based on sheep population: 31.68",
            "Calculated theta: 0.3671 based on sheep population: 31.91",
            "Calculated theta: 0.3726 based on sheep population: 32.66"
        ]
    }
}