{
    "wolf_id": 86,
    "beta": 0.1,
    "gamma": 1.5,
    "delta": 0.75,
    "alive": false,
    "born_at_step": 36,
    "died_at_step": 42,
    "thetas": [
        0.5589597731098931,
        0.6506235450580047,
        0.6426667234067093,
        0.5942719501747415,
        0.4681558963886992,
        0.32100990782445576,
        0.25456794725003723
    ],
    "decision_history": {
        "history_steps": [
            37,
            38,
            39,
            40,
            41,
            42
        ],
        "new_thetas": [
            0.6506235450580047,
            0.6426667234067093,
            0.5942719501747415,
            0.4681558963886992,
            0.32100990782445576,
            0.25456794725003723
        ],
        "prompts": [
            "N/A",
            "N/A",
            "N/A",
            "N/A",
            "N/A",
            "N/A"
        ],
        "explanations": [
            "Calculated theta: 0.6506 based on sheep population: 102.42",
            "Calculated theta: 0.6427 based on sheep population: 98.92",
            "Calculated theta: 0.5943 based on sheep population: 80.56",
            "Calculated theta: 0.4682 based on sheep population: 48.41",
            "Calculated theta: 0.3210 based on sheep population: 26.00",
            "Calculated theta: 0.2546 based on sheep population: 18.78"
        ],
        "vocalizations": [
            "Calculated theta: 0.6506 based on sheep population: 102.42",
            "Calculated theta: 0.6427 based on sheep population: 98.92",
            "Calculated theta: 0.5943 based on sheep population: 80.56",
            "Calculated theta: 0.4682 based on sheep population: 48.41",
            "Calculated theta: 0.3210 based on sheep population: 26.00",
            "Calculated theta: 0.2546 based on sheep population: 18.78"
        ]
    }
}