{
    "wolf_id": 439,
    "beta": 0.1,
    "gamma": 1.5,
    "delta": 0.75,
    "alive": false,
    "born_at_step": 235,
    "died_at_step": 246,
    "thetas": [
        0.7010828466490899,
        0.5190417714162686,
        0.4787879125570823,
        0.42987167981883584,
        0.3874535667907795,
        0.35615621026424255,
        0.3409026997029066,
        0.33617190980708256,
        0.33937724304482586,
        0.34936752377177643,
        0.36399766537753525,
        0.3814899691684964
    ],
    "decision_history": {
        "history_steps": [
            236,
            237,
            238,
            239,
            240,
            241,
            242,
            243,
            244,
            245,
            246
        ],
        "new_thetas": [
            0.5190417714162686,
            0.4787879125570823,
            0.42987167981883584,
            0.3874535667907795,
            0.35615621026424255,
            0.3409026997029066,
            0.33617190980708256,
            0.33937724304482586,
            0.34936752377177643,
            0.36399766537753525,
            0.3814899691684964
        ],
        "prompts": [
            "N/A",
            "N/A",
            "N/A",
            "N/A",
            "N/A",
            "N/A",
            "N/A",
            "N/A",
            "N/A",
            "N/A",
            "N/A"
        ],
        "explanations": [
            "Calculated theta: 0.5190 based on sheep population: 59.35",
            "Calculated theta: 0.4788 based on sheep population: 50.52",
            "Calculated theta: 0.4299 based on sheep population: 41.47",
            "Calculated theta: 0.3875 based on sheep population: 34.79",
            "Calculated theta: 0.3562 based on sheep population: 30.42",
            "Calculated theta: 0.3409 based on sheep population: 28.45",
            "Calculated theta: 0.3362 based on sheep population: 27.85",
            "Calculated theta: 0.3394 based on sheep population: 28.25",
            "Calculated theta: 0.3494 based on sheep population: 29.53",
            "Calculated theta: 0.3640 based on sheep population: 31.48",
            "Calculated theta: 0.3815 based on sheep population: 33.92"
        ],
        "vocalizations": [
            "Calculated theta: 0.5190 based on sheep population: 59.35",
            "Calculated theta: 0.4788 based on sheep population: 50.52",
            "Calculated theta: 0.4299 based on sheep population: 41.47",
            "Calculated theta: 0.3875 based on sheep population: 34.79",
            "Calculated theta: 0.3562 based on sheep population: 30.42",
            "Calculated theta: 0.3409 based on sheep population: 28.45",
            "Calculated theta: 0.3362 based on sheep population: 27.85",
            "Calculated theta: 0.3394 based on sheep population: 28.25",
            "Calculated theta: 0.3494 based on sheep population: 29.53",
            "Calculated theta: 0.3640 based on sheep population: 31.48",
            "Calculated theta: 0.3815 based on sheep population: 33.92"
        ]
    }
}