{
    "wolf_id": 520,
    "beta": 0.1,
    "gamma": 1.5,
    "delta": 0.75,
    "alive": false,
    "born_at_step": 315,
    "died_at_step": 327,
    "thetas": [
        0.6230063486933604,
        0.5103686614498968,
        0.526151587850438,
        0.5379350092382333,
        0.5426716942147966,
        0.5372957131080771,
        0.5189989696457746,
        0.48595585506680666,
        0.44557191435843585,
        0.40806714333537597,
        0.37934777578100604,
        0.3593627939126923,
        0.3496659490599397
    ],
    "decision_history": {
        "history_steps": [
            316,
            317,
            318,
            319,
            320,
            321,
            322,
            323,
            324,
            325,
            326,
            327
        ],
        "new_thetas": [
            0.5103686614498968,
            0.526151587850438,
            0.5379350092382333,
            0.5426716942147966,
            0.5372957131080771,
            0.5189989696457746,
            0.48595585506680666,
            0.44557191435843585,
            0.40806714333537597,
            0.37934777578100604,
            0.3593627939126923,
            0.3496659490599397
        ],
        "prompts": [
            "N/A",
            "N/A",
            "N/A",
            "N/A",
            "N/A",
            "N/A",
            "N/A",
            "N/A",
            "N/A",
            "N/A",
            "N/A",
            "N/A"
        ],
        "explanations": [
            "Calculated theta: 0.5104 based on sheep population: 57.33",
            "Calculated theta: 0.5262 based on sheep population: 61.07",
            "Calculated theta: 0.5379 based on sheep population: 64.03",
            "Calculated theta: 0.5427 based on sheep population: 65.26",
            "Calculated theta: 0.5373 based on sheep population: 63.87",
            "Calculated theta: 0.5190 based on sheep population: 59.34",
            "Calculated theta: 0.4860 based on sheep population: 51.99",
            "Calculated theta: 0.4456 based on sheep population: 44.20",
            "Calculated theta: 0.4081 based on sheep population: 37.92",
            "Calculated theta: 0.3793 based on sheep population: 33.62",
            "Calculated theta: 0.3594 based on sheep population: 30.85",
            "Calculated theta: 0.3497 based on sheep population: 29.57"
        ],
        "vocalizations": [
            "Calculated theta: 0.5104 based on sheep population: 57.33",
            "Calculated theta: 0.5262 based on sheep population: 61.07",
            "Calculated theta: 0.5379 based on sheep population: 64.03",
            "Calculated theta: 0.5427 based on sheep population: 65.26",
            "Calculated theta: 0.5373 based on sheep population: 63.87",
            "Calculated theta: 0.5190 based on sheep population: 59.34",
            "Calculated theta: 0.4860 based on sheep population: 51.99",
            "Calculated theta: 0.4456 based on sheep population: 44.20",
            "Calculated theta: 0.4081 based on sheep population: 37.92",
            "Calculated theta: 0.3793 based on sheep population: 33.62",
            "Calculated theta: 0.3594 based on sheep population: 30.85",
            "Calculated theta: 0.3497 based on sheep population: 29.57"
        ]
    }
}