{
    "wolf_id": 127,
    "beta": 0.1,
    "gamma": 1.5,
    "delta": 0.75,
    "alive": false,
    "born_at_step": 39,
    "died_at_step": 49,
    "thetas": [
        0.6969832313827451,
        0.4681558963886992,
        0.32100990782445576,
        0.25456794725003723,
        0.2315429047143643,
        0.22755786028170732,
        0.23386169516067068,
        0.24635905675054445,
        0.2643881806699535,
        0.2865537655883322,
        0.31110112279955243
    ],
    "decision_history": {
        "history_steps": [
            40,
            41,
            42,
            43,
            44,
            45,
            46,
            47,
            48,
            49
        ],
        "new_thetas": [
            0.4681558963886992,
            0.32100990782445576,
            0.25456794725003723,
            0.2315429047143643,
            0.22755786028170732,
            0.23386169516067068,
            0.24635905675054445,
            0.2643881806699535,
            0.2865537655883322,
            0.31110112279955243
        ],
        "prompts": [
            "N/A",
            "N/A",
            "N/A",
            "N/A",
            "N/A",
            "N/A",
            "N/A",
            "N/A",
            "N/A",
            "N/A"
        ],
        "explanations": [
            "Calculated theta: 0.4682 based on sheep population: 48.41",
            "Calculated theta: 0.3210 based on sheep population: 26.00",
            "Calculated theta: 0.2546 based on sheep population: 18.78",
            "Calculated theta: 0.2315 based on sheep population: 16.57",
            "Calculated theta: 0.2276 based on sheep population: 16.20",
            "Calculated theta: 0.2339 based on sheep population: 16.79",
            "Calculated theta: 0.2464 based on sheep population: 17.98",
            "Calculated theta: 0.2644 based on sheep population: 19.77",
            "Calculated theta: 0.2866 based on sheep population: 22.09",
            "Calculated theta: 0.3111 based on sheep population: 24.84"
        ],
        "vocalizations": [
            "Calculated theta: 0.4682 based on sheep population: 48.41",
            "Calculated theta: 0.3210 based on sheep population: 26.00",
            "Calculated theta: 0.2546 based on sheep population: 18.78",
            "Calculated theta: 0.2315 based on sheep population: 16.57",
            "Calculated theta: 0.2276 based on sheep population: 16.20",
            "Calculated theta: 0.2339 based on sheep population: 16.79",
            "Calculated theta: 0.2464 based on sheep population: 17.98",
            "Calculated theta: 0.2644 based on sheep population: 19.77",
            "Calculated theta: 0.2866 based on sheep population: 22.09",
            "Calculated theta: 0.3111 based on sheep population: 24.84"
        ]
    }
}