{
    "wolf_id": 542,
    "beta": 0.1,
    "gamma": 1.5,
    "delta": 0.75,
    "alive": false,
    "born_at_step": 337,
    "died_at_step": 349,
    "thetas": [
        0.7921857242779772,
        0.523990103301924,
        0.5359274766494366,
        0.5408314623288695,
        0.5356431343863934,
        0.5175634623303113,
        0.48828824172036933,
        0.45078433329365225,
        0.41508794275160377,
        0.3874163073615554,
        0.3657341590104778,
        0.3549352417096066,
        0.3539164549784358
    ],
    "decision_history": {
        "history_steps": [
            338,
            339,
            340,
            341,
            342,
            343,
            344,
            345,
            346,
            347,
            348,
            349
        ],
        "new_thetas": [
            0.523990103301924,
            0.5359274766494366,
            0.5408314623288695,
            0.5356431343863934,
            0.5175634623303113,
            0.48828824172036933,
            0.45078433329365225,
            0.41508794275160377,
            0.3874163073615554,
            0.3657341590104778,
            0.3549352417096066,
            0.3539164549784358
        ],
        "prompts": [
            "N/A",
            "N/A",
            "N/A",
            "N/A",
            "N/A",
            "N/A",
            "N/A",
            "N/A",
            "N/A",
            "N/A",
            "N/A",
            "N/A"
        ],
        "explanations": [
            "Calculated theta: 0.5240 based on sheep population: 60.54",
            "Calculated theta: 0.5359 based on sheep population: 63.52",
            "Calculated theta: 0.5408 based on sheep population: 64.78",
            "Calculated theta: 0.5356 based on sheep population: 63.44",
            "Calculated theta: 0.5176 based on sheep population: 59.00",
            "Calculated theta: 0.4883 based on sheep population: 52.48",
            "Calculated theta: 0.4508 based on sheep population: 45.14",
            "Calculated theta: 0.4151 based on sheep population: 39.03",
            "Calculated theta: 0.3874 based on sheep population: 34.78",
            "Calculated theta: 0.3657 based on sheep population: 31.71",
            "Calculated theta: 0.3549 based on sheep population: 30.26",
            "Calculated theta: 0.3539 based on sheep population: 30.13"
        ],
        "vocalizations": [
            "Calculated theta: 0.5240 based on sheep population: 60.54",
            "Calculated theta: 0.5359 based on sheep population: 63.52",
            "Calculated theta: 0.5408 based on sheep population: 64.78",
            "Calculated theta: 0.5356 based on sheep population: 63.44",
            "Calculated theta: 0.5176 based on sheep population: 59.00",
            "Calculated theta: 0.4883 based on sheep population: 52.48",
            "Calculated theta: 0.4508 based on sheep population: 45.14",
            "Calculated theta: 0.4151 based on sheep population: 39.03",
            "Calculated theta: 0.3874 based on sheep population: 34.78",
            "Calculated theta: 0.3657 based on sheep population: 31.71",
            "Calculated theta: 0.3549 based on sheep population: 30.26",
            "Calculated theta: 0.3539 based on sheep population: 30.13"
        ]
    }
}