{
    "wolf_id": 368,
    "beta": 0.1,
    "gamma": 1.5,
    "delta": 0.75,
    "alive": false,
    "born_at_step": 187,
    "died_at_step": 197,
    "thetas": [
        0.8109923415211375,
        0.5263918246474147,
        0.5469716375536503,
        0.5633846872124489,
        0.5692631251248862,
        0.5612050794035178,
        0.5361315469778817,
        0.4886644062728263,
        0.43004260022867596,
        0.3786890815565631,
        0.3448809812117853
    ],
    "decision_history": {
        "history_steps": [
            188,
            189,
            190,
            191,
            192,
            193,
            194,
            195,
            196,
            197
        ],
        "new_thetas": [
            0.5263918246474147,
            0.5469716375536503,
            0.5633846872124489,
            0.5692631251248862,
            0.5612050794035178,
            0.5361315469778817,
            0.4886644062728263,
            0.43004260022867596,
            0.3786890815565631,
            0.3448809812117853
        ],
        "prompts": [
            "N/A",
            "N/A",
            "N/A",
            "N/A",
            "N/A",
            "N/A",
            "N/A",
            "N/A",
            "N/A",
            "N/A"
        ],
        "explanations": [
            "Calculated theta: 0.5264 based on sheep population: 61.13",
            "Calculated theta: 0.5470 based on sheep population: 66.41",
            "Calculated theta: 0.5634 based on sheep population: 70.97",
            "Calculated theta: 0.5693 based on sheep population: 72.69",
            "Calculated theta: 0.5612 based on sheep population: 70.34",
            "Calculated theta: 0.5361 based on sheep population: 63.57",
            "Calculated theta: 0.4887 based on sheep population: 52.56",
            "Calculated theta: 0.4300 based on sheep population: 41.50",
            "Calculated theta: 0.3787 based on sheep population: 33.52",
            "Calculated theta: 0.3449 based on sheep population: 28.95"
        ],
        "vocalizations": [
            "Calculated theta: 0.5264 based on sheep population: 61.13",
            "Calculated theta: 0.5470 based on sheep population: 66.41",
            "Calculated theta: 0.5634 based on sheep population: 70.97",
            "Calculated theta: 0.5693 based on sheep population: 72.69",
            "Calculated theta: 0.5612 based on sheep population: 70.34",
            "Calculated theta: 0.5361 based on sheep population: 63.57",
            "Calculated theta: 0.4887 based on sheep population: 52.56",
            "Calculated theta: 0.4300 based on sheep population: 41.50",
            "Calculated theta: 0.3787 based on sheep population: 33.52",
            "Calculated theta: 0.3449 based on sheep population: 28.95"
        ]
    }
}