{
    "wolf_id": 394,
    "beta": 0.1,
    "gamma": 1.5,
    "delta": 0.75,
    "alive": false,
    "born_at_step": 193,
    "died_at_step": 219,
    "thetas": [
        0.467347369642378,
        0.4886644062728263,
        0.43004260022867596,
        0.3786890815565631,
        0.3448809812117853,
        0.3279269392420507,
        0.32340809603539195,
        0.3263963040828961,
        0.3357899773780082,
        0.3512687216658909,
        0.369425915443085,
        0.390502420816003,
        0.4147899559061877,
        0.44041605824643903,
        0.46512022070412373,
        0.4887869291411862,
        0.5113396607930996,
        0.532736011015488,
        0.5500298501821487,
        0.5600933651703843,
        0.5596904935811454,
        0.5456485673467504,
        0.5117075565169427,
        0.461954056375925,
        0.41076980543651265,
        0.3707291927669135,
        0.34361816355973457
    ],
    "decision_history": {
        "history_steps": [
            194,
            195,
            196,
            197,
            198,
            199,
            200,
            201,
            202,
            203,
            204,
            205,
            206,
            207,
            208,
            209,
            210,
            211,
            212,
            213,
            214,
            215,
            216,
            217,
            218,
            219
        ],
        "new_thetas": [
            0.4886644062728263,
            0.43004260022867596,
            0.3786890815565631,
            0.3448809812117853,
            0.3279269392420507,
            0.32340809603539195,
            0.3263963040828961,
            0.3357899773780082,
            0.3512687216658909,
            0.369425915443085,
            0.390502420816003,
            0.4147899559061877,
            0.44041605824643903,
            0.46512022070412373,
            0.4887869291411862,
            0.5113396607930996,
            0.532736011015488,
            0.5500298501821487,
            0.5600933651703843,
            0.5596904935811454,
            0.5456485673467504,
            0.5117075565169427,
            0.461954056375925,
            0.41076980543651265,
            0.3707291927669135,
            0.34361816355973457
        ],
        "prompts": [
            "N/A",
            "N/A",
            "N/A",
            "N/A",
            "N/A",
            "N/A",
            "N/A",
            "N/A",
            "N/A",
            "N/A",
            "N/A",
            "N/A",
            "N/A",
            "N/A",
            "N/A",
            "N/A",
            "N/A",
            "N/A",
            "N/A",
            "N/A",
            "N/A",
            "N/A",
            "N/A",
            "N/A",
            "N/A",
            "N/A"
        ],
        "explanations": [
            "Calculated theta: 0.4887 based on sheep population: 52.56",
            "Calculated theta: 0.4300 based on sheep population: 41.50",
            "Calculated theta: 0.3787 based on sheep population: 33.52",
            "Calculated theta: 0.3449 based on sheep population: 28.95",
            "Calculated theta: 0.3279 based on sheep population: 26.84",
            "Calculated theta: 0.3234 based on sheep population: 26.29",
            "Calculated theta: 0.3264 based on sheep population: 26.65",
            "Calculated theta: 0.3358 based on sheep population: 27.81",
            "Calculated theta: 0.3513 based on sheep population: 29.78",
            "Calculated theta: 0.3694 based on sheep population: 32.22",
            "Calculated theta: 0.3905 based on sheep population: 35.24",
            "Calculated theta: 0.4148 based on sheep population: 38.98",
            "Calculated theta: 0.4404 based on sheep population: 43.29",
            "Calculated theta: 0.4651 based on sheep population: 47.83",
            "Calculated theta: 0.4888 based on sheep population: 52.59",
            "Calculated theta: 0.5113 based on sheep population: 57.55",
            "Calculated theta: 0.5327 based on sheep population: 62.71",
            "Calculated theta: 0.5500 based on sheep population: 67.23",
            "Calculated theta: 0.5601 based on sheep population: 70.03",
            "Calculated theta: 0.5597 based on sheep population: 69.91",
            "Calculated theta: 0.5456 based on sheep population: 66.05",
            "Calculated theta: 0.5117 based on sheep population: 57.64",
            "Calculated theta: 0.4620 based on sheep population: 47.22",
            "Calculated theta: 0.4108 based on sheep population: 38.34",
            "Calculated theta: 0.3707 based on sheep population: 32.40",
            "Calculated theta: 0.3436 based on sheep population: 28.79"
        ],
        "vocalizations": [
            "Calculated theta: 0.4887 based on sheep population: 52.56",
            "Calculated theta: 0.4300 based on sheep population: 41.50",
            "Calculated theta: 0.3787 based on sheep population: 33.52",
            "Calculated theta: 0.3449 based on sheep population: 28.95",
            "Calculated theta: 0.3279 based on sheep population: 26.84",
            "Calculated theta: 0.3234 based on sheep population: 26.29",
            "Calculated theta: 0.3264 based on sheep population: 26.65",
            "Calculated theta: 0.3358 based on sheep population: 27.81",
            "Calculated theta: 0.3513 based on sheep population: 29.78",
            "Calculated theta: 0.3694 based on sheep population: 32.22",
            "Calculated theta: 0.3905 based on sheep population: 35.24",
            "Calculated theta: 0.4148 based on sheep population: 38.98",
            "Calculated theta: 0.4404 based on sheep population: 43.29",
            "Calculated theta: 0.4651 based on sheep population: 47.83",
            "Calculated theta: 0.4888 based on sheep population: 52.59",
            "Calculated theta: 0.5113 based on sheep population: 57.55",
            "Calculated theta: 0.5327 based on sheep population: 62.71",
            "Calculated theta: 0.5500 based on sheep population: 67.23",
            "Calculated theta: 0.5601 based on sheep population: 70.03",
            "Calculated theta: 0.5597 based on sheep population: 69.91",
            "Calculated theta: 0.5456 based on sheep population: 66.05",
            "Calculated theta: 0.5117 based on sheep population: 57.64",
            "Calculated theta: 0.4620 based on sheep population: 47.22",
            "Calculated theta: 0.4108 based on sheep population: 38.34",
            "Calculated theta: 0.3707 based on sheep population: 32.40",
            "Calculated theta: 0.3436 based on sheep population: 28.79"
        ]
    }
}