{
    "wolf_id": 414,
    "beta": 0.1,
    "gamma": 1.5,
    "delta": 0.75,
    "alive": false,
    "born_at_step": 214,
    "died_at_step": 225,
    "thetas": [
        0.10541583227244578,
        0.5117075565169427,
        0.461954056375925,
        0.41076980543651265,
        0.3707291927669135,
        0.34361816355973457,
        0.33082150197850213,
        0.32939442631327615,
        0.3351061900415326,
        0.34718921546821596,
        0.363758985016159,
        0.38316921266992454
    ],
    "decision_history": {
        "history_steps": [
            215,
            216,
            217,
            218,
            219,
            220,
            221,
            222,
            223,
            224,
            225
        ],
        "new_thetas": [
            0.5117075565169427,
            0.461954056375925,
            0.41076980543651265,
            0.3707291927669135,
            0.34361816355973457,
            0.33082150197850213,
            0.32939442631327615,
            0.3351061900415326,
            0.34718921546821596,
            0.363758985016159,
            0.38316921266992454
        ],
        "prompts": [
            "N/A",
            "N/A",
            "N/A",
            "N/A",
            "N/A",
            "N/A",
            "N/A",
            "N/A",
            "N/A",
            "N/A",
            "N/A"
        ],
        "explanations": [
            "Calculated theta: 0.5117 based on sheep population: 57.64",
            "Calculated theta: 0.4620 based on sheep population: 47.22",
            "Calculated theta: 0.4108 based on sheep population: 38.34",
            "Calculated theta: 0.3707 based on sheep population: 32.40",
            "Calculated theta: 0.3436 based on sheep population: 28.79",
            "Calculated theta: 0.3308 based on sheep population: 27.19",
            "Calculated theta: 0.3294 based on sheep population: 27.02",
            "Calculated theta: 0.3351 based on sheep population: 27.72",
            "Calculated theta: 0.3472 based on sheep population: 29.25",
            "Calculated theta: 0.3638 based on sheep population: 31.45",
            "Calculated theta: 0.3832 based on sheep population: 34.17"
        ],
        "vocalizations": [
            "Calculated theta: 0.5117 based on sheep population: 57.64",
            "Calculated theta: 0.4620 based on sheep population: 47.22",
            "Calculated theta: 0.4108 based on sheep population: 38.34",
            "Calculated theta: 0.3707 based on sheep population: 32.40",
            "Calculated theta: 0.3436 based on sheep population: 28.79",
            "Calculated theta: 0.3308 based on sheep population: 27.19",
            "Calculated theta: 0.3294 based on sheep population: 27.02",
            "Calculated theta: 0.3351 based on sheep population: 27.72",
            "Calculated theta: 0.3472 based on sheep population: 29.25",
            "Calculated theta: 0.3638 based on sheep population: 31.45",
            "Calculated theta: 0.3832 based on sheep population: 34.17"
        ]
    }
}