{
    "wolf_id": 590,
    "beta": 0.1,
    "gamma": 1.5,
    "delta": 0.75,
    "alive": false,
    "born_at_step": 383,
    "died_at_step": 395,
    "thetas": [
        0.6387115577544379,
        0.5256868018250203,
        0.5055252955651149,
        0.4748783163368077,
        0.4401814541344516,
        0.40689597868343746,
        0.38102236663572303,
        0.36525571737401813,
        0.35871606444975335,
        0.35917322255049144,
        0.36546276736042393,
        0.3770488958743421,
        0.3917859189419786
    ],
    "decision_history": {
        "history_steps": [
            384,
            385,
            386,
            387,
            388,
            389,
            390,
            391,
            392,
            393,
            394,
            395
        ],
        "new_thetas": [
            0.5256868018250203,
            0.5055252955651149,
            0.4748783163368077,
            0.4401814541344516,
            0.40689597868343746,
            0.38102236663572303,
            0.36525571737401813,
            0.35871606444975335,
            0.35917322255049144,
            0.36546276736042393,
            0.3770488958743421,
            0.3917859189419786
        ],
        "prompts": [
            "N/A",
            "N/A",
            "N/A",
            "N/A",
            "N/A",
            "N/A",
            "N/A",
            "N/A",
            "N/A",
            "N/A",
            "N/A",
            "N/A"
        ],
        "explanations": [
            "Calculated theta: 0.5257 based on sheep population: 60.96",
            "Calculated theta: 0.5055 based on sheep population: 56.23",
            "Calculated theta: 0.4749 based on sheep population: 49.74",
            "Calculated theta: 0.4402 based on sheep population: 43.25",
            "Calculated theta: 0.4069 based on sheep population: 37.73",
            "Calculated theta: 0.3810 based on sheep population: 33.86",
            "Calculated theta: 0.3653 based on sheep population: 31.65",
            "Calculated theta: 0.3587 based on sheep population: 30.77",
            "Calculated theta: 0.3592 based on sheep population: 30.83",
            "Calculated theta: 0.3655 based on sheep population: 31.68",
            "Calculated theta: 0.3770 based on sheep population: 33.29",
            "Calculated theta: 0.3918 based on sheep population: 35.43"
        ],
        "vocalizations": [
            "Calculated theta: 0.5257 based on sheep population: 60.96",
            "Calculated theta: 0.5055 based on sheep population: 56.23",
            "Calculated theta: 0.4749 based on sheep population: 49.74",
            "Calculated theta: 0.4402 based on sheep population: 43.25",
            "Calculated theta: 0.4069 based on sheep population: 37.73",
            "Calculated theta: 0.3810 based on sheep population: 33.86",
            "Calculated theta: 0.3653 based on sheep population: 31.65",
            "Calculated theta: 0.3587 based on sheep population: 30.77",
            "Calculated theta: 0.3592 based on sheep population: 30.83",
            "Calculated theta: 0.3655 based on sheep population: 31.68",
            "Calculated theta: 0.3770 based on sheep population: 33.29",
            "Calculated theta: 0.3918 based on sheep population: 35.43"
        ]
    }
}