{
    "wolf_id": 170,
    "beta": 0.1,
    "gamma": 1.5,
    "delta": 0.75,
    "alive": false,
    "born_at_step": 62,
    "died_at_step": 70,
    "thetas": [
        0.7643890982086539,
        0.47237890978336117,
        0.3534016806197033,
        0.28852954734719716,
        0.2602741560489631,
        0.2530086169384447,
        0.25749955085521214,
        0.26839959919434075,
        0.2845398388697402
    ],
    "decision_history": {
        "history_steps": [
            63,
            64,
            65,
            66,
            67,
            68,
            69,
            70
        ],
        "new_thetas": [
            0.47237890978336117,
            0.3534016806197033,
            0.28852954734719716,
            0.2602741560489631,
            0.2530086169384447,
            0.25749955085521214,
            0.26839959919434075,
            0.2845398388697402
        ],
        "prompts": [
            "N/A",
            "N/A",
            "N/A",
            "N/A",
            "N/A",
            "N/A",
            "N/A",
            "N/A"
        ],
        "explanations": [
            "Calculated theta: 0.4724 based on sheep population: 49.24",
            "Calculated theta: 0.3534 based on sheep population: 30.06",
            "Calculated theta: 0.2885 based on sheep population: 22.30",
            "Calculated theta: 0.2603 based on sheep population: 19.35",
            "Calculated theta: 0.2530 based on sheep population: 18.63",
            "Calculated theta: 0.2575 based on sheep population: 19.07",
            "Calculated theta: 0.2684 based on sheep population: 20.18",
            "Calculated theta: 0.2845 based on sheep population: 21.87"
        ],
        "vocalizations": [
            "Calculated theta: 0.4724 based on sheep population: 49.24",
            "Calculated theta: 0.3534 based on sheep population: 30.06",
            "Calculated theta: 0.2885 based on sheep population: 22.30",
            "Calculated theta: 0.2603 based on sheep population: 19.35",
            "Calculated theta: 0.2530 based on sheep population: 18.63",
            "Calculated theta: 0.2575 based on sheep population: 19.07",
            "Calculated theta: 0.2684 based on sheep population: 20.18",
            "Calculated theta: 0.2845 based on sheep population: 21.87"
        ]
    }
}