{
    "wolf_id": 82,
    "beta": 0.1,
    "gamma": 1.5,
    "delta": 0.75,
    "alive": false,
    "born_at_step": 36,
    "died_at_step": 41,
    "thetas": [
        0.7230386553849281,
        0.6506235450580047,
        0.6426667234067093,
        0.5942719501747415,
        0.4681558963886992,
        0.32100990782445576
    ],
    "decision_history": {
        "history_steps": [
            37,
            38,
            39,
            40,
            41
        ],
        "new_thetas": [
            0.6506235450580047,
            0.6426667234067093,
            0.5942719501747415,
            0.4681558963886992,
            0.32100990782445576
        ],
        "prompts": [
            "N/A",
            "N/A",
            "N/A",
            "N/A",
            "N/A"
        ],
        "explanations": [
            "Calculated theta: 0.6506 based on sheep population: 102.42",
            "Calculated theta: 0.6427 based on sheep population: 98.92",
            "Calculated theta: 0.5943 based on sheep population: 80.56",
            "Calculated theta: 0.4682 based on sheep population: 48.41",
            "Calculated theta: 0.3210 based on sheep population: 26.00"
        ],
        "vocalizations": [
            "Calculated theta: 0.6506 based on sheep population: 102.42",
            "Calculated theta: 0.6427 based on sheep population: 98.92",
            "Calculated theta: 0.5943 based on sheep population: 80.56",
            "Calculated theta: 0.4682 based on sheep population: 48.41",
            "Calculated theta: 0.3210 based on sheep population: 26.00"
        ]
    }
}