{
    "wolf_id": 552,
    "beta": 0.1,
    "gamma": 1.5,
    "delta": 0.75,
    "alive": false,
    "born_at_step": 340,
    "died_at_step": 367,
    "thetas": [
        0.13094029207119595,
        0.5356431343863934,
        0.5175634623303113,
        0.48828824172036933,
        0.45078433329365225,
        0.41508794275160377,
        0.3874163073615554,
        0.3657341590104778,
        0.3549352417096066,
        0.3539164549784358,
        0.3588238948145753,
        0.36900980839923914,
        0.3842684482200776,
        0.40059568093687214,
        0.4202501834807342,
        0.44116451522125355,
        0.461026507645757,
        0.47980212826991964,
        0.4974831313143339,
        0.5140817792251835,
        0.5267200796898823,
        0.5323903876835442,
        0.5312829516706989,
        0.5205163124583422,
        0.4976840360070451,
        0.4650716977391276,
        0.42927859564639065,
        0.39845002517299116
    ],
    "decision_history": {
        "history_steps": [
            341,
            342,
            343,
            344,
            345,
            346,
            347,
            348,
            349,
            350,
            351,
            352,
            353,
            354,
            355,
            356,
            357,
            358,
            359,
            360,
            361,
            362,
            363,
            364,
            365,
            366,
            367
        ],
        "new_thetas": [
            0.5356431343863934,
            0.5175634623303113,
            0.48828824172036933,
            0.45078433329365225,
            0.41508794275160377,
            0.3874163073615554,
            0.3657341590104778,
            0.3549352417096066,
            0.3539164549784358,
            0.3588238948145753,
            0.36900980839923914,
            0.3842684482200776,
            0.40059568093687214,
            0.4202501834807342,
            0.44116451522125355,
            0.461026507645757,
            0.47980212826991964,
            0.4974831313143339,
            0.5140817792251835,
            0.5267200796898823,
            0.5323903876835442,
            0.5312829516706989,
            0.5205163124583422,
            0.4976840360070451,
            0.4650716977391276,
            0.42927859564639065,
            0.39845002517299116
        ],
        "prompts": [
            "N/A",
            "N/A",
            "N/A",
            "N/A",
            "N/A",
            "N/A",
            "N/A",
            "N/A",
            "N/A",
            "N/A",
            "N/A",
            "N/A",
            "N/A",
            "N/A",
            "N/A",
            "N/A",
            "N/A",
            "N/A",
            "N/A",
            "N/A",
            "N/A",
            "N/A",
            "N/A",
            "N/A",
            "N/A",
            "N/A",
            "N/A"
        ],
        "explanations": [
            "Calculated theta: 0.5356 based on sheep population: 63.44",
            "Calculated theta: 0.5176 based on sheep population: 59.00",
            "Calculated theta: 0.4883 based on sheep population: 52.48",
            "Calculated theta: 0.4508 based on sheep population: 45.14",
            "Calculated theta: 0.4151 based on sheep population: 39.03",
            "Calculated theta: 0.3874 based on sheep population: 34.78",
            "Calculated theta: 0.3657 based on sheep population: 31.71",
            "Calculated theta: 0.3549 based on sheep population: 30.26",
            "Calculated theta: 0.3539 based on sheep population: 30.13",
            "Calculated theta: 0.3588 based on sheep population: 30.78",
            "Calculated theta: 0.3690 based on sheep population: 32.16",
            "Calculated theta: 0.3843 based on sheep population: 34.32",
            "Calculated theta: 0.4006 based on sheep population: 36.76",
            "Calculated theta: 0.4203 based on sheep population: 39.87",
            "Calculated theta: 0.4412 based on sheep population: 43.42",
            "Calculated theta: 0.4610 based on sheep population: 47.05",
            "Calculated theta: 0.4798 based on sheep population: 50.73",
            "Calculated theta: 0.4975 based on sheep population: 54.45",
            "Calculated theta: 0.5141 based on sheep population: 58.19",
            "Calculated theta: 0.5267 based on sheep population: 61.21",
            "Calculated theta: 0.5324 based on sheep population: 62.62",
            "Calculated theta: 0.5313 based on sheep population: 62.34",
            "Calculated theta: 0.5205 based on sheep population: 59.71",
            "Calculated theta: 0.4977 based on sheep population: 54.49",
            "Calculated theta: 0.4651 based on sheep population: 47.82",
            "Calculated theta: 0.4293 based on sheep population: 41.37",
            "Calculated theta: 0.3985 based on sheep population: 36.43"
        ],
        "vocalizations": [
            "Calculated theta: 0.5356 based on sheep population: 63.44",
            "Calculated theta: 0.5176 based on sheep population: 59.00",
            "Calculated theta: 0.4883 based on sheep population: 52.48",
            "Calculated theta: 0.4508 based on sheep population: 45.14",
            "Calculated theta: 0.4151 based on sheep population: 39.03",
            "Calculated theta: 0.3874 based on sheep population: 34.78",
            "Calculated theta: 0.3657 based on sheep population: 31.71",
            "Calculated theta: 0.3549 based on sheep population: 30.26",
            "Calculated theta: 0.3539 based on sheep population: 30.13",
            "Calculated theta: 0.3588 based on sheep population: 30.78",
            "Calculated theta: 0.3690 based on sheep population: 32.16",
            "Calculated theta: 0.3843 based on sheep population: 34.32",
            "Calculated theta: 0.4006 based on sheep population: 36.76",
            "Calculated theta: 0.4203 based on sheep population: 39.87",
            "Calculated theta: 0.4412 based on sheep population: 43.42",
            "Calculated theta: 0.4610 based on sheep population: 47.05",
            "Calculated theta: 0.4798 based on sheep population: 50.73",
            "Calculated theta: 0.4975 based on sheep population: 54.45",
            "Calculated theta: 0.5141 based on sheep population: 58.19",
            "Calculated theta: 0.5267 based on sheep population: 61.21",
            "Calculated theta: 0.5324 based on sheep population: 62.62",
            "Calculated theta: 0.5313 based on sheep population: 62.34",
            "Calculated theta: 0.5205 based on sheep population: 59.71",
            "Calculated theta: 0.4977 based on sheep population: 54.49",
            "Calculated theta: 0.4651 based on sheep population: 47.82",
            "Calculated theta: 0.4293 based on sheep population: 41.37",
            "Calculated theta: 0.3985 based on sheep population: 36.43"
        ]
    }
}