{
    "wolf_id": 74,
    "beta": 0.1,
    "gamma": 1.5,
    "delta": 0.75,
    "alive": false,
    "born_at_step": 82,
    "died_at_step": 110,
    "thetas": [
        0.6882660494956245,
        0.4214378509514875,
        0.4220827520049237,
        0.42042246802881467,
        0.41659217150957,
        0.40962941680737547,
        0.40099791357922293,
        0.38985027093118463,
        0.3776976455548279,
        0.36480898581982707,
        0.3514403625130992,
        0.33874393121192226,
        0.3275719043345266,
        0.31770852292007606,
        0.3089724465425,
        0.3019523353103868,
        0.2970930952080661,
        0.293388085256386,
        0.2913657693903733,
        0.29083665305429535,
        0.2910067071067612,
        0.29248271681985577,
        0.2945286221198906,
        0.29778911286387194,
        0.30155537207899713,
        0.3058235263043,
        0.3105940410881494,
        0.31587139085820026,
        0.3216638109958151
    ],
    "decision_history": {
        "history_steps": [
            83,
            84,
            85,
            86,
            87,
            88,
            89,
            90,
            91,
            92,
            93,
            94,
            95,
            96,
            97,
            98,
            99,
            100,
            101,
            102,
            103,
            104,
            105,
            106,
            107,
            108,
            109,
            110
        ],
        "new_thetas": [
            0.4214378509514875,
            0.4220827520049237,
            0.42042246802881467,
            0.41659217150957,
            0.40962941680737547,
            0.40099791357922293,
            0.38985027093118463,
            0.3776976455548279,
            0.36480898581982707,
            0.3514403625130992,
            0.33874393121192226,
            0.3275719043345266,
            0.31770852292007606,
            0.3089724465425,
            0.3019523353103868,
            0.2970930952080661,
            0.293388085256386,
            0.2913657693903733,
            0.29083665305429535,
            0.2910067071067612,
            0.29248271681985577,
            0.2945286221198906,
            0.29778911286387194,
            0.30155537207899713,
            0.3058235263043,
            0.3105940410881494,
            0.31587139085820026,
            0.3216638109958151
        ],
        "prompts": [
            "N/A",
            "N/A",
            "N/A",
            "N/A",
            "N/A",
            "N/A",
            "N/A",
            "N/A",
            "N/A",
            "N/A",
            "N/A",
            "N/A",
            "N/A",
            "N/A",
            "N/A",
            "N/A",
            "N/A",
            "N/A",
            "N/A",
            "N/A",
            "N/A",
            "N/A",
            "N/A",
            "N/A",
            "N/A",
            "N/A",
            "N/A",
            "N/A"
        ],
        "explanations": [
            "Calculated theta: 0.4214 based on sheep population: 80.13",
            "Calculated theta: 0.4221 based on sheep population: 80.34",
            "Calculated theta: 0.4204 based on sheep population: 79.79",
            "Calculated theta: 0.4166 based on sheep population: 78.55",
            "Calculated theta: 0.4096 based on sheep population: 76.32",
            "Calculated theta: 0.4010 based on sheep population: 73.64",
            "Calculated theta: 0.3899 based on sheep population: 70.28",
            "Calculated theta: 0.3777 based on sheep population: 66.76",
            "Calculated theta: 0.3648 based on sheep population: 63.18",
            "Calculated theta: 0.3514 based on sheep population: 59.61",
            "Calculated theta: 0.3387 based on sheep population: 56.35",
            "Calculated theta: 0.3276 based on sheep population: 53.59",
            "Calculated theta: 0.3177 based on sheep population: 51.22",
            "Calculated theta: 0.3090 based on sheep population: 49.18",
            "Calculated theta: 0.3020 based on sheep population: 47.58",
            "Calculated theta: 0.2971 based on sheep population: 46.49",
            "Calculated theta: 0.2934 based on sheep population: 45.67",
            "Calculated theta: 0.2914 based on sheep population: 45.23",
            "Calculated theta: 0.2908 based on sheep population: 45.11",
            "Calculated theta: 0.2910 based on sheep population: 45.15",
            "Calculated theta: 0.2925 based on sheep population: 45.47",
            "Calculated theta: 0.2945 based on sheep population: 45.92",
            "Calculated theta: 0.2978 based on sheep population: 46.65",
            "Calculated theta: 0.3016 based on sheep population: 47.49",
            "Calculated theta: 0.3058 based on sheep population: 48.46",
            "Calculated theta: 0.3106 based on sheep population: 49.56",
            "Calculated theta: 0.3159 based on sheep population: 50.79",
            "Calculated theta: 0.3217 based on sheep population: 52.16"
        ],
        "vocalizations": [
            "Calculated theta: 0.4214 based on sheep population: 80.13",
            "Calculated theta: 0.4221 based on sheep population: 80.34",
            "Calculated theta: 0.4204 based on sheep population: 79.79",
            "Calculated theta: 0.4166 based on sheep population: 78.55",
            "Calculated theta: 0.4096 based on sheep population: 76.32",
            "Calculated theta: 0.4010 based on sheep population: 73.64",
            "Calculated theta: 0.3899 based on sheep population: 70.28",
            "Calculated theta: 0.3777 based on sheep population: 66.76",
            "Calculated theta: 0.3648 based on sheep population: 63.18",
            "Calculated theta: 0.3514 based on sheep population: 59.61",
            "Calculated theta: 0.3387 based on sheep population: 56.35",
            "Calculated theta: 0.3276 based on sheep population: 53.59",
            "Calculated theta: 0.3177 based on sheep population: 51.22",
            "Calculated theta: 0.3090 based on sheep population: 49.18",
            "Calculated theta: 0.3020 based on sheep population: 47.58",
            "Calculated theta: 0.2971 based on sheep population: 46.49",
            "Calculated theta: 0.2934 based on sheep population: 45.67",
            "Calculated theta: 0.2914 based on sheep population: 45.23",
            "Calculated theta: 0.2908 based on sheep population: 45.11",
            "Calculated theta: 0.2910 based on sheep population: 45.15",
            "Calculated theta: 0.2925 based on sheep population: 45.47",
            "Calculated theta: 0.2945 based on sheep population: 45.92",
            "Calculated theta: 0.2978 based on sheep population: 46.65",
            "Calculated theta: 0.3016 based on sheep population: 47.49",
            "Calculated theta: 0.3058 based on sheep population: 48.46",
            "Calculated theta: 0.3106 based on sheep population: 49.56",
            "Calculated theta: 0.3159 based on sheep population: 50.79",
            "Calculated theta: 0.3217 based on sheep population: 52.16"
        ]
    }
}