{
    "wolf_id": 35,
    "beta": 0.1,
    "gamma": 1.5,
    "delta": 0.75,
    "alive": false,
    "born_at_step": 45,
    "died_at_step": 59,
    "thetas": [
        0.14049670129941905,
        0.48540264625467405,
        0.4656375355507497,
        0.4367891712834182,
        0.40271059750803706,
        0.3672370826604425,
        0.33441099415634373,
        0.3064128954431738,
        0.2839834661223115,
        0.2670867843618373,
        0.2548293474754061,
        0.24658148505973124,
        0.2414409668997943,
        0.23883104584479878,
        0.23838384853960978
    ],
    "decision_history": {
        "history_steps": [
            46,
            47,
            48,
            49,
            50,
            51,
            52,
            53,
            54,
            55,
            56,
            57,
            58,
            59
        ],
        "new_thetas": [
            0.48540264625467405,
            0.4656375355507497,
            0.4367891712834182,
            0.40271059750803706,
            0.3672370826604425,
            0.33441099415634373,
            0.3064128954431738,
            0.2839834661223115,
            0.2670867843618373,
            0.2548293474754061,
            0.24658148505973124,
            0.2414409668997943,
            0.23883104584479878,
            0.23838384853960978
        ],
        "prompts": [
            "N/A",
            "N/A",
            "N/A",
            "N/A",
            "N/A",
            "N/A",
            "N/A",
            "N/A",
            "N/A",
            "N/A",
            "N/A",
            "N/A",
            "N/A",
            "N/A"
        ],
        "explanations": [
            "Calculated theta: 0.4854 based on sheep population: 103.76",
            "Calculated theta: 0.4656 based on sheep population: 95.85",
            "Calculated theta: 0.4368 based on sheep population: 85.31",
            "Calculated theta: 0.4027 based on sheep population: 74.17",
            "Calculated theta: 0.3672 based on sheep population: 63.84",
            "Calculated theta: 0.3344 based on sheep population: 55.27",
            "Calculated theta: 0.3064 based on sheep population: 48.60",
            "Calculated theta: 0.2840 based on sheep population: 43.63",
            "Calculated theta: 0.2671 based on sheep population: 40.09",
            "Calculated theta: 0.2548 based on sheep population: 37.62",
            "Calculated theta: 0.2466 based on sheep population: 36.00",
            "Calculated theta: 0.2414 based on sheep population: 35.01",
            "Calculated theta: 0.2388 based on sheep population: 34.51",
            "Calculated theta: 0.2384 based on sheep population: 34.43"
        ],
        "vocalizations": [
            "Calculated theta: 0.4854 based on sheep population: 103.76",
            "Calculated theta: 0.4656 based on sheep population: 95.85",
            "Calculated theta: 0.4368 based on sheep population: 85.31",
            "Calculated theta: 0.4027 based on sheep population: 74.17",
            "Calculated theta: 0.3672 based on sheep population: 63.84",
            "Calculated theta: 0.3344 based on sheep population: 55.27",
            "Calculated theta: 0.3064 based on sheep population: 48.60",
            "Calculated theta: 0.2840 based on sheep population: 43.63",
            "Calculated theta: 0.2671 based on sheep population: 40.09",
            "Calculated theta: 0.2548 based on sheep population: 37.62",
            "Calculated theta: 0.2466 based on sheep population: 36.00",
            "Calculated theta: 0.2414 based on sheep population: 35.01",
            "Calculated theta: 0.2388 based on sheep population: 34.51",
            "Calculated theta: 0.2384 based on sheep population: 34.43"
        ]
    }
}