{
    "wolf_id": 137,
    "beta": 0.1,
    "gamma": 1.5,
    "delta": 0.75,
    "alive": true,
    "born_at_step": 433,
    "died_at_step": null,
    "thetas": [
        0.6370949112018713,
        0.34945881254906874,
        0.3477188366140628,
        0.346105091956318,
        0.34460790300233857,
        0.3432183994681617,
        0.3419284419926966,
        0.34073055539122876,
        0.339617868688178,
        0.33858406118223766,
        0.3376233138816432,
        0.3367302657230225,
        0.3358999740546732,
        0.33512787892490714,
        0.33523192252530554,
        0.33532909791009635,
        0.3354198564204057,
        0.33550462000140885,
        0.33640534452936594,
        0.337249903679026,
        0.33804164819149096,
        0.33878374853444276,
        0.3403111939556741,
        0.34174808918678395,
        0.343099381246514,
        0.34436980162766845,
        0.3455638680782134,
        0.34668588766668756,
        0.34773996089505577,
        0.3487299866524509,
        0.3496596678306062,
        0.3505325174463226,
        0.35135186513819544,
        0.35212086392424996,
        0.35284249712428817,
        0.35351958536584155,
        0.35415479360584146,
        0.35475063811165636,
        0.35530949335517503,
        0.35493853603264075,
        0.3545920709123869,
        0.3542684589402119,
        0.3530726299215717,
        0.3519600503740376,
        0.3509246923199626,
        0.3499609927466401,
        0.3481844782582845,
        0.3465370087939174,
        0.3450086730913533,
        0.34359038709529083,
        0.34227381733334683,
        0.34105131216135315,
        0.33991584000945596,
        0.33886093385722804,
        0.3378806412531753,
        0.33696947927212445,
        0.3361223938735807,
        0.33533472318596846,
        0.33542511017651483,
        0.3355095266750375,
        0.33558836551668597,
        0.33566199388820706,
        0.3365529173164869,
        0.3373882585225897,
        0.33817133708274216,
        0.3389052934900862,
        0.34042555048002987
    ],
    "decision_history": {
        "history_steps": [
            434,
            435,
            436,
            437,
            438,
            439,
            440,
            441,
            442,
            443,
            444,
            445,
            446,
            447,
            448,
            449,
            450,
            451,
            452,
            453,
            454,
            455,
            456,
            457,
            458,
            459,
            460,
            461,
            462,
            463,
            464,
            465,
            466,
            467,
            468,
            469,
            470,
            471,
            472,
            473,
            474,
            475,
            476,
            477,
            478,
            479,
            480,
            481,
            482,
            483,
            484,
            485,
            486,
            487,
            488,
            489,
            490,
            491,
            492,
            493,
            494,
            495,
            496,
            497,
            498,
            499
        ],
        "new_thetas": [
            0.34945881254906874,
            0.3477188366140628,
            0.346105091956318,
            0.34460790300233857,
            0.3432183994681617,
            0.3419284419926966,
            0.34073055539122876,
            0.339617868688178,
            0.33858406118223766,
            0.3376233138816432,
            0.3367302657230225,
            0.3358999740546732,
            0.33512787892490714,
            0.33523192252530554,
            0.33532909791009635,
            0.3354198564204057,
            0.33550462000140885,
            0.33640534452936594,
            0.337249903679026,
            0.33804164819149096,
            0.33878374853444276,
            0.3403111939556741,
            0.34174808918678395,
            0.343099381246514,
            0.34436980162766845,
            0.3455638680782134,
            0.34668588766668756,
            0.34773996089505577,
            0.3487299866524509,
            0.3496596678306062,
            0.3505325174463226,
            0.35135186513819544,
            0.35212086392424996,
            0.35284249712428817,
            0.35351958536584155,
            0.35415479360584146,
            0.35475063811165636,
            0.35530949335517503,
            0.35493853603264075,
            0.3545920709123869,
            0.3542684589402119,
            0.3530726299215717,
            0.3519600503740376,
            0.3509246923199626,
            0.3499609927466401,
            0.3481844782582845,
            0.3465370087939174,
            0.3450086730913533,
            0.34359038709529083,
            0.34227381733334683,
            0.34105131216135315,
            0.33991584000945596,
            0.33886093385722804,
            0.3378806412531753,
            0.33696947927212445,
            0.3361223938735807,
            0.33533472318596846,
            0.33542511017651483,
            0.3355095266750375,
            0.33558836551668597,
            0.33566199388820706,
            0.3365529173164869,
            0.3373882585225897,
            0.33817133708274216,
            0.3389052934900862,
            0.34042555048002987
        ],
        "prompts": [
            "N/A",
            "N/A",
            "N/A",
            "N/A",
            "N/A",
            "N/A",
            "N/A",
            "N/A",
            "N/A",
            "N/A",
            "N/A",
            "N/A",
            "N/A",
            "N/A",
            "N/A",
            "N/A",
            "N/A",
            "N/A",
            "N/A",
            "N/A",
            "N/A",
            "N/A",
            "N/A",
            "N/A",
            "N/A",
            "N/A",
            "N/A",
            "N/A",
            "N/A",
            "N/A",
            "N/A",
            "N/A",
            "N/A",
            "N/A",
            "N/A",
            "N/A",
            "N/A",
            "N/A",
            "N/A",
            "N/A",
            "N/A",
            "N/A",
            "N/A",
            "N/A",
            "N/A",
            "N/A",
            "N/A",
            "N/A",
            "N/A",
            "N/A",
            "N/A",
            "N/A",
            "N/A",
            "N/A",
            "N/A",
            "N/A",
            "N/A",
            "N/A",
            "N/A",
            "N/A",
            "N/A",
            "N/A",
            "N/A",
            "N/A",
            "N/A",
            "N/A"
        ],