{
    "wolf_id": 195,
    "beta": 0.1,
    "gamma": 1.5,
    "delta": 0.75,
    "alive": false,
    "born_at_step": 283,
    "died_at_step": 310,
    "thetas": [
        0.5,
        0.7922056589055765,
        0.7636067396492162,
        0.7306138214987377,
        0.6956657218108209,
        0.6615561048913616,
        0.628940322604974,
        0.6020200321294545,
        0.580444155716101,
        0.5637292639567875,
        0.5513816721351955,
        0.5445079630224989,
        0.541058871060003,
        0.5407661706854406,
        0.5419613117379344,
        0.5460301786273618,
        0.5513988654866523,
        0.5594827151343934,
        0.5687611646028299,
        0.5792178086891341,
        0.5908372798690267,
        0.6021225666603206,
        0.6145702408851635,
        0.6281533601034663,
        0.6413423011237817,
        0.6541347855595769,
        0.668037118703122,
        0.6814965808901137
    ],
    "decision_history": {
        "history_steps": [
            284,
            285,
            286,
            287,
            288,
            289,
            290,
            291,
            292,
            293,
            294,
            295,
            296,
            297,
            298,
            299,
            300,
            301,
            302,
            303,
            304,
            305,
            306,
            307,
            308,
            309,
            310
        ],
        "new_thetas": [
            0.7922056589055765,
            0.7636067396492162,
            0.7306138214987377,
            0.6956657218108209,
            0.6615561048913616,
            0.628940322604974,
            0.6020200321294545,
            0.580444155716101,
            0.5637292639567875,
            0.5513816721351955,
            0.5445079630224989,
            0.541058871060003,
            0.5407661706854406,
            0.5419613117379344,
            0.5460301786273618,
            0.5513988654866523,
            0.5594827151343934,
            0.5687611646028299,
            0.5792178086891341,
            0.5908372798690267,
            0.6021225666603206,
            0.6145702408851635,
            0.6281533601034663,
            0.6413423011237817,
            0.6541347855595769,
            0.668037118703122,
            0.6814965808901137
        ],
        "prompts": [
            "N/A",
            "N/A",
            "N/A",
            "N/A",
            "N/A",
            "N/A",
            "N/A",
            "N/A",
            "N/A",
            "N/A",
            "N/A",
            "N/A",
            "N/A",
            "N/A",
            "N/A",
            "N/A",
            "N/A",
            "N/A",
            "N/A",
            "N/A",
            "N/A",
            "N/A",
            "N/A",
            "N/A",
            "N/A",
            "N/A",
            "N/A"
        ],
        "explanations": [
            "Calculated theta: 0.7922 based on sheep population: 38.12",
            "Calculated theta: 0.7636 based on sheep population: 32.30",
            "Calculated theta: 0.7306 based on sheep population: 27.12",
            "Calculated theta: 0.6957 based on sheep population: 22.86",
            "Calculated theta: 0.6616 based on sheep population: 19.55",
            "Calculated theta: 0.6289 based on sheep population: 16.95",
            "Calculated theta: 0.6020 based on sheep population: 15.13",
            "Calculated theta: 0.5804 based on sheep population: 13.83",
            "Calculated theta: 0.5637 based on sheep population: 12.92",
            "Calculated theta: 0.5514 based on sheep population: 12.29",
            "Calculated theta: 0.5445 based on sheep population: 11.95",
            "Calculated theta: 0.5411 based on sheep population: 11.79",
            "Calculated theta: 0.5408 based on sheep population: 11.78",
            "Calculated theta: 0.5420 based on sheep population: 11.83",
            "Calculated theta: 0.5460 based on sheep population: 12.03",
            "Calculated theta: 0.5514 based on sheep population: 12.29",
            "Calculated theta: 0.5595 based on sheep population: 12.70",
            "Calculated theta: 0.5688 based on sheep population: 13.19",
            "Calculated theta: 0.5792 based on sheep population: 13.77",
            "Calculated theta: 0.5908 based on sheep population: 14.44",
            "Calculated theta: 0.6021 based on sheep population: 15.13",
            "Calculated theta: 0.6146 based on sheep population: 15.94",
            "Calculated theta: 0.6282 based on sheep population: 16.89",
            "Calculated theta: 0.6413 based on sheep population: 17.88",
            "Calculated theta: 0.6541 based on sheep population: 18.91",
            "Calculated theta: 0.6680 based on sheep population: 20.12",
            "Calculated theta: 0.6815 based on sheep population: 21.40"
        ],
        "vocalizations": [
            "Calculated theta: 0.7922 based on sheep population: 38.12",
            "Calculated theta: 0.7636 based on sheep population: 32.30",
            "Calculated theta: 0.7306 based on sheep population: 27.12",
            "Calculated theta: 0.6957 based on sheep population: 22.86",
            "Calculated theta: 0.6616 based on sheep population: 19.55",
            "Calculated theta: 0.6289 based on sheep population: 16.95",
            "Calculated theta: 0.6020 based on sheep population: 15.13",
            "Calculated theta: 0.5804 based on sheep population: 13.83",
            "Calculated theta: 0.5637 based on sheep population: 12.92",
            "Calculated theta: 0.5514 based on sheep population: 12.29",
            "Calculated theta: 0.5445 based on sheep population: 11.95",
            "Calculated theta: 0.5411 based on sheep population: 11.79",
            "Calculated theta: 0.5408 based on sheep population: 11.78",
            "Calculated theta: 0.5420 based on sheep population: 11.83",
            "Calculated theta: 0.5460 based on sheep population: 12.03",
            "Calculated theta: 0.5514 based on sheep population: 12.29",
            "Calculated theta: 0.5595 based on sheep population: 12.70",
            "Calculated theta: 0.5688 based on sheep population: 13.19",
            "Calculated theta: 0.5792 based on sheep population: 13.77",
            "Calculated theta: 0.5908 based on sheep population: 14.44",
            "Calculated theta: 0.6021 based on sheep population: 15.13",
            "Calculated theta: 0.6146 based on sheep population: 15.94",
            "Calculated theta: 0.6282 based on sheep population: 16.89",
            "Calculated theta: 0.6413 based on sheep population: 17.88",
            "Calculated theta: 0.6541 based on sheep population: 18.91",
            "Calculated theta: 0.6680 based on sheep population: 20.12",
            "Calculated theta: 0.6815 based on sheep population: 21.40"
        ]
    }
}