{
    "wolf_id": 40,
    "beta": 0.1,
    "gamma": 1.5,
    "delta": 0.75,
    "alive": false,
    "born_at_step": 35,
    "died_at_step": 64,
    "thetas": [
        0.5,
        0.7814085080763271,
        0.7407167431079942,
        0.6952358970392701,
        0.6508200285527995,
        0.6088456143421335,
        0.5739839958322211,
        0.54747977273324,
        0.5281987349124218,
        0.5151204960781786,
        0.5059610409485475,
        0.5017060986909677,
        0.5004890157473515,
        0.502086014558293,
        0.5063382224308929,
        0.5131404178256359,
        0.521069852130042,
        0.5314896459991689,
        0.5429983636655059,
        0.5555984981647423,
        0.56929094962854,
        0.5826356548567865,
        0.59708369540376,
        0.6111516588814493,
        0.6263129132217822,
        0.6410500740109459,
        0.6568432331443618,
        0.6721538408564928,
        0.6869714715395513,
        0.7012892790223535
    ],
    "decision_history": {
        "history_steps": [
            36,
            37,
            38,
            39,
            40,
            41,
            42,
            43,
            44,
            45,
            46,
            47,
            48,
            49,
            50,
            51,
            52,
            53,
            54,
            55,
            56,
            57,
            58,
            59,
            60,
            61,
            62,
            63,
            64
        ],
        "new_thetas": [
            0.7814085080763271,
            0.7407167431079942,
            0.6952358970392701,
            0.6508200285527995,
            0.6088456143421335,
            0.5739839958322211,
            0.54747977273324,
            0.5281987349124218,
            0.5151204960781786,
            0.5059610409485475,
            0.5017060986909677,
            0.5004890157473515,
            0.502086014558293,
            0.5063382224308929,
            0.5131404178256359,
            0.521069852130042,
            0.5314896459991689,
            0.5429983636655059,
            0.5555984981647423,
            0.56929094962854,
            0.5826356548567865,
            0.59708369540376,
            0.6111516588814493,
            0.6263129132217822,
            0.6410500740109459,
            0.6568432331443618,
            0.6721538408564928,
            0.6869714715395513,
            0.7012892790223535
        ],
        "prompts": [
            "N/A",
            "N/A",
            "N/A",
            "N/A",
            "N/A",
            "N/A",
            "N/A",
            "N/A",
            "N/A",
            "N/A",
            "N/A",
            "N/A",
            "N/A",
            "N/A",
            "N/A",
            "N/A",
            "N/A",
            "N/A",
            "N/A",
            "N/A",
            "N/A",
            "N/A",
            "N/A",
            "N/A",
            "N/A",
            "N/A",
            "N/A",
            "N/A",
            "N/A"
        ],
        "explanations": [
            "Calculated theta: 0.7814 based on sheep population: 35.75",
            "Calculated theta: 0.7407 based on sheep population: 28.57",
            "Calculated theta: 0.6952 based on sheep population: 22.81",
            "Calculated theta: 0.6508 based on sheep population: 18.64",
            "Calculated theta: 0.6088 based on sheep population: 15.57",
            "Calculated theta: 0.5740 based on sheep population: 13.47",
            "Calculated theta: 0.5475 based on sheep population: 12.10",
            "Calculated theta: 0.5282 based on sheep population: 11.20",
            "Calculated theta: 0.5151 based on sheep population: 10.62",
            "Calculated theta: 0.5060 based on sheep population: 10.24",
            "Calculated theta: 0.5017 based on sheep population: 10.07",
            "Calculated theta: 0.5005 based on sheep population: 10.02",
            "Calculated theta: 0.5021 based on sheep population: 10.08",
            "Calculated theta: 0.5063 based on sheep population: 10.26",
            "Calculated theta: 0.5131 based on sheep population: 10.54",
            "Calculated theta: 0.5211 based on sheep population: 10.88",
            "Calculated theta: 0.5315 based on sheep population: 11.34",
            "Calculated theta: 0.5430 based on sheep population: 11.88",
            "Calculated theta: 0.5556 based on sheep population: 12.50",
            "Calculated theta: 0.5693 based on sheep population: 13.22",
            "Calculated theta: 0.5826 based on sheep population: 13.96",
            "Calculated theta: 0.5971 based on sheep population: 14.82",
            "Calculated theta: 0.6112 based on sheep population: 15.72",
            "Calculated theta: 0.6263 based on sheep population: 16.76",
            "Calculated theta: 0.6411 based on sheep population: 17.86",
            "Calculated theta: 0.6568 based on sheep population: 19.14",
            "Calculated theta: 0.6722 based on sheep population: 20.50",
            "Calculated theta: 0.6870 based on sheep population: 21.95",
            "Calculated theta: 0.7013 based on sheep population: 23.48"
        ],
        "vocalizations": [
            "Calculated theta: 0.7814 based on sheep population: 35.75",
            "Calculated theta: 0.7407 based on sheep population: 28.57",
            "Calculated theta: 0.6952 based on sheep population: 22.81",
            "Calculated theta: 0.6508 based on sheep population: 18.64",
            "Calculated theta: 0.6088 based on sheep population: 15.57",
            "Calculated theta: 0.5740 based on sheep population: 13.47",
            "Calculated theta: 0.5475 based on sheep population: 12.10",
            "Calculated theta: 0.5282 based on sheep population: 11.20",
            "Calculated theta: 0.5151 based on sheep population: 10.62",
            "Calculated theta: 0.5060 based on sheep population: 10.24",
            "Calculated theta: 0.5017 based on sheep population: 10.07",
            "Calculated theta: 0.5005 based on sheep population: 10.02",
            "Calculated theta: 0.5021 based on sheep population: 10.08",
            "Calculated theta: 0.5063 based on sheep population: 10.26",
            "Calculated theta: 0.5131 based on sheep population: 10.54",
            "Calculated theta: 0.5211 based on sheep population: 10.88",
            "Calculated theta: 0.5315 based on sheep population: 11.34",
            "Calculated theta: 0.5430 based on sheep population: 11.88",
            "Calculated theta: 0.5556 based on sheep population: 12.50",
            "Calculated theta: 0.5693 based on sheep population: 13.22",
            "Calculated theta: 0.5826 based on sheep population: 13.96",
            "Calculated theta: 0.5971 based on sheep population: 14.82",
            "Calculated theta: 0.6112 based on sheep population: 15.72",
            "Calculated theta: 0.6263 based on sheep population: 16.76",
            "Calculated theta: 0.6411 based on sheep population: 17.86",
            "Calculated theta: 0.6568 based on sheep population: 19.14",
            "Calculated theta: 0.6722 based on sheep population: 20.50",
            "Calculated theta: 0.6870 based on sheep population: 21.95",
            "Calculated theta: 0.7013 based on sheep population: 23.48"
        ]
    }
}