{
    "wolf_id": 63,
    "beta": 0.1,
    "gamma": 1.5,
    "delta": 0.75,
    "alive": false,
    "born_at_step": 393,
    "died_at_step": 444,
    "thetas": [
        0.6166638385152571,
        0.9661156405325972,
        0.9635926159029773,
        0.9606964492924357,
        0.9573739221764578,
        0.953563630655829,
        0.9494590808643845,
        0.9450456777732121,
        0.9403094843802993,
        0.9352374876444488,
        0.9298178848634053,
        0.9240403853310868,
        0.9182924146843956,
        0.912218841556695,
        0.9062560416196028,
        0.9004661102083826,
        0.8949083378283322,
        0.8896381731054724,
        0.88470641607472,
        0.8801586400648729,
        0.8760348257879808,
        0.8723691809511103,
        0.8691901127576207,
        0.8659779007630751,
        0.8632854559143304,
        0.8611295097817975,
        0.859521474138842,
        0.8584677157348303,
        0.8574162333046443,
        0.8569234232219554,
        0.8569862511985558,
        0.8570486118954409,
        0.8576591712918039,
        0.8582636743642279,
        0.8594036200729748,
        0.8605294835348283,
        0.8621730474515602,
        0.8637922982748436,
        0.8659067938175863,
        0.8679847361753665,
        0.870530995773635,
        0.8730266345788738,
        0.875472668126711,
        0.8778700939613566,
        0.8806933064708169,
        0.8834524907112894,
        0.8861489973476888,
        0.8887841563273933,
        0.8917976152688298,
        0.894733314738959,
        0.8975930159703189,
        0.9003784565533217
    ],
    "decision_history": {
        "history_steps": [
            394,
            395,
            396,
            397,
            398,
            399,
            400,
            401,
            402,
            403,
            404,
            405,
            406,
            407,
            408,
            409,
            410,
            411,
            412,
            413,
            414,
            415,
            416,
            417,
            418,
            419,
            420,
            421,
            422,
            423,
            424,
            425,
            426,
            427,
            428,
            429,
            430,
            431,
            432,
            433,
            434,
            435,
            436,
            437,
            438,
            439,
            440,
            441,
            442,
            443,
            444
        ],
        "new_thetas": [
            0.9661156405325972,
            0.9635926159029773,
            0.9606964492924357,
            0.9573739221764578,
            0.953563630655829,
            0.9494590808643845,
            0.9450456777732121,
            0.9403094843802993,
            0.9352374876444488,
            0.9298178848634053,
            0.9240403853310868,
            0.9182924146843956,
            0.912218841556695,
            0.9062560416196028,
            0.9004661102083826,
            0.8949083378283322,
            0.8896381731054724,
            0.88470641607472,
            0.8801586400648729,
            0.8760348257879808,
            0.8723691809511103,
            0.8691901127576207,
            0.8659779007630751,
            0.8632854559143304,
            0.8611295097817975,
            0.859521474138842,
            0.8584677157348303,
            0.8574162333046443,
            0.8569234232219554,
            0.8569862511985558,
            0.8570486118954409,
            0.8576591712918039,
            0.8582636743642279,
            0.8594036200729748,
            0.8605294835348283,
            0.8621730474515602,
            0.8637922982748436,
            0.8659067938175863,
            0.8679847361753665,
            0.870530995773635,
            0.8730266345788738,
            0.875472668126711,
            0.8778700939613566,
            0.8806933064708169,
            0.8834524907112894,
            0.8861489973476888,
            0.8887841563273933,
            0.8917976152688298,
            0.894733314738959,
            0.8975930159703189,
            0.9003784565533217
        ],
        "prompts": [
            "N/A",
            "N/A",
            "N/A",
            "N/A",
            "N/A",
            "N/A",
            "N/A",
            "N/A",
            "N/A",
            "N/A",
            "N/A",
            "N/A",
            "N/A",
            "N/A",
            "N/A",
            "N/A",
            "N/A",
            "N/A",
            "N/A",
            "N/A",
            "N/A",
            "N/A",
            "N/A",
            "N/A",
            "N/A",
            "N/A",
            "N/A",
            "N/A",
            "N/A",
            "N/A",
            "N/A",
            "N/A",
            "N/A",
            "N/A",
            "N/A",
            "N/A",
            "N/A",
            "N/A",
            "N/A",
            "N/A",
            "N/A",
            "N/A",
            "N/A",
            "N/A",
            "N/A",
            "N/A",
            "N/A",
            "N/A",
            "N/A",
            "N/A",
            "N/A"
        ],