{
    "wolf_id": 78,
    "beta": 0.1,
    "gamma": 1.5,
    "delta": 0.75,
    "alive": true,
    "born_at_step": 497,
    "died_at_step": null,
    "thetas": [
        0.31058085996976137,
        0.9816746048707765,
        0.98126722159246
    ],
    "decision_history": {
        "history_steps": [
            498,
            499
        ],
        "new_thetas": [
            0.9816746048707765,
            0.98126722159246
        ],
        "prompts": [
            "N/A",
            "N/A"
        ],
        "explanations": [
            "Calculated theta: 0.9817 based on sheep population: 58.93",
            "Calculated theta: 0.9813 based on sheep population: 57.62"
        ],
        "vocalizations": [
            "Calculated theta: 0.9817 based on sheep population: 58.93",
            "Calculated theta: 0.9813 based on sheep population: 57.62"
        ]
    }
}