{
    "wolf_id": 52,
    "beta": 0.1,
    "gamma": 1.5,
    "delta": 0.75,
    "alive": false,
    "born_at_step": 384,
    "died_at_step": 417,
    "thetas": [
        0.8437186544450004,
        0.9767396021473159,
        0.9763547793317013,
        0.9758414719637843,
        0.9751915180050844,
        0.9742619375245654,
        0.9731619837862187,
        0.9718735254696886,
        0.9702194699016403,
        0.968311438534263,
        0.9661156405325972,
        0.9635926159029773,
        0.9606964492924357,
        0.9573739221764578,
        0.953563630655829,
        0.9494590808643845,
        0.9450456777732121,
        0.9403094843802993,
        0.9352374876444488,
        0.9298178848634053,
        0.9240403853310868,
        0.9182924146843956,
        0.912218841556695,
        0.9062560416196028,
        0.9004661102083826,
        0.8949083378283322,
        0.8896381731054724,
        0.88470641607472,
        0.8801586400648729,
        0.8760348257879808,
        0.8723691809511103,
        0.8691901127576207,
        0.8659779007630751,
        0.8632854559143304
    ],
    "decision_history": {
        "history_steps": [
            385,
            386,
            387,
            388,
            389,
            390,
            391,
            392,
            393,
            394,
            395,
            396,
            397,
            398,
            399,
            400,
            401,
            402,
            403,
            404,
            405,
            406,
            407,
            408,
            409,
            410,
            411,
            412,
            413,
            414,
            415,
            416,
            417
        ],
        "new_thetas": [
            0.9767396021473159,
            0.9763547793317013,
            0.9758414719637843,
            0.9751915180050844,
            0.9742619375245654,
            0.9731619837862187,
            0.9718735254696886,
            0.9702194699016403,
            0.968311438534263,
            0.9661156405325972,
            0.9635926159029773,
            0.9606964492924357,
            0.9573739221764578,
            0.953563630655829,
            0.9494590808643845,
            0.9450456777732121,
            0.9403094843802993,
            0.9352374876444488,
            0.9298178848634053,
            0.9240403853310868,
            0.9182924146843956,
            0.912218841556695,
            0.9062560416196028,
            0.9004661102083826,
            0.8949083378283322,
            0.8896381731054724,
            0.88470641607472,
            0.8801586400648729,
            0.8760348257879808,
            0.8723691809511103,
            0.8691901127576207,
            0.8659779007630751,
            0.8632854559143304
        ],
        "prompts": [
            "N/A",
            "N/A",
            "N/A",
            "N/A",
            "N/A",
            "N/A",
            "N/A",
            "N/A",
            "N/A",
            "N/A",
            "N/A",
            "N/A",
            "N/A",
            "N/A",
            "N/A",
            "N/A",
            "N/A",
            "N/A",
            "N/A",
            "N/A",
            "N/A",
            "N/A",
            "N/A",
            "N/A",
            "N/A",
            "N/A",
            "N/A",
            "N/A",
            "N/A",
            "N/A",
            "N/A",
            "N/A",
            "N/A"
        ],
        "explanations": [
            "Calculated theta: 0.9767 based on sheep population: 46.19",
            "Calculated theta: 0.9764 based on sheep population: 45.42",
            "Calculated theta: 0.9758 based on sheep population: 44.43",
            "Calculated theta: 0.9752 based on sheep population: 43.24",
            "Calculated theta: 0.9743 based on sheep population: 41.64",
            "Calculated theta: 0.9732 based on sheep population: 39.89",
            "Calculated theta: 0.9719 based on sheep population: 38.01",
            "Calculated theta: 0.9702 based on sheep population: 35.84",
            "Calculated theta: 0.9683 based on sheep population: 33.61",
            "Calculated theta: 0.9661 based on sheep population: 31.36",
            "Calculated theta: 0.9636 based on sheep population: 29.11",
            "Calculated theta: 0.9607 based on sheep population: 26.89",
            "Calculated theta: 0.9574 based on sheep population: 24.71",
            "Calculated theta: 0.9536 based on sheep population: 22.59",
            "Calculated theta: 0.9495 based on sheep population: 20.66",
            "Calculated theta: 0.9450 based on sheep population: 18.92",
            "Calculated theta: 0.9403 based on sheep population: 17.33",
            "Calculated theta: 0.9352 based on sheep population: 15.89",
            "Calculated theta: 0.9298 based on sheep population: 14.57",
            "Calculated theta: 0.9240 based on sheep population: 13.38",
            "Calculated theta: 0.9183 based on sheep population: 12.36",
            "Calculated theta: 0.9122 based on sheep population: 11.43",
            "Calculated theta: 0.9063 based on sheep population: 10.63",
            "Calculated theta: 0.9005 based on sheep population: 9.95",
            "Calculated theta: 0.8949 based on sheep population: 9.37",
            "Calculated theta: 0.8896 based on sheep population: 8.87",
            "Calculated theta: 0.8847 based on sheep population: 8.44",
            "Calculated theta: 0.8802 based on sheep population: 8.08",
            "Calculated theta: 0.8760 based on sheep population: 7.77",
            "Calculated theta: 0.8724 based on sheep population: 7.52",
            "Calculated theta: 0.8692 based on sheep population: 7.31",
            "Calculated theta: 0.8660 based on sheep population: 7.11",
            "Calculated theta: 0.8633 based on sheep population: 6.95"
        ],