{
    "wolf_id": 39,
    "beta": 0.1,
    "gamma": 1.5,
    "delta": 0.75,
    "alive": false,
    "born_at_step": 284,
    "died_at_step": 349,
    "thetas": [
        0.38728418197338577,
        0.9660012920857073,
        0.9645889844354721,
        0.9629366644319072,
        0.9612167879164412,
        0.9592205334901495,
        0.95713517210164,
        0.9547293109913871,
        0.95220794202697,
        0.9495676557351272,
        0.9468051713213332,
        0.9439173647132978,
        0.9409012979013894,
        0.9377542493549632,
        0.9344737452483929,
        0.9310575911852049,
        0.9275039040643327,
        0.9241710583528884,
        0.9207249067845744,
        0.9175484651203026,
        0.9146745860067976,
        0.9117328643586115,
        0.9091338399488081,
        0.9064864384777567,
        0.9042163919162043,
        0.9023437782677985,
        0.9004520905187934,
        0.8989800197274427,
        0.8974987761339365,
        0.8964528873445649,
        0.8958481981517529,
        0.8952439863363858,
        0.895084283301339,
        0.8949252341036359,
        0.8952081141640744,
        0.8954889358961431,
        0.895767720306021,
        0.8964794162783285,
        0.897183732275707,
        0.8983076008950545,
        0.8994163437589897,
        0.9005102155839436,
        0.9020021444951106,
        0.9034693969126086,
        0.9049124343493473,
        0.9063317087182553,
        0.9081179988351716,
        0.9098690940537363,
        0.911585713494515,
        0.9132685615506345,
        0.9152822318961304,
        0.9172494762742753,
        0.9191713338526023,
        0.9210488230885008,
        0.9228829419433501,
        0.9246746681110493,
        0.9267461433013072,
        0.928762248401737,
        0.9307243650255255,
        0.9326338466337895,
        0.9344920186718543,
        0.936300178741692,
        0.9380595968071264,
        0.9397715154286378,
        0.941437150024812,
        0.9430576891576841
    ],
    "decision_history": {
        "history_steps": [
            285,
            286,
            287,
            288,
            289,
            290,
            291,
            292,
            293,
            294,
            295,
            296,
            297,
            298,
            299,
            300,
            301,
            302,
            303,
            304,
            305,
            306,
            307,
            308,
            309,
            310,
            311,
            312,
            313,
            314,
            315,
            316,
            317,
            318,
            319,
            320,
            321,
            322,
            323,
            324,
            325,
            326,
            327,
            328,
            329,
            330,
            331,
            332,
            333,
            334,
            335,
            336,
            337,
            338,
            339,
            340,
            341,
            342,
            343,
            344,
            345,
            346,
            347,
            348,
            349
        ],
        "new_thetas": [
            0.9660012920857073,
            0.9645889844354721,
            0.9629366644319072,
            0.9612167879164412,
            0.9592205334901495,
            0.95713517210164,
            0.9547293109913871,
            0.95220794202697,
            0.9495676557351272,
            0.9468051713213332,
            0.9439173647132978,
            0.9409012979013894,
            0.9377542493549632,
            0.9344737452483929,
            0.9310575911852049,
            0.9275039040643327,
            0.9241710583528884,
            0.9207249067845744,
            0.9175484651203026,
            0.9146745860067976,
            0.9117328643586115,
            0.9091338399488081,
            0.9064864384777567,
            0.9042163919162043,
            0.9023437782677985,
            0.9004520905187934,
            0.8989800197274427,
            0.8974987761339365,
            0.8964528873445649,
            0.8958481981517529,
            0.8952439863363858,
            0.895084283301339,
            0.8949252341036359,
            0.8952081141640744,
            0.8954889358961431,
            0.895767720306021,
            0.8964794162783285,
            0.897183732275707,
            0.8983076008950545,
            0.8994163437589897,
            0.9005102155839436,
            0.9020021444951106,
            0.9034693969126086,
            0.9049124343493473,
            0.9063317087182553,
            0.9081179988351716,
            0.9098690940537363,
            0.911585713494515,
            0.9132685615506345,
            0.9152822318961304,
            0.9172494762742753,
            0.9191713338526023,
            0.9210488230885008,
            0.9228829419433501,
            0.9246746681110493,
            0.9267461433013072,
            0.928762248401737,
            0.9307243650255255,
            0.9326338466337895,
            0.9344920186718543,
            0.936300178741692,
            0.9380595968071264,
            0.9397715154286378,
            0.941437150024812,
            0.9430576891576841
        ],
        "prompts": [
            "N/A",
            "N/A",
            "N/A",
            "N/A",
            "N/A",
            "N/A",
            "N/A",
            "N/A",
            "N/A",
            "N/A",
            "N/A",
            "N/A",
            "N/A",
            "N/A",
            "N/A",
            "N/A",
            "N/A",
            "N/A",
            "N/A",
            "N/A",
            "N/A",
            "N/A",
            "N/A",
            "N/A",
            "N/A",
            "N/A",
            "N/A",
            "N/A",
            "N/A",
            "N/A",
            "N/A",
            "N/A",
            "N/A",
            "N/A",
            "N/A",
            "N/A",
            "N/A",
            "N/A",
            "N/A",
            "N/A",
            "N/A",
            "N/A",
            "N/A",
            "N/A",
            "N/A",
            "N/A",
            "N/A",
            "N/A",
            "N/A",
            "N/A",
            "N/A",
            "N/A",
            "N/A",
            "N/A",
            "N/A",
            "N/A",
            "N/A",
            "N/A",
            "N/A",
            "N/A",
            "N/A",
            "N/A",
            "N/A",
            "N/A",
            "N/A"
        ],