{
    "wolf_id": 0,
    "beta": 0.1,
    "gamma": 1.5,
    "delta": 0.75,
    "alive": false,
    "born_at_step": 0,
    "died_at_step": 3,
    "thetas": [
        0.5,
        0.0717303494808652,
        0.07296297148225298,
        0.07421338543891418,
        0.07548173606448451
    ],
    "decision_history": {
        "history_steps": [
            0,
            1,
            2,
            3
        ],
        "new_thetas": [
            0.0717303494808652,
            0.07296297148225298,
            0.07421338543891418,
            0.07548173606448451
        ],
        "prompts": [
            "N/A",
            "N/A",
            "N/A",
            "N/A"
        ],
        "explanations": [
            "Calculated theta: 0.0717 based on sheep population: 17.00",
            "Calculated theta: 0.0730 based on sheep population: 17.32",
            "Calculated theta: 0.0742 based on sheep population: 17.64",
            "Calculated theta: 0.0755 based on sheep population: 17.96"
        ],
        "vocalizations": [
            "Calculated theta: 0.0717 based on sheep population: 17.00",
            "Calculated theta: 0.0730 based on sheep population: 17.32",
            "Calculated theta: 0.0742 based on sheep population: 17.64",
            "Calculated theta: 0.0755 based on sheep population: 17.96"
        ]
    }
}