{
    "wolf_id": 76,
    "beta": 0.1,
    "gamma": 1.5,
    "delta": 0.75,
    "alive": true,
    "born_at_step": 459,
    "died_at_step": null,
    "thetas": [
        0.6178454335619231,
        0.2632539066476103,
        0.2626535985803307,
        0.26206438724560077,
        0.2614860400706822,
        0.2609183301899631,
        0.2603610362811793,
        0.25981394240695305,
        0.2592768378614604,
        0.2587495170220499,
        0.2582317792056396,
        0.2577234285297241,
        0.2572242737778324,
        0.2567341282692816,
        0.25625280973307507,
        0.2557801401858034,
        0.25531594581340766,
        0.25486005685667157,
        0.25441230750031363,
        0.2539725357655544,
        0.2535405834060401,
        0.25311629580700534,
        0.2526995218875655,
        0.2522901140060299,
        0.2518879278681333,
        0.2514928224380861,
        0.2511046598523465,
        0.2507233053360226,
        0.2503486271218156,
        0.24998049637141734,
        0.24961878709927932,
        0.24935883625443306,
        0.24910323807270146,
        0.24885191413770008,
        0.2486047876140919,
        0.24836178321075553,
        0.24812282714494988,
        0.2478878471074444,
        0.2476567722285865,
        0.2475237120201246,
        0.24739277338734633
    ],
    "decision_history": {
        "history_steps": [
            460,
            461,
            462,
            463,
            464,
            465,
            466,
            467,
            468,
            469,
            470,
            471,
            472,
            473,
            474,
            475,
            476,
            477,
            478,
            479,
            480,
            481,
            482,
            483,
            484,
            485,
            486,
            487,
            488,
            489,
            490,
            491,
            492,
            493,
            494,
            495,
            496,
            497,
            498,
            499
        ],
        "new_thetas": [
            0.2632539066476103,
            0.2626535985803307,
            0.26206438724560077,
            0.2614860400706822,
            0.2609183301899631,
            0.2603610362811793,
            0.25981394240695305,
            0.2592768378614604,
            0.2587495170220499,
            0.2582317792056396,
            0.2577234285297241,
            0.2572242737778324,
            0.2567341282692816,
            0.25625280973307507,
            0.2557801401858034,
            0.25531594581340766,
            0.25486005685667157,
            0.25441230750031363,
            0.2539725357655544,
            0.2535405834060401,
            0.25311629580700534,
            0.2526995218875655,
            0.2522901140060299,
            0.2518879278681333,
            0.2514928224380861,
            0.2511046598523465,
            0.2507233053360226,
            0.2503486271218156,
            0.24998049637141734,
            0.24961878709927932,
            0.24935883625443306,
            0.24910323807270146,
            0.24885191413770008,
            0.2486047876140919,
            0.24836178321075553,
            0.24812282714494988,
            0.2478878471074444,
            0.2476567722285865,
            0.2475237120201246,
            0.24739277338734633
        ],
        "prompts": [
            "N/A",
            "N/A",
            "N/A",
            "N/A",
            "N/A",
            "N/A",
            "N/A",
            "N/A",
            "N/A",
            "N/A",
            "N/A",
            "N/A",
            "N/A",
            "N/A",
            "N/A",
            "N/A",
            "N/A",
            "N/A",
            "N/A",
            "N/A",
            "N/A",
            "N/A",
            "N/A",
            "N/A",
            "N/A",
            "N/A",
            "N/A",
            "N/A",
            "N/A",
            "N/A",
            "N/A",
            "N/A",
            "N/A",
            "N/A",
            "N/A",
            "N/A",
            "N/A",
            "N/A",
            "N/A",
            "N/A"
        ],
        "explanations": [
            "Calculated theta: 0.2633 based on sheep population: 78.61",
            "Calculated theta: 0.2627 based on sheep population: 78.37",
            "Calculated theta: 0.2621 based on sheep population: 78.13",
            "Calculated theta: 0.2615 based on sheep population: 77.90",
            "Calculated theta: 0.2609 based on sheep population: 77.67",
            "Calculated theta: 0.2604 based on sheep population: 77.44",
            "Calculated theta: 0.2598 based on sheep population: 77.22",
            "Calculated theta: 0.2593 based on sheep population: 77.01",
            "Calculated theta: 0.2587 based on sheep population: 76.80",
            "Calculated theta: 0.2582 based on sheep population: 76.59",
            "Calculated theta: 0.2577 based on sheep population: 76.39",
            "Calculated theta: 0.2572 based on sheep population: 76.19",
            "Calculated theta: 0.2567 based on sheep population: 75.99",
            "Calculated theta: 0.2563 based on sheep population: 75.80",
            "Calculated theta: 0.2558 based on sheep population: 75.61",
            "Calculated theta: 0.2553 based on sheep population: 75.43",
            "Calculated theta: 0.2549 based on sheep population: 75.25",
            "Calculated theta: 0.2544 based on sheep population: 75.07",
            "Calculated theta: 0.2540 based on sheep population: 74.90",
            "Calculated theta: 0.2535 based on sheep population: 74.72",
            "Calculated theta: 0.2531 based on sheep population: 74.56",
            "Calculated theta: 0.2527 based on sheep population: 74.39",
            "Calculated theta: 0.2523 based on sheep population: 74.23",
            "Calculated theta: 0.2519 based on sheep population: 74.07",
            "Calculated theta: 0.2515 based on sheep population: 73.92",
            "Calculated theta: 0.2511 based on sheep population: 73.77",
            "Calculated theta: 0.2507 based on sheep population: 73.62",
            "Calculated theta: 0.2503 based on sheep population: 73.47",
            "Calculated theta: 0.2500 based on sheep population: 73.33",
            "Calculated theta: 0.2496 based on sheep population: 73.18",
            "Calculated theta: 0.2494 based on sheep population: 73.08",
            "Calculated theta: 0.2491 based on sheep population: 72.98",
            "Calculated theta: 0.2489 based on sheep population: 72.88",
            "Calculated theta: 0.2486 based on sheep population: 72.79",
            "Calculated theta: 0.2484 based on sheep population: 72.69",
            "Calculated theta: 0.2481 based on sheep population: 72.60",
            "Calculated theta: 0.2479 based on sheep population: 72.51",
            "Calculated theta: 0.2477 based on sheep population: 72.42",
            "Calculated theta: 0.2475 based on sheep population: 72.37",
            "Calculated theta: 0.2474 based on sheep population: 72.32"
        ],