{
    "wolf_id": 74,
    "beta": 0.1,
    "gamma": 1.5,
    "delta": 0.75,
    "alive": false,
    "born_at_step": 75,
    "died_at_step": 94,
    "thetas": [
        0.5,
        0.5830756989173931,
        0.5792859416756725,
        0.5708801024927175,
        0.5580864277786848,
        0.5396152791588654,
        0.5177539264417673,
        0.49318219769987914,
        0.46818685157774814,
        0.4446423633753726,
        0.42390145974958415,
        0.40562772387639456,
        0.3906420517971363,
        0.3794671283893089,
        0.3714597826957195,
        0.3661428779161032,
        0.3631648053824547,
        0.3622696386836059,
        0.3632755267438703,
        0.3651416028288382
    ],
    "decision_history": {
        "history_steps": [
            76,
            77,
            78,
            79,
            80,
            81,
            82,
            83,
            84,
            85,
            86,
            87,
            88,
            89,
            90,
            91,
            92,
            93,
            94
        ],
        "new_thetas": [
            0.5830756989173931,
            0.5792859416756725,
            0.5708801024927175,
            0.5580864277786848,
            0.5396152791588654,
            0.5177539264417673,
            0.49318219769987914,
            0.46818685157774814,
            0.4446423633753726,
            0.42390145974958415,
            0.40562772387639456,
            0.3906420517971363,
            0.3794671283893089,
            0.3714597826957195,
            0.3661428779161032,
            0.3631648053824547,
            0.3622696386836059,
            0.3632755267438703,
            0.3651416028288382
        ],
        "prompts": [
            "N/A",
            "N/A",
            "N/A",
            "N/A",
            "N/A",
            "N/A",
            "N/A",
            "N/A",
            "N/A",
            "N/A",
            "N/A",
            "N/A",
            "N/A",
            "N/A",
            "N/A",
            "N/A",
            "N/A",
            "N/A",
            "N/A"
        ],
        "explanations": [
            "Calculated theta: 0.5831 based on sheep population: 69.93",
            "Calculated theta: 0.5793 based on sheep population: 68.85",
            "Calculated theta: 0.5709 based on sheep population: 66.52",
            "Calculated theta: 0.5581 based on sheep population: 63.14",
            "Calculated theta: 0.5396 based on sheep population: 58.60",
            "Calculated theta: 0.5178 based on sheep population: 53.68",
            "Calculated theta: 0.4932 based on sheep population: 48.65",
            "Calculated theta: 0.4682 based on sheep population: 44.02",
            "Calculated theta: 0.4446 based on sheep population: 40.03",
            "Calculated theta: 0.4239 based on sheep population: 36.79",
            "Calculated theta: 0.4056 based on sheep population: 34.12",
            "Calculated theta: 0.3906 based on sheep population: 32.05",
            "Calculated theta: 0.3795 based on sheep population: 30.58",
            "Calculated theta: 0.3715 based on sheep population: 29.55",
            "Calculated theta: 0.3661 based on sheep population: 28.88",
            "Calculated theta: 0.3632 based on sheep population: 28.51",
            "Calculated theta: 0.3623 based on sheep population: 28.40",
            "Calculated theta: 0.3633 based on sheep population: 28.53",
            "Calculated theta: 0.3651 based on sheep population: 28.76"
        ],
        "vocalizations": [
            "Calculated theta: 0.5831 based on sheep population: 69.93",
            "Calculated theta: 0.5793 based on sheep population: 68.85",
            "Calculated theta: 0.5709 based on sheep population: 66.52",
            "Calculated theta: 0.5581 based on sheep population: 63.14",
            "Calculated theta: 0.5396 based on sheep population: 58.60",
            "Calculated theta: 0.5178 based on sheep population: 53.68",
            "Calculated theta: 0.4932 based on sheep population: 48.65",
            "Calculated theta: 0.4682 based on sheep population: 44.02",
            "Calculated theta: 0.4446 based on sheep population: 40.03",
            "Calculated theta: 0.4239 based on sheep population: 36.79",
            "Calculated theta: 0.4056 based on sheep population: 34.12",
            "Calculated theta: 0.3906 based on sheep population: 32.05",
            "Calculated theta: 0.3795 based on sheep population: 30.58",
            "Calculated theta: 0.3715 based on sheep population: 29.55",
            "Calculated theta: 0.3661 based on sheep population: 28.88",
            "Calculated theta: 0.3632 based on sheep population: 28.51",
            "Calculated theta: 0.3623 based on sheep population: 28.40",
            "Calculated theta: 0.3633 based on sheep population: 28.53",
            "Calculated theta: 0.3651 based on sheep population: 28.76"
        ]
    }
}