{
    "wolf_id": 4,
    "beta": 0.1,
    "gamma": 1.5,
    "delta": 0.75,
    "alive": false,
    "born_at_step": 0,
    "died_at_step": 4,
    "thetas": [
        0.5,
        0.16666805555324074,
        0.1778582782919881,
        0.18973192175818046,
        0.20233912371723445,
        0.21573539169511607
    ],
    "decision_history": {
        "history_steps": [
            0,
            1,
            2,
            3,
            4
        ],
        "new_thetas": [
            0.16666805555324074,
            0.1778582782919881,
            0.18973192175818046,
            0.20233912371723445,
            0.21573539169511607
        ],
        "prompts": [
            "N/A",
            "N/A",
            "N/A",
            "N/A",
            "N/A"
        ],
        "explanations": [
            "Calculated theta: 0.1667 based on sheep population: 10.00",
            "Calculated theta: 0.1779 based on sheep population: 10.82",
            "Calculated theta: 0.1897 based on sheep population: 11.71",
            "Calculated theta: 0.2023 based on sheep population: 12.68",
            "Calculated theta: 0.2157 based on sheep population: 13.75"
        ],
        "vocalizations": [
            "Calculated theta: 0.1667 based on sheep population: 10.00",
            "Calculated theta: 0.1779 based on sheep population: 10.82",
            "Calculated theta: 0.1897 based on sheep population: 11.71",
            "Calculated theta: 0.2023 based on sheep population: 12.68",
            "Calculated theta: 0.2157 based on sheep population: 13.75"
        ]
    }
}