{
    "wolf_id": 95,
    "beta": 0.1,
    "gamma": 1.5,
    "delta": 0.75,
    "alive": false,
    "born_at_step": 112,
    "died_at_step": 142,
    "thetas": [
        0.5,
        0.5216220891803904,
        0.5278792803517879,
        0.5324957927856404,
        0.5354981128054955,
        0.5369245508146815,
        0.5368238583851419,
        0.5337713697734269,
        0.5293930976050671,
        0.5222833019416708,
        0.5141279688002461,
        0.5035652044318226,
        0.49231141391322625,
        0.48049110141395934,
        0.46822881788665616,
        0.4569871238109825,
        0.4453843907298439,
        0.43479201510466564,
        0.4251191729273468,
        0.41745772194871716,
        0.4115659246193986,
        0.4072459755846602,
        0.4043367913213309,
        0.4027078511510139,
        0.40225408021561165,
        0.4028916637470293,
        0.4045546515490178,
        0.40719221316485366,
        0.41076641832367305,
        0.41525043461551175,
        0.4206270507183352
    ],
    "decision_history": {
        "history_steps": [
            113,
            114,
            115,
            116,
            117,
            118,
            119,
            120,
            121,
            122,
            123,
            124,
            125,
            126,
            127,
            128,
            129,
            130,
            131,
            132,
            133,
            134,
            135,
            136,
            137,
            138,
            139,
            140,
            141,
            142
        ],
        "new_thetas": [
            0.5216220891803904,
            0.5278792803517879,
            0.5324957927856404,
            0.5354981128054955,
            0.5369245508146815,
            0.5368238583851419,
            0.5337713697734269,
            0.5293930976050671,
            0.5222833019416708,
            0.5141279688002461,
            0.5035652044318226,
            0.49231141391322625,
            0.48049110141395934,
            0.46822881788665616,
            0.4569871238109825,
            0.4453843907298439,
            0.43479201510466564,
            0.4251191729273468,
            0.41745772194871716,
            0.4115659246193986,
            0.4072459755846602,
            0.4043367913213309,
            0.4027078511510139,
            0.40225408021561165,
            0.4028916637470293,
            0.4045546515490178,
            0.40719221316485366,
            0.41076641832367305,
            0.41525043461551175,
            0.4206270507183352
        ],
        "prompts": [
            "N/A",
            "N/A",
            "N/A",
            "N/A",
            "N/A",
            "N/A",
            "N/A",
            "N/A",
            "N/A",
            "N/A",
            "N/A",
            "N/A",
            "N/A",
            "N/A",
            "N/A",
            "N/A",
            "N/A",
            "N/A",
            "N/A",
            "N/A",
            "N/A",
            "N/A",
            "N/A",
            "N/A",
            "N/A",
            "N/A",
            "N/A",
            "N/A",
            "N/A",
            "N/A"
        ],
        "explanations": [
            "Calculated theta: 0.5216 based on sheep population: 54.52",
            "Calculated theta: 0.5279 based on sheep population: 55.91",
            "Calculated theta: 0.5325 based on sheep population: 56.95",
            "Calculated theta: 0.5355 based on sheep population: 57.64",
            "Calculated theta: 0.5369 based on sheep population: 57.97",
            "Calculated theta: 0.5368 based on sheep population: 57.95",
            "Calculated theta: 0.5338 based on sheep population: 57.24",
            "Calculated theta: 0.5294 based on sheep population: 56.25",
            "Calculated theta: 0.5223 based on sheep population: 54.66",
            "Calculated theta: 0.5141 based on sheep population: 52.91",
            "Calculated theta: 0.5036 based on sheep population: 50.72",
            "Calculated theta: 0.4923 based on sheep population: 48.49",
            "Calculated theta: 0.4805 based on sheep population: 46.24",
            "Calculated theta: 0.4682 based on sheep population: 44.03",
            "Calculated theta: 0.4570 based on sheep population: 42.08",
            "Calculated theta: 0.4454 based on sheep population: 40.15",
            "Calculated theta: 0.4348 based on sheep population: 38.46",
            "Calculated theta: 0.4251 based on sheep population: 36.97",
            "Calculated theta: 0.4175 based on sheep population: 35.83",
            "Calculated theta: 0.4116 based on sheep population: 34.97",
            "Calculated theta: 0.4072 based on sheep population: 34.35",
            "Calculated theta: 0.4043 based on sheep population: 33.94",
            "Calculated theta: 0.4027 based on sheep population: 33.71",
            "Calculated theta: 0.4023 based on sheep population: 33.65",
            "Calculated theta: 0.4029 based on sheep population: 33.74",
            "Calculated theta: 0.4046 based on sheep population: 33.97",
            "Calculated theta: 0.4072 based on sheep population: 34.34",
            "Calculated theta: 0.4108 based on sheep population: 34.86",
            "Calculated theta: 0.4153 based on sheep population: 35.51",
            "Calculated theta: 0.4206 based on sheep population: 36.30"
        ],
        "vocalizations": [
            "Calculated theta: 0.5216 based on sheep population: 54.52",
            "Calculated theta: 0.5279 based on sheep population: 55.91",
            "Calculated theta: 0.5325 based on sheep population: 56.95",
            "Calculated theta: 0.5355 based on sheep population: 57.64",
            "Calculated theta: 0.5369 based on sheep population: 57.97",
            "Calculated theta: 0.5368 based on sheep population: 57.95",
            "Calculated theta: 0.5338 based on sheep population: 57.24",
            "Calculated theta: 0.5294 based on sheep population: 56.25",
            "Calculated theta: 0.5223 based on sheep population: 54.66",
            "Calculated theta: 0.5141 based on sheep population: 52.91",
            "Calculated theta: 0.5036 based on sheep population: 50.72",
            "Calculated theta: 0.4923 based on sheep population: 48.49",
            "Calculated theta: 0.4805 based on sheep population: 46.24",
            "Calculated theta: 0.4682 based on sheep population: 44.03",
            "Calculated theta: 0.4570 based on sheep population: 42.08",
            "Calculated theta: 0.4454 based on sheep population: 40.15",
            "Calculated theta: 0.4348 based on sheep population: 38.46",
            "Calculated theta: 0.4251 based on sheep population: 36.97",
            "Calculated theta: 0.4175 based on sheep population: 35.83",
            "Calculated theta: 0.4116 based on sheep population: 34.97",
            "Calculated theta: 0.4072 based on sheep population: 34.35",
            "Calculated theta: 0.4043 based on sheep population: 33.94",
            "Calculated theta: 0.4027 based on sheep population: 33.71",
            "Calculated theta: 0.4023 based on sheep population: 33.65",
            "Calculated theta: 0.4029 based on sheep population: 33.74",
            "Calculated theta: 0.4046 based on sheep population: 33.97",
            "Calculated theta: 0.4072 based on sheep population: 34.34",
            "Calculated theta: 0.4108 based on sheep population: 34.86",
            "Calculated theta: 0.4153 based on sheep population: 35.51",
            "Calculated theta: 0.4206 based on sheep population: 36.30"
        ]
    }
}