{
    "wolf_id": 16,
    "beta": 0.1,
    "gamma": 1.5,
    "delta": 0.75,
    "alive": false,
    "born_at_step": 30,
    "died_at_step": 41,
    "thetas": [
        0.5,
        0.6666668888887407,
        0.6666668888887407,
        0.6644297471584016,
        0.6538086984734044,
        0.6310927113670972,
        0.5945059314928988,
        0.5435615030485048,
        0.4844563480298513,
        0.4279937407503119,
        0.382237024583923,
        0.3473985144981901
    ],
    "decision_history": {
        "history_steps": [
            31,
            32,
            33,
            34,
            35,
            36,
            37,
            38,
            39,
            40,
            41
        ],
        "new_thetas": [
            0.6666668888887407,
            0.6666668888887407,
            0.6644297471584016,
            0.6538086984734044,
            0.6310927113670972,
            0.5945059314928988,
            0.5435615030485048,
            0.4844563480298513,
            0.4279937407503119,
            0.382237024583923,
            0.3473985144981901
        ],
        "prompts": [
            "N/A",
            "N/A",
            "N/A",
            "N/A",
            "N/A",
            "N/A",
            "N/A",
            "N/A",
            "N/A",
            "N/A",
            "N/A"
        ],
        "explanations": [
            "Calculated theta: 0.6667 based on sheep population: 100.00",
            "Calculated theta: 0.6667 based on sheep population: 100.00",
            "Calculated theta: 0.6644 based on sheep population: 99.00",
            "Calculated theta: 0.6538 based on sheep population: 94.43",
            "Calculated theta: 0.6311 based on sheep population: 85.54",
            "Calculated theta: 0.5945 based on sheep population: 73.31",
            "Calculated theta: 0.5436 based on sheep population: 59.54",
            "Calculated theta: 0.4845 based on sheep population: 46.98",
            "Calculated theta: 0.4280 based on sheep population: 37.41",
            "Calculated theta: 0.3822 based on sheep population: 30.94",
            "Calculated theta: 0.3474 based on sheep population: 26.62"
        ],
        "vocalizations": [
            "Calculated theta: 0.6667 based on sheep population: 100.00",
            "Calculated theta: 0.6667 based on sheep population: 100.00",
            "Calculated theta: 0.6644 based on sheep population: 99.00",
            "Calculated theta: 0.6538 based on sheep population: 94.43",
            "Calculated theta: 0.6311 based on sheep population: 85.54",
            "Calculated theta: 0.5945 based on sheep population: 73.31",
            "Calculated theta: 0.5436 based on sheep population: 59.54",
            "Calculated theta: 0.4845 based on sheep population: 46.98",
            "Calculated theta: 0.4280 based on sheep population: 37.41",
            "Calculated theta: 0.3822 based on sheep population: 30.94",
            "Calculated theta: 0.3474 based on sheep population: 26.62"
        ]
    }
}