{
    "wolf_id": 89,
    "beta": 0.1,
    "gamma": 1.5,
    "delta": 0.75,
    "alive": false,
    "born_at_step": 80,
    "died_at_step": 135,
    "thetas": [
        0.5,
        0.5177539264417673,
        0.49318219769987914,
        0.46818685157774814,
        0.4446423633753726,
        0.42390145974958415,
        0.40562772387639456,
        0.3906420517971363,
        0.3794671283893089,
        0.3714597826957195,
        0.3661428779161032,
        0.3631648053824547,
        0.3622696386836059,
        0.3632755267438703,
        0.3651416028288382,
        0.36874937832870097,
        0.3731126217536804,
        0.3791639417169812,
        0.3859384213005434,
        0.3934468654552413,
        0.4017048770027718,
        0.4107324288515607,
        0.42055342990623296,
        0.4301068760302335,
        0.44050877148682877,
        0.4506370990997287,
        0.4604874779630679,
        0.4700573283506644,
        0.4793456861791606,
        0.48835302071145914,
        0.49708105868568525,
        0.5055326172592643,
        0.5137114474536265,
        0.5216220891803904,
        0.5278792803517879,
        0.5324957927856404,
        0.5354981128054955,
        0.5369245508146815,
        0.5368238583851419,
        0.5337713697734269,
        0.5293930976050671,
        0.5222833019416708,
        0.5141279688002461,
        0.5035652044318226,
        0.49231141391322625,
        0.48049110141395934,
        0.46822881788665616,
        0.4569871238109825,
        0.4453843907298439,
        0.43479201510466564,
        0.4251191729273468,
        0.41745772194871716,
        0.4115659246193986,
        0.4072459755846602,
        0.4043367913213309,
        0.4027078511510139
    ],
    "decision_history": {
        "history_steps": [
            81,
            82,
            83,
            84,
            85,
            86,
            87,
            88,
            89,
            90,
            91,
            92,
            93,
            94,
            95,
            96,
            97,
            98,
            99,
            100,
            101,
            102,
            103,
            104,
            105,
            106,
            107,
            108,
            109,
            110,
            111,
            112,
            113,
            114,
            115,
            116,
            117,
            118,
            119,
            120,
            121,
            122,
            123,
            124,
            125,
            126,
            127,
            128,
            129,
            130,
            131,
            132,
            133,
            134,
            135
        ],
        "new_thetas": [
            0.5177539264417673,
            0.49318219769987914,
            0.46818685157774814,
            0.4446423633753726,
            0.42390145974958415,
            0.40562772387639456,
            0.3906420517971363,
            0.3794671283893089,
            0.3714597826957195,
            0.3661428779161032,
            0.3631648053824547,
            0.3622696386836059,
            0.3632755267438703,
            0.3651416028288382,
            0.36874937832870097,
            0.3731126217536804,
            0.3791639417169812,
            0.3859384213005434,
            0.3934468654552413,
            0.4017048770027718,
            0.4107324288515607,
            0.42055342990623296,
            0.4301068760302335,
            0.44050877148682877,
            0.4506370990997287,
            0.4604874779630679,
            0.4700573283506644,
            0.4793456861791606,
            0.48835302071145914,
            0.49708105868568525,
            0.5055326172592643,
            0.5137114474536265,
            0.5216220891803904,
            0.5278792803517879,
            0.5324957927856404,
            0.5354981128054955,
            0.5369245508146815,
            0.5368238583851419,
            0.5337713697734269,
            0.5293930976050671,
            0.5222833019416708,
            0.5141279688002461,
            0.5035652044318226,
            0.49231141391322625,
            0.48049110141395934,
            0.46822881788665616,
            0.4569871238109825,
            0.4453843907298439,
            0.43479201510466564,
            0.4251191729273468,
            0.41745772194871716,
            0.4115659246193986,
            0.4072459755846602,
            0.4043367913213309,
            0.4027078511510139
        ],
        "prompts": [
            "N/A",
            "N/A",
            "N/A",
            "N/A",
            "N/A",
            "N/A",
            "N/A",
            "N/A",
            "N/A",
            "N/A",
            "N/A",
            "N/A",
            "N/A",
            "N/A",
            "N/A",
            "N/A",
            "N/A",
            "N/A",
            "N/A",
            "N/A",
            "N/A",
            "N/A",
            "N/A",
            "N/A",
            "N/A",
            "N/A",
            "N/A",
            "N/A",
            "N/A",
            "N/A",
            "N/A",
            "N/A",
            "N/A",
            "N/A",
            "N/A",
            "N/A",
            "N/A",
            "N/A",
            "N/A",
            "N/A",
            "N/A",
            "N/A",
            "N/A",
            "N/A",
            "N/A",
            "N/A",
            "N/A",
            "N/A",
            "N/A",
            "N/A",
            "N/A",
            "N/A",
            "N/A",
            "N/A",
            "N/A"
        ],