{
    "wolf_id": 89,
    "beta": 0.1,
    "gamma": 1.5,
    "delta": 0.75,
    "alive": false,
    "born_at_step": 105,
    "died_at_step": 139,
    "thetas": [
        0.9471125080098769,
        0.504746701371743,
        0.5102515659764668,
        0.5141704100521224,
        0.5165334492932075,
        0.5173830816777533,
        0.5167725867455256,
        0.5133295937851661,
        0.5086434259110229,
        0.501367722859952,
        0.49171548552780825,
        0.4813536196900701,
        0.4704015849722524,
        0.4589788347777205,
        0.44720252835775154,
        0.43645197824443727,
        0.4266352997067729,
        0.4176673347419068,
        0.40946988735924617,
        0.4030865036647576,
        0.3983045223107314,
        0.39495108139644286,
        0.39288620817524217,
        0.3919971242119196,
        0.3921936218907469,
        0.3934043407244918,
        0.3955737791789063,
        0.39865989772149146,
        0.4026321913197415,
        0.40642021066458506,
        0.41109428304494383,
        0.4166401002533239,
        0.4219597174698654,
        0.42816930936453895,
        0.43413970630255466
    ],
    "decision_history": {
        "history_steps": [
            106,
            107,
            108,
            109,
            110,
            111,
            112,
            113,
            114,
            115,
            116,
            117,
            118,
            119,
            120,
            121,
            122,
            123,
            124,
            125,
            126,
            127,
            128,
            129,
            130,
            131,
            132,
            133,
            134,
            135,
            136,
            137,
            138,
            139
        ],
        "new_thetas": [
            0.504746701371743,
            0.5102515659764668,
            0.5141704100521224,
            0.5165334492932075,
            0.5173830816777533,
            0.5167725867455256,
            0.5133295937851661,
            0.5086434259110229,
            0.501367722859952,
            0.49171548552780825,
            0.4813536196900701,
            0.4704015849722524,
            0.4589788347777205,
            0.44720252835775154,
            0.43645197824443727,
            0.4266352997067729,
            0.4176673347419068,
            0.40946988735924617,
            0.4030865036647576,
            0.3983045223107314,
            0.39495108139644286,
            0.39288620817524217,
            0.3919971242119196,
            0.3921936218907469,
            0.3934043407244918,
            0.3955737791789063,
            0.39865989772149146,
            0.4026321913197415,
            0.40642021066458506,
            0.41109428304494383,
            0.4166401002533239,
            0.4219597174698654,
            0.42816930936453895,
            0.43413970630255466
        ],
        "prompts": [
            "N/A",
            "N/A",
            "N/A",
            "N/A",
            "N/A",
            "N/A",
            "N/A",
            "N/A",
            "N/A",
            "N/A",
            "N/A",
            "N/A",
            "N/A",
            "N/A",
            "N/A",
            "N/A",
            "N/A",
            "N/A",
            "N/A",
            "N/A",
            "N/A",
            "N/A",
            "N/A",
            "N/A",
            "N/A",
            "N/A",
            "N/A",
            "N/A",
            "N/A",
            "N/A",
            "N/A",
            "N/A",
            "N/A",
            "N/A"
        ],
        "explanations": [
            "Calculated theta: 0.5047 based on sheep population: 56.05",
            "Calculated theta: 0.5103 based on sheep population: 57.30",
            "Calculated theta: 0.5142 based on sheep population: 58.21",
            "Calculated theta: 0.5165 based on sheep population: 58.76",
            "Calculated theta: 0.5174 based on sheep population: 58.96",
            "Calculated theta: 0.5168 based on sheep population: 58.82",
            "Calculated theta: 0.5133 based on sheep population: 58.01",
            "Calculated theta: 0.5086 based on sheep population: 56.93",
            "Calculated theta: 0.5014 based on sheep population: 55.30",
            "Calculated theta: 0.4917 based on sheep population: 53.21",
            "Calculated theta: 0.4814 based on sheep population: 51.05",
            "Calculated theta: 0.4704 based on sheep population: 48.85",
            "Calculated theta: 0.4590 based on sheep population: 46.66",
            "Calculated theta: 0.4472 based on sheep population: 44.49",
            "Calculated theta: 0.4365 based on sheep population: 42.60",
            "Calculated theta: 0.4266 based on sheep population: 40.92",
            "Calculated theta: 0.4177 based on sheep population: 39.45",
            "Calculated theta: 0.4095 based on sheep population: 38.14",
            "Calculated theta: 0.4031 based on sheep population: 37.14",
            "Calculated theta: 0.3983 based on sheep population: 36.41",
            "Calculated theta: 0.3950 based on sheep population: 35.90",
            "Calculated theta: 0.3929 based on sheep population: 35.59",
            "Calculated theta: 0.3920 based on sheep population: 35.46",
            "Calculated theta: 0.3922 based on sheep population: 35.49",
            "Calculated theta: 0.3934 based on sheep population: 35.67",
            "Calculated theta: 0.3956 based on sheep population: 36.00",
            "Calculated theta: 0.3987 based on sheep population: 36.46",
            "Calculated theta: 0.4026 based on sheep population: 37.07",
            "Calculated theta: 0.4064 based on sheep population: 37.66",
            "Calculated theta: 0.4111 based on sheep population: 38.39",
            "Calculated theta: 0.4166 based on sheep population: 39.28",
            "Calculated theta: 0.4220 based on sheep population: 40.15",
            "Calculated theta: 0.4282 based on sheep population: 41.18",
            "Calculated theta: 0.4341 based on sheep population: 42.20"
        ],