{
    "wolf_id": 91,
    "beta": 0.1,
    "gamma": 1.5,
    "delta": 0.75,
    "alive": false,
    "born_at_step": 107,
    "died_at_step": 167,
    "thetas": [
        0.7430619202854191,
        0.5141704100521224,
        0.5165334492932075,
        0.5173830816777533,
        0.5167725867455256,
        0.5133295937851661,
        0.5086434259110229,
        0.501367722859952,
        0.49171548552780825,
        0.4813536196900701,
        0.4704015849722524,
        0.4589788347777205,
        0.44720252835775154,
        0.43645197824443727,
        0.4266352997067729,
        0.4176673347419068,
        0.40946988735924617,
        0.4030865036647576,
        0.3983045223107314,
        0.39495108139644286,
        0.39288620817524217,
        0.3919971242119196,
        0.3921936218907469,
        0.3934043407244918,
        0.3955737791789063,
        0.39865989772149146,
        0.4026321913197415,
        0.40642021066458506,
        0.41109428304494383,
        0.4166401002533239,
        0.4219597174698654,
        0.42816930936453895,
        0.43413970630255466,
        0.43987646038019923,
        0.4465519042231641,
        0.45298088012971954,
        0.45916876611193347,
        0.4651213874412371,
        0.4708449202293774,
        0.4763458057616155,
        0.481630675009449,
        0.4854060788848856,
        0.4890195484036355,
        0.49114794662940653,
        0.4931780059050566,
        0.49376490369852016,
        0.4929645498966786,
        0.4908430826021532,
        0.4874759014821634,
        0.4829467634696617,
        0.4773468434655574,
        0.4707736761347831,
        0.4646533997304856,
        0.45765283787869054,
        0.4511587430117269,
        0.4438747585309491,
        0.43714208286458467,
        0.43091721551041273,
        0.425159908404654,
        0.41983303718774184,
        0.41604426273586836
    ],
    "decision_history": {
        "history_steps": [
            108,
            109,
            110,
            111,
            112,
            113,
            114,
            115,
            116,
            117,
            118,
            119,
            120,
            121,
            122,
            123,
            124,
            125,
            126,
            127,
            128,
            129,
            130,
            131,
            132,
            133,
            134,
            135,
            136,
            137,
            138,
            139,
            140,
            141,
            142,
            143,
            144,
            145,
            146,
            147,
            148,
            149,
            150,
            151,
            152,
            153,
            154,
            155,
            156,
            157,
            158,
            159,
            160,
            161,
            162,
            163,
            164,
            165,
            166,
            167
        ],
        "new_thetas": [
            0.5141704100521224,
            0.5165334492932075,
            0.5173830816777533,
            0.5167725867455256,
            0.5133295937851661,
            0.5086434259110229,
            0.501367722859952,
            0.49171548552780825,
            0.4813536196900701,
            0.4704015849722524,
            0.4589788347777205,
            0.44720252835775154,
            0.43645197824443727,
            0.4266352997067729,
            0.4176673347419068,
            0.40946988735924617,
            0.4030865036647576,
            0.3983045223107314,
            0.39495108139644286,
            0.39288620817524217,
            0.3919971242119196,
            0.3921936218907469,
            0.3934043407244918,
            0.3955737791789063,
            0.39865989772149146,
            0.4026321913197415,
            0.40642021066458506,
            0.41109428304494383,
            0.4166401002533239,
            0.4219597174698654,
            0.42816930936453895,
            0.43413970630255466,
            0.43987646038019923,
            0.4465519042231641,
            0.45298088012971954,
            0.45916876611193347,
            0.4651213874412371,
            0.4708449202293774,
            0.4763458057616155,
            0.481630675009449,
            0.4854060788848856,
            0.4890195484036355,
            0.49114794662940653,
            0.4931780059050566,
            0.49376490369852016,
            0.4929645498966786,
            0.4908430826021532,
            0.4874759014821634,
            0.4829467634696617,
            0.4773468434655574,
            0.4707736761347831,
            0.4646533997304856,
            0.45765283787869054,
            0.4511587430117269,
            0.4438747585309491,
            0.43714208286458467,
            0.43091721551041273,
            0.425159908404654,
            0.41983303718774184,
            0.41604426273586836
        ],
        "prompts": [
            "N/A",
            "N/A",
            "N/A",
            "N/A",
            "N/A",
            "N/A",
            "N/A",
            "N/A",
            "N/A",
            "N/A",
            "N/A",
            "N/A",
            "N/A",
            "N/A",
            "N/A",
            "N/A",
            "N/A",
            "N/A",
            "N/A",
            "N/A",
            "N/A",
            "N/A",
            "N/A",
            "N/A",
            "N/A",
            "N/A",
            "N/A",
            "N/A",
            "N/A",
            "N/A",
            "N/A",
            "N/A",
            "N/A",
            "N/A",
            "N/A",
            "N/A",
            "N/A",
            "N/A",
            "N/A",
            "N/A",
            "N/A",
            "N/A",
            "N/A",
            "N/A",
            "N/A",
            "N/A",
            "N/A",
            "N/A",
            "N/A",
            "N/A",
            "N/A",
            "N/A",
            "N/A",
            "N/A",
            "N/A",
            "N/A",
            "N/A",
            "N/A",
            "N/A",
            "N/A"
        ],