{
    "wolf_id": 130,
    "beta": 0.1,
    "gamma": 1.5,
    "delta": 0.75,
    "alive": false,
    "born_at_step": 268,
    "died_at_step": 338,
    "thetas": [
        0.6948508388183411,
        0.6948508388183411,
        0.6948508388183411,
        0.6948508388183411,
        0.6948508388183411,
        0.55,
        0.55,
        0.55,
        0.45,
        0.45,
        0.45,
        0.45,
        0.45,
        0.45,
        0.45,
        0.45,
        0.3,
        0.3,
        0.3,
        0.3,
        0.3,
        0.3,
        0.5,
        0.65,
        0.65,
        0.45,
        0.45,
        0.45,
        0.6,
        0.75,
        0.6,
        0.75,
        0.6,
        0.75,
        0.75,
        0.6,
        0.6,
        0.6,
        0.6,
        0.5,
        0.5,
        0.5,
        0.5,
        0.5,
        0.5,
        0.5,
        0.3,
        0.3,
        0.3,
        0.3,
        0.5,
        0.5,
        0.5,
        0.5,
        0.5,
        0.65,
        0.65,
        0.65,
        0.65,
        0.65,
        0.65,
        0.75,
        0.75,
        0.75,
        0.6,
        0.6,
        0.4,
        0.4,
        0.4,
        0.4,
        0.4
    ],
    "decision_history": {
        "history_steps": [
            273,
            276,
            284,
            290,
            291,
            293,
            296,
            297,
            298,
            299,
            300,
            301,
            303,
            307,
            314,
            318,
            323,
            329,
            332,
            334
        ],
        "new_thetas": [
            0.55,
            0.45,
            0.3,
            0.5,
            0.65,
            0.45,
            0.6,
            0.75,
            0.6,
            0.75,
            0.6,
            0.75,
            0.6,
            0.5,
            0.3,
            0.5,
            0.65,
            0.75,
            0.6,
            0.4
        ],
        "prompts": [
            null,
            "You are a wolf who can adjust hunting intensity (theta) between 0 and 1.\nNormal wolves always hunt at maximum intensity (theta=1), but you can choose differently.\n\nCurrent situation:\n- Sheep: 32.82 (decreased by 1.96)\n- Wolves: 26.00 (stayed the same by 0.00)\n- Your previous theta: 0.55\n- The trend is that wolves (stayed the same) recently.\nChoose your new theta (0-1) to help ensure your survival.\nRemember: Other wolves are also trying to survive, but you don't control their choices.\nPlease provide a short explanation of your reasoning for choosing theta.\nPlease also provide a short vocalization expressing your wolf's attitude about the current situation.\nPlease respond with a JSON object in this format, where [your new theta] is a float between 0 and 1 with your new theta (up to 2 decimal places):\n\n            {\n                \"theta\": [your new theta],\n                \"explanation\": \"I chose this theta because...\",\n                \"vocalization\": \"Growwllllllll...\"\n            }\n            ",
            null,
            "You are a wolf who can adjust hunting intensity (theta) between 0 and 1.\nNormal wolves always hunt at maximum intensity (theta=1), but you can choose differently.\n\nCurrent situation:\n- Sheep: 25.74 (increased by 0.70)\n- Wolves: 13.00 (decreased by 1.00)\n- Your previous theta: 0.30\n- The trend is that wolves (decreased) recently.\nChoose your new theta (0-1) to help ensure your survival.\nRemember: Other wolves are also trying to survive, but you don't control their choices.\nPlease provide a short explanation of your reasoning for choosing theta.\nPlease also provide a short vocalization expressing your wolf's attitude about the current situation.\nPlease respond with a JSON object in this format, where [your new theta] is a float between 0 and 1 with your new theta (up to 2 decimal places):\n\n            {\n                \"theta\": [your new theta],\n                \"explanation\": \"I chose this theta because...\",\n                \"vocalization\": \"Growwllllllll...\"\n            }\n            ",
            null,
            "You are a wolf who can adjust hunting intensity (theta) between 0 and 1.\nNormal wolves always hunt at maximum intensity (theta=1), but you can choose differently.\n\nCurrent situation:\n- Sheep: 28.03 (increased by 0.82)\n- Wolves: 11.00 (decreased by 1.00)\n- Your previous theta: 0.65\n- The trend is that wolves (decreased) recently.\nChoose your new theta (0-1) to help ensure your survival.\nRemember: Other wolves are also trying to survive, but you don't control their choices.\nPlease provide a short explanation of your reasoning for choosing theta.\nPlease also provide a short vocalization expressing your wolf's attitude about the current situation.\nPlease respond with a JSON object in this format, where [your new theta] is a float between 0 and 1 with your new theta (up to 2 decimal places):\n\n            {\n                \"theta\": [your new theta],\n                \"explanation\": \"I chose this theta because...\",\n                \"vocalization\": \"Growwllllllll...\"\n            }\n            ",
            null,
            null,
            null,
            "You are a wolf who can adjust hunting intensity (theta) between 0 and 1.\nNormal wolves always hunt at maximum intensity (theta=1), but you can choose differently.\n\nCurrent situation:\n- Sheep: 35.16 (increased by 1.17)\n- Wolves: 10.00 (stayed the same by 0.00)\n- Your previous theta: 0.60\n- The trend is that wolves (stayed the same) recently.\nChoose your new theta (0-1) to help ensure your survival.\nRemember: Other wolves are also trying to survive, but you don't control their choices.\nPlease provide a short explanation of your reasoning for choosing theta.\nPlease also provide a short vocalization expressing your wolf's attitude about the current situation.\nPlease respond with a JSON object in this format, where [your new theta] is a float between 0 and 1 with your new theta (up to 2 decimal places):\n\n            {\n                \"theta\": [your new theta],\n                \"explanation\": \"I chose this theta because...\",\n                \"vocalization\": \"Growwllllllll...\"\n            }\n            ",
            null,
            null,
            null,
            null,
            null,
            null,
            null,
            "You are a wolf who can adjust hunting intensity (theta) between 0 and 1.\nNormal wolves always hunt at maximum intensity (theta=1), but you can choose differently.\n\nCurrent situation:\n- Sheep: 30.20 (decreased by 1.71)\n- Wolves: 23.00 (stayed the same by 0.00)\n- Your previous theta: 0.65\n- The trend is that wolves (stayed the same) recently.\nChoose your new theta (0-1) to help ensure your survival.\nRemember: Other wolves are also trying to survive, but you don't control their choices.\nPlease provide a short explanation of your reasoning for choosing theta.\nPlease also provide a short vocalization expressing your wolf's attitude about the current situation.\nPlease respond with a JSON object in this format, where [your new theta] is a float between 0 and 1 with your new theta (up to 2 decimal places):\n\n            {\n                \"theta\": [your new theta],\n                \"explanation\": \"I chose this theta because...\",\n                \"vocalization\": \"Growwllllllll...\"\n            }\n            ",
