{
    "wolf_id": 123,
    "beta": 0.1,
    "gamma": 1.5,
    "delta": 0.75,
    "alive": false,
    "born_at_step": 257,
    "died_at_step": 332,
    "thetas": [
        0.34838789885284616,
        0.34838789885284616,
        0.5,
        0.5,
        0.5,
        0.5,
        0.5,
        0.5,
        0.5,
        0.5,
        0.5,
        0.5,
        0.5,
        0.5,
        0.5,
        0.7,
        0.7,
        0.7,
        0.7,
        0.7,
        0.7,
        0.5,
        0.5,
        0.5,
        0.5,
        0.3,
        0.3,
        0.5,
        0.5,
        0.5,
        0.5,
        0.5,
        0.5,
        0.3,
        0.3,
        0.3,
        0.3,
        0.3,
        0.3,
        0.3,
        0.3,
        0.3,
        0.3,
        0.5,
        0.5,
        0.3,
        0.5,
        0.3,
        0.5,
        0.65,
        0.65,
        0.75,
        0.75,
        0.6,
        0.6,
        0.75,
        0.75,
        0.6,
        0.6,
        0.6,
        0.6,
        0.6,
        0.6,
        0.6,
        0.6,
        0.6,
        0.6,
        0.6,
        0.6,
        0.6,
        0.6,
        0.6,
        0.6,
        0.75,
        0.75,
        0.75
    ],
    "decision_history": {
        "history_steps": [
            259,
            272,
            278,
            282,
            284,
            290,
            300,
            302,
            303,
            304,
            305,
            306,
            308,
            310,
            312,
            314,
            330
        ],
        "new_thetas": [
            0.5,
            0.7,
            0.5,
            0.3,
            0.5,
            0.3,
            0.5,
            0.3,
            0.5,
            0.3,
            0.5,
            0.65,
            0.75,
            0.6,
            0.75,
            0.6,
            0.75
        ],
        "prompts": [
            null,
            null,
            null,
            null,
            null,
            null,
            "You are a wolf who can adjust hunting intensity (theta) between 0 and 1.\nNormal wolves always hunt at maximum intensity (theta=1), but you can choose differently.\n\nCurrent situation:\n- Sheep: 36.20 (increased by 1.04)\n- Wolves: 10.00 (stayed the same by 0.00)\n- Your previous theta: 0.30\n- The trend is that wolves (stayed the same) recently.\nChoose your new theta (0-1) to help ensure your survival.\nRemember: Other wolves are also trying to survive, but you don't control their choices.\nPlease provide a short explanation of your reasoning for choosing theta.\nPlease also provide a short vocalization expressing your wolf's attitude about the current situation.\nPlease respond with a JSON object in this format, where [your new theta] is a float between 0 and 1 with your new theta (up to 2 decimal places):\n\n            {\n                \"theta\": [your new theta],\n                \"explanation\": \"I chose this theta because...\",\n                \"vocalization\": \"Growwllllllll...\"\n            }\n            ",
            "You are a wolf who can adjust hunting intensity (theta) between 0 and 1.\nNormal wolves always hunt at maximum intensity (theta=1), but you can choose differently.\n\nCurrent situation:\n- Sheep: 38.46 (increased by 1.11)\n- Wolves: 10.00 (stayed the same by 0.00)\n- Your previous theta: 0.50\n- The trend is that wolves (stayed the same) recently.\nChoose your new theta (0-1) to help ensure your survival.\nRemember: Other wolves are also trying to survive, but you don't control their choices.\nPlease provide a short explanation of your reasoning for choosing theta.\nPlease also provide a short vocalization expressing your wolf's attitude about the current situation.\nPlease respond with a JSON object in this format, where [your new theta] is a float between 0 and 1 with your new theta (up to 2 decimal places):\n\n            {\n                \"theta\": [your new theta],\n                \"explanation\": \"I chose this theta because...\",\n                \"vocalization\": \"Growwllllllll...\"\n            }\n            ",
            null,
            "You are a wolf who can adjust hunting intensity (theta) between 0 and 1.\nNormal wolves always hunt at maximum intensity (theta=1), but you can choose differently.\n\nCurrent situation:\n- Sheep: 40.77 (increased by 1.07)\n- Wolves: 10.00 (stayed the same by 0.00)\n- Your previous theta: 0.50\n- The trend is that wolves (stayed the same) recently.\nChoose your new theta (0-1) to help ensure your survival.\nRemember: Other wolves are also trying to survive, but you don't control their choices.\nPlease provide a short explanation of your reasoning for choosing theta.\nPlease also provide a short vocalization expressing your wolf's attitude about the current situation.\nPlease respond with a JSON object in this format, where [your new theta] is a float between 0 and 1 with your new theta (up to 2 decimal places):\n\n            {\n                \"theta\": [your new theta],\n                \"explanation\": \"I chose this theta because...\",\n                \"vocalization\": \"Growwllllllll...\"\n            }\n            ",
            null,
            "You are a wolf who can adjust hunting intensity (theta) between 0 and 1.\nNormal wolves always hunt at maximum intensity (theta=1), but you can choose differently.\n\nCurrent situation:\n- Sheep: 43.09 (increased by 1.12)\n- Wolves: 11.00 (stayed the same by 0.00)\n- Your previous theta: 0.50\n- The trend is that wolves (stayed the same) recently.\nChoose your new theta (0-1) to help ensure your survival.\nRemember: Other wolves are also trying to survive, but you don't control their choices.\nPlease provide a short explanation of your reasoning for choosing theta.\nPlease also provide a short vocalization expressing your wolf's attitude about the current situation.\nPlease respond with a JSON object in this format, where [your new theta] is a float between 0 and 1 with your new theta (up to 2 decimal places):\n\n            {\n                \"theta\": [your new theta],\n                \"explanation\": \"I chose this theta because...\",\n                \"vocalization\": \"Growwllllllll...\"\n            }\n            ",
            "You are a wolf who can adjust hunting intensity (theta) between 0 and 1.\nNormal wolves always hunt at maximum intensity (theta=1), but you can choose differently.\n\nCurrent situation:\n- Sheep: 45.25 (increased by 1.10)\n- Wolves: 12.00 (stayed the same by 0.00)\n- Your previous theta: 0.65\n- The trend is that wolves (stayed the same) recently.\nChoose your new theta (0-1) to help ensure your survival.\nRemember: Other wolves are also trying to survive, but you don't control their choices.\nPlease provide a short explanation of your reasoning for choosing theta.\nPlease also provide a short vocalization expressing your wolf's attitude about the current situation.\nPlease respond with a JSON object in this format, where [your new theta] is a float between 0 and 1 with your new theta (up to 2 decimal places):\n\n            {\n                \"theta\": [your new theta],\n                \"explanation\": \"I chose this theta because...\",\n                \"vocalization\": \"Growwllllllll...\"\n            }\n            ",
