{
    "wolf_id": 159,
    "beta": 0.1,
    "gamma": 1.5,
    "delta": 0.75,
    "alive": false,
    "born_at_step": 376,
    "died_at_step": 449,
    "thetas": [
        0.3597851998097943,
        0.3597851998097943,
        0.3597851998097943,
        0.3597851998097943,
        0.3597851998097943,
        0.3597851998097943,
        0.5,
        0.5,
        0.5,
        0.5,
        0.65,
        0.65,
        0.65,
        0.45,
        0.45,
        0.45,
        0.45,
        0.45,
        0.45,
        0.45,
        0.45,
        0.45,
        0.45,
        0.45,
        0.45,
        0.6,
        0.6,
        0.6,
        0.45,
        0.6,
        0.4,
        0.4,
        0.4,
        0.4,
        0.5,
        0.6,
        0.6,
        0.75,
        0.75,
        0.75,
        0.65,
        0.5,
        0.5,
        0.5,
        0.5,
        0.5,
        0.75,
        0.75,
        0.6,
        0.6,
        0.6,
        0.6,
        0.6,
        0.6,
        0.6,
        0.6,
        0.6,
        0.6,
        0.6,
        0.6,
        0.6,
        0.6,
        0.6,
        0.6,
        0.6,
        0.6,
        0.75,
        0.6,
        0.6,
        0.6,
        0.6,
        0.6,
        0.6,
        0.4
    ],
    "decision_history": {
        "history_steps": [
            382,
            386,
            389,
            401,
            404,
            405,
            406,
            410,
            411,
            413,
            416,
            417,
            422,
            424,
            442,
            443,
            449
        ],
        "new_thetas": [
            0.5,
            0.65,
            0.45,
            0.6,
            0.45,
            0.6,
            0.4,
            0.5,
            0.6,
            0.75,
            0.65,
            0.5,
            0.75,
            0.6,
            0.75,
            0.6,
            0.4
        ],
        "prompts": [
            "You are a wolf who can adjust hunting intensity (theta) between 0 and 1.\nNormal wolves always hunt at maximum intensity (theta=1), but you can choose differently.\n\nCurrent situation:\n- Sheep: 41.90 (decreased by 1.64)\n- Wolves: 25.00 (stayed the same by 0.00)\n- Your previous theta: 0.36\n- The trend is that wolves (stayed the same) recently.\nChoose your new theta (0-1) to help ensure your survival.\nRemember: Other wolves are also trying to survive, but you don't control their choices.\nPlease provide a short explanation of your reasoning for choosing theta.\nPlease also provide a short vocalization expressing your wolf's attitude about the current situation.\nPlease respond with a JSON object in this format, where [your new theta] is a float between 0 and 1 with your new theta (up to 2 decimal places):\n\n            {\n                \"theta\": [your new theta],\n                \"explanation\": \"I chose this theta because...\",\n                \"vocalization\": \"Growwllllllll...\"\n            }\n            ",
            "You are a wolf who can adjust hunting intensity (theta) between 0 and 1.\nNormal wolves always hunt at maximum intensity (theta=1), but you can choose differently.\n\nCurrent situation:\n- Sheep: 35.38 (decreased by 1.72)\n- Wolves: 26.00 (stayed the same by 0.00)\n- Your previous theta: 0.50\n- The trend is that wolves (stayed the same) recently.\nChoose your new theta (0-1) to help ensure your survival.\nRemember: Other wolves are also trying to survive, but you don't control their choices.\nPlease provide a short explanation of your reasoning for choosing theta.\nPlease also provide a short vocalization expressing your wolf's attitude about the current situation.\nPlease respond with a JSON object in this format, where [your new theta] is a float between 0 and 1 with your new theta (up to 2 decimal places):\n\n            {\n                \"theta\": [your new theta],\n                \"explanation\": \"I chose this theta because...\",\n                \"vocalization\": \"Growwllllllll...\"\n            }\n            ",
            null,
            "You are a wolf who can adjust hunting intensity (theta) between 0 and 1.\nNormal wolves always hunt at maximum intensity (theta=1), but you can choose differently.\n\nCurrent situation:\n- Sheep: 28.27 (increased by 0.61)\n- Wolves: 14.00 (stayed the same by 0.00)\n- Your previous theta: 0.45\n- The trend is that wolves (stayed the same) recently.\nChoose your new theta (0-1) to help ensure your survival.\nRemember: Other wolves are also trying to survive, but you don't control their choices.\nPlease provide a short explanation of your reasoning for choosing theta.\nPlease also provide a short vocalization expressing your wolf's attitude about the current situation.\nPlease respond with a JSON object in this format, where [your new theta] is a float between 0 and 1 with your new theta (up to 2 decimal places):\n\n            {\n                \"theta\": [your new theta],\n                \"explanation\": \"I chose this theta because...\",\n                \"vocalization\": \"Growwllllllll...\"\n            }\n            ",
            null,
            "You are a wolf who can adjust hunting intensity (theta) between 0 and 1.\nNormal wolves always hunt at maximum intensity (theta=1), but you can choose differently.\n\nCurrent situation:\n- Sheep: 31.95 (increased by 1.21)\n- Wolves: 12.00 (stayed the same by 0.00)\n- Your previous theta: 0.45\n- The trend is that wolves (stayed the same) recently.\nChoose your new theta (0-1) to help ensure your survival.\nRemember: Other wolves are also trying to survive, but you don't control their choices.\nPlease provide a short explanation of your reasoning for choosing theta.\nPlease also provide a short vocalization expressing your wolf's attitude about the current situation.\nPlease respond with a JSON object in this format, where [your new theta] is a float between 0 and 1 with your new theta (up to 2 decimal places):\n\n            {\n                \"theta\": [your new theta],\n                \"explanation\": \"I chose this theta because...\",\n                \"vocalization\": \"Growwllllllll...\"\n            }\n            ",
            null,
            "You are a wolf who can adjust hunting intensity (theta) between 0 and 1.\nNormal wolves always hunt at maximum intensity (theta=1), but you can choose differently.\n\nCurrent situation:\n- Sheep: 37.46 (increased by 1.04)\n- Wolves: 11.00 (stayed the same by 0.00)\n- Your previous theta: 0.40\n- The trend is that wolves (stayed the same) recently.\nChoose your new theta (0-1) to help ensure your survival.\nRemember: Other wolves are also trying to survive, but you don't control their choices.\nPlease provide a short explanation of your reasoning for choosing theta.\nPlease also provide a short vocalization expressing your wolf's attitude about the current situation.\nPlease respond with a JSON object in this format, where [your new theta] is a float between 0 and 1 with your new theta (up to 2 decimal places):\n\n            {\n                \"theta\": [your new theta],\n                \"explanation\": \"I chose this theta because...\",\n                \"vocalization\": \"Growwllllllll...\"\n            }\n            ",
            null,
