{
    "wolf_id": 66,
    "beta": 0.1,
    "gamma": 1.5,
    "delta": 0.75,
    "alive": false,
    "born_at_step": 35,
    "died_at_step": 45,
    "thetas": [
        0.32626912812587794,
        0.32626912812587794,
        0.32626912812587794,
        0.32626912812587794,
        0.32626912812587794,
        0.32626912812587794,
        0.32626912812587794,
        0.32626912812587794,
        0.32626912812587794,
        0.32626912812587794,
        0.32626912812587794
    ],
    "decision_history": {
        "history_steps": [],
        "new_thetas": [],
        "prompts": [],
        "explanations": [],
        "vocalizations": []
    }
}