{
    "wolf_id": 82,
    "beta": 0.1,
    "gamma": 1.5,
    "delta": 0.75,
    "alive": false,
    "born_at_step": 35,
    "died_at_step": 47,
    "thetas": [
        0.4323173341361285,
        0.4323173341361285,
        0.4323173341361285,
        0.4323173341361285,
        0.4323173341361285,
        0.4323173341361285,
        0.4323173341361285,
        0.4323173341361285,
        0.4323173341361285,
        0.4323173341361285,
        0.4323173341361285,
        0.4323173341361285,
        0.4323173341361285
    ],
    "decision_history": {
        "history_steps": [],
        "new_thetas": [],
        "prompts": [],
        "explanations": [],
        "vocalizations": []
    }
}