{
    "wolf_id": 100,
    "beta": 0.1,
    "gamma": 1.5,
    "delta": 0.75,
    "alive": false,
    "born_at_step": 36,
    "died_at_step": 52,
    "thetas": [
        0.17663434200314387,
        0.17663434200314387,
        0.17663434200314387,
        0.17663434200314387,
        0.17663434200314387,
        0.17663434200314387,
        0.17663434200314387,
        0.17663434200314387,
        0.17663434200314387,
        0.17663434200314387,
        0.17663434200314387,
        0.17663434200314387,
        0.17663434200314387,
        0.17663434200314387,
        0.17663434200314387,
        0.17663434200314387,
        0.17663434200314387
    ],
    "decision_history": {
        "history_steps": [],
        "new_thetas": [],
        "prompts": [],
        "explanations": [],
        "vocalizations": []
    }
}