{
    "wolf_id": 72,
    "beta": 0.1,
    "gamma": 1.5,
    "delta": 0.75,
    "alive": false,
    "born_at_step": 77,
    "died_at_step": 103,
    "thetas": [
        0.7562162328617485,
        0.4167495282584965,
        0.4209685080665864,
        0.4227635174204337,
        0.4221995477611322,
        0.41939015779781313,
        0.41449240339981874,
        0.4065663833420627,
        0.39597934531062834,
        0.38425236690218767,
        0.3716578215025161,
        0.3584598441702981,
        0.3458493380130148,
        0.3338288039919602,
        0.3232364898774841,
        0.3138719886825521,
        0.30556680904294015,
        0.29963301217399907,
        0.2949961161876658,
        0.29216184552137203,
        0.2909074870912023,
        0.2904121861456774,
        0.29126923118390763,
        0.2927288065937815,
        0.29542233406018925,
        0.2986358148929362,
        0.3023599214823595
    ],
    "decision_history": {
        "history_steps": [
            78,
            79,
            80,
            81,
            82,
            83,
            84,
            85,
            86,
            87,
            88,
            89,
            90,
            91,
            92,
            93,
            94,
            95,
            96,
            97,
            98,
            99,
            100,
            101,
            102,
            103
        ],
        "new_thetas": [
            0.4167495282584965,
            0.4209685080665864,
            0.4227635174204337,
            0.4221995477611322,
            0.41939015779781313,
            0.41449240339981874,
            0.4065663833420627,
            0.39597934531062834,
            0.38425236690218767,
            0.3716578215025161,
            0.3584598441702981,
            0.3458493380130148,
            0.3338288039919602,
            0.3232364898774841,
            0.3138719886825521,
            0.30556680904294015,
            0.29963301217399907,
            0.2949961161876658,
            0.29216184552137203,
            0.2909074870912023,
            0.2904121861456774,
            0.29126923118390763,
            0.2927288065937815,
            0.29542233406018925,
            0.2986358148929362,
            0.3023599214823595
        ],
        "prompts": [
            "N/A",
            "N/A",
            "N/A",
            "N/A",
            "N/A",
            "N/A",
            "N/A",
            "N/A",
            "N/A",
            "N/A",
            "N/A",
            "N/A",
            "N/A",
            "N/A",
            "N/A",
            "N/A",
            "N/A",
            "N/A",
            "N/A",
            "N/A",
            "N/A",
            "N/A",
            "N/A",
            "N/A",
            "N/A",
            "N/A"
        ],
        "explanations": [
            "Calculated theta: 0.4167 based on sheep population: 78.60",
            "Calculated theta: 0.4210 based on sheep population: 79.97",
            "Calculated theta: 0.4228 based on sheep population: 80.56",
            "Calculated theta: 0.4222 based on sheep population: 80.38",
            "Calculated theta: 0.4194 based on sheep population: 79.46",
            "Calculated theta: 0.4145 based on sheep population: 77.87",
            "Calculated theta: 0.4066 based on sheep population: 75.36",
            "Calculated theta: 0.3960 based on sheep population: 72.11",
            "Calculated theta: 0.3843 based on sheep population: 68.64",
            "Calculated theta: 0.3717 based on sheep population: 65.06",
            "Calculated theta: 0.3585 based on sheep population: 61.46",
            "Calculated theta: 0.3458 based on sheep population: 58.16",
            "Calculated theta: 0.3338 based on sheep population: 55.12",
            "Calculated theta: 0.3232 based on sheep population: 52.54",
            "Calculated theta: 0.3139 based on sheep population: 50.32",
            "Calculated theta: 0.3056 based on sheep population: 48.40",
            "Calculated theta: 0.2996 based on sheep population: 47.06",
            "Calculated theta: 0.2950 based on sheep population: 46.03",
            "Calculated theta: 0.2922 based on sheep population: 45.40",
            "Calculated theta: 0.2909 based on sheep population: 45.13",
            "Calculated theta: 0.2904 based on sheep population: 45.02",
            "Calculated theta: 0.2913 based on sheep population: 45.21",
            "Calculated theta: 0.2927 based on sheep population: 45.53",
            "Calculated theta: 0.2954 based on sheep population: 46.12",
            "Calculated theta: 0.2986 based on sheep population: 46.84",
            "Calculated theta: 0.3024 based on sheep population: 47.67"
        ],
        "vocalizations": [
            "Calculated theta: 0.4167 based on sheep population: 78.60",
            "Calculated theta: 0.4210 based on sheep population: 79.97",
            "Calculated theta: 0.4228 based on sheep population: 80.56",
            "Calculated theta: 0.4222 based on sheep population: 80.38",
            "Calculated theta: 0.4194 based on sheep population: 79.46",
            "Calculated theta: 0.4145 based on sheep population: 77.87",
            "Calculated theta: 0.4066 based on sheep population: 75.36",
            "Calculated theta: 0.3960 based on sheep population: 72.11",
            "Calculated theta: 0.3843 based on sheep population: 68.64",
            "Calculated theta: 0.3717 based on sheep population: 65.06",
            "Calculated theta: 0.3585 based on sheep population: 61.46",
            "Calculated theta: 0.3458 based on sheep population: 58.16",
            "Calculated theta: 0.3338 based on sheep population: 55.12",
            "Calculated theta: 0.3232 based on sheep population: 52.54",
            "Calculated theta: 0.3139 based on sheep population: 50.32",
            "Calculated theta: 0.3056 based on sheep population: 48.40",
            "Calculated theta: 0.2996 based on sheep population: 47.06",
            "Calculated theta: 0.2950 based on sheep population: 46.03",
            "Calculated theta: 0.2922 based on sheep population: 45.40",
            "Calculated theta: 0.2909 based on sheep population: 45.13",
            "Calculated theta: 0.2904 based on sheep population: 45.02",
            "Calculated theta: 0.2913 based on sheep population: 45.21",
            "Calculated theta: 0.2927 based on sheep population: 45.53",
            "Calculated theta: 0.2954 based on sheep population: 46.12",
            "Calculated theta: 0.2986 based on sheep population: 46.84",
            "Calculated theta: 0.3024 based on sheep population: 47.67"
        ]
    }
}