{
    "wolf_id": 4,
    "beta": 0.1,
    "gamma": 1.5,
    "delta": 0.75,
    "alive": false,
    "born_at_step": 0,
    "died_at_step": 4,
    "thetas": [
        0.5,
        0.08333409722158563,
        0.09022060966411688,
        0.0976345789251066,
        0.10561652387987933,
        0.11421102799926972
    ],
    "decision_history": {
        "history_steps": [
            0,
            1,
            2,
            3,
            4
        ],
        "new_thetas": [
            0.08333409722158563,
            0.09022060966411688,
            0.0976345789251066,
            0.10561652387987933,
            0.11421102799926972
        ],
        "prompts": [
            "N/A",
            "N/A",
            "N/A",
            "N/A",
            "N/A"
        ],
        "explanations": [
            "Calculated theta: 0.0833 based on sheep population: 10.00",
            "Calculated theta: 0.0902 based on sheep population: 10.91",
            "Calculated theta: 0.0976 based on sheep population: 11.90",
            "Calculated theta: 0.1056 based on sheep population: 12.99",
            "Calculated theta: 0.1142 based on sheep population: 14.18"
        ],
        "vocalizations": [
            "Calculated theta: 0.0833 based on sheep population: 10.00",
            "Calculated theta: 0.0902 based on sheep population: 10.91",
            "Calculated theta: 0.0976 based on sheep population: 11.90",
            "Calculated theta: 0.1056 based on sheep population: 12.99",
            "Calculated theta: 0.1142 based on sheep population: 14.18"
        ]
    }
}