{
    "wolf_id": 75,
    "beta": 0.1,
    "gamma": 1.5,
    "delta": 0.75,
    "alive": false,
    "born_at_step": 79,
    "died_at_step": 109,
    "thetas": [
        0.27022737053608936,
        0.4227635174204337,
        0.4221995477611322,
        0.41939015779781313,
        0.41449240339981874,
        0.4065663833420627,
        0.39597934531062834,
        0.38425236690218767,
        0.3716578215025161,
        0.3584598441702981,
        0.3458493380130148,
        0.3338288039919602,
        0.3232364898774841,
        0.3138719886825521,
        0.30556680904294015,
        0.29963301217399907,
        0.2949961161876658,
        0.29216184552137203,
        0.2909074870912023,
        0.2904121861456774,
        0.29126923118390763,
        0.2927288065937815,
        0.29542233406018925,
        0.2986358148929362,
        0.3023599214823595,
        0.3072826014002481,
        0.31269715635741213,
        0.3178860372641459,
        0.3235987082903262,
        0.3298460880130141,
        0.3358558848728264
    ],
    "decision_history": {
        "history_steps": [
            80,
            81,
            82,
            83,
            84,
            85,
            86,
            87,
            88,
            89,
            90,
            91,
            92,
            93,
            94,
            95,
            96,
            97,
            98,
            99,
            100,
            101,
            102,
            103,
            104,
            105,
            106,
            107,
            108,
            109
        ],
        "new_thetas": [
            0.4227635174204337,
            0.4221995477611322,
            0.41939015779781313,
            0.41449240339981874,
            0.4065663833420627,
            0.39597934531062834,
            0.38425236690218767,
            0.3716578215025161,
            0.3584598441702981,
            0.3458493380130148,
            0.3338288039919602,
            0.3232364898774841,
            0.3138719886825521,
            0.30556680904294015,
            0.29963301217399907,
            0.2949961161876658,
            0.29216184552137203,
            0.2909074870912023,
            0.2904121861456774,
            0.29126923118390763,
            0.2927288065937815,
            0.29542233406018925,
            0.2986358148929362,
            0.3023599214823595,
            0.3072826014002481,
            0.31269715635741213,
            0.3178860372641459,
            0.3235987082903262,
            0.3298460880130141,
            0.3358558848728264
        ],
        "prompts": [
            "N/A",
            "N/A",
            "N/A",
            "N/A",
            "N/A",
            "N/A",
            "N/A",
            "N/A",
            "N/A",
            "N/A",
            "N/A",
            "N/A",
            "N/A",
            "N/A",
            "N/A",
            "N/A",
            "N/A",
            "N/A",
            "N/A",
            "N/A",
            "N/A",
            "N/A",
            "N/A",
            "N/A",
            "N/A",
            "N/A",
            "N/A",
            "N/A",
            "N/A",
            "N/A"
        ],
        "explanations": [
            "Calculated theta: 0.4228 based on sheep population: 80.56",
            "Calculated theta: 0.4222 based on sheep population: 80.38",
            "Calculated theta: 0.4194 based on sheep population: 79.46",
            "Calculated theta: 0.4145 based on sheep population: 77.87",
            "Calculated theta: 0.4066 based on sheep population: 75.36",
            "Calculated theta: 0.3960 based on sheep population: 72.11",
            "Calculated theta: 0.3843 based on sheep population: 68.64",
            "Calculated theta: 0.3717 based on sheep population: 65.06",
            "Calculated theta: 0.3585 based on sheep population: 61.46",
            "Calculated theta: 0.3458 based on sheep population: 58.16",
            "Calculated theta: 0.3338 based on sheep population: 55.12",
            "Calculated theta: 0.3232 based on sheep population: 52.54",
            "Calculated theta: 0.3139 based on sheep population: 50.32",
            "Calculated theta: 0.3056 based on sheep population: 48.40",
            "Calculated theta: 0.2996 based on sheep population: 47.06",
            "Calculated theta: 0.2950 based on sheep population: 46.03",
            "Calculated theta: 0.2922 based on sheep population: 45.40",
            "Calculated theta: 0.2909 based on sheep population: 45.13",
            "Calculated theta: 0.2904 based on sheep population: 45.02",
            "Calculated theta: 0.2913 based on sheep population: 45.21",
            "Calculated theta: 0.2927 based on sheep population: 45.53",
            "Calculated theta: 0.2954 based on sheep population: 46.12",
            "Calculated theta: 0.2986 based on sheep population: 46.84",
            "Calculated theta: 0.3024 based on sheep population: 47.67",
            "Calculated theta: 0.3073 based on sheep population: 48.79",
            "Calculated theta: 0.3127 based on sheep population: 50.05",
            "Calculated theta: 0.3179 based on sheep population: 51.26",
            "Calculated theta: 0.3236 based on sheep population: 52.63",
            "Calculated theta: 0.3298 based on sheep population: 54.14",
            "Calculated theta: 0.3359 based on sheep population: 55.63"
        ],
        "vocalizations": [
            "Calculated theta: 0.4228 based on sheep population: 80.56",
            "Calculated theta: 0.4222 based on sheep population: 80.38",
            "Calculated theta: 0.4194 based on sheep population: 79.46",
            "Calculated theta: 0.4145 based on sheep population: 77.87",
            "Calculated theta: 0.4066 based on sheep population: 75.36",
            "Calculated theta: 0.3960 based on sheep population: 72.11",
            "Calculated theta: 0.3843 based on sheep population: 68.64",
            "Calculated theta: 0.3717 based on sheep population: 65.06",
            "Calculated theta: 0.3585 based on sheep population: 61.46",
            "Calculated theta: 0.3458 based on sheep population: 58.16",
            "Calculated theta: 0.3338 based on sheep population: 55.12",
            "Calculated theta: 0.3232 based on sheep population: 52.54",
            "Calculated theta: 0.3139 based on sheep population: 50.32",
            "Calculated theta: 0.3056 based on sheep population: 48.40",
            "Calculated theta: 0.2996 based on sheep population: 47.06",
            "Calculated theta: 0.2950 based on sheep population: 46.03",
            "Calculated theta: 0.2922 based on sheep population: 45.40",
            "Calculated theta: 0.2909 based on sheep population: 45.13",
            "Calculated theta: 0.2904 based on sheep population: 45.02",
            "Calculated theta: 0.2913 based on sheep population: 45.21",
            "Calculated theta: 0.2927 based on sheep population: 45.53",
            "Calculated theta: 0.2954 based on sheep population: 46.12",
            "Calculated theta: 0.2986 based on sheep population: 46.84",
            "Calculated theta: 0.3024 based on sheep population: 47.67",
            "Calculated theta: 0.3073 based on sheep population: 48.79",
            "Calculated theta: 0.3127 based on sheep population: 50.05",
            "Calculated theta: 0.3179 based on sheep population: 51.26",
            "Calculated theta: 0.3236 based on sheep population: 52.63",
            "Calculated theta: 0.3298 based on sheep population: 54.14",
            "Calculated theta: 0.3359 based on sheep population: 55.63"
        ]
    }
}