{
    "wolf_id": 138,
    "beta": 0.1,
    "gamma": 1.5,
    "delta": 0.75,
    "alive": true,
    "born_at_step": 467,
    "died_at_step": null,
    "thetas": [
        0.016129172358467447,
        0.3548309142766264,
        0.35449155025883244,
        0.3541745647370363,
        0.35387846355382835,
        0.35360185460549054,
        0.35245246404336295,
        0.35138295651632817,
        0.35038756417035355,
        0.3494609621362608,
        0.34772082989880065,
        0.34610694096269884,
        0.34460961874869483,
        0.3432199920604485,
        0.3419299207082722,
        0.34073192875408637,
        0.3396191445365737,
        0.3385852467295499,
        0.33762441577120555,
        0.3367312900775852,
        0.3359009265210753,
        0.3351287647144727,
        0.33523274985095086,
        0.33532987061251396,
        0.3354205780903022,
        0.33550529399547596,
        0.3364059765586305,
        0.33725049623893916,
        0.3380422036443323,
        0.3387842691143794,
        0.3403116837536841,
        0.3417485498742984,
        0.34309981442356874
    ],
    "decision_history": {
        "history_steps": [
            468,
            469,
            470,
            471,
            472,
            473,
            474,
            475,
            476,
            477,
            478,
            479,
            480,
            481,
            482,
            483,
            484,
            485,
            486,
            487,
            488,
            489,
            490,
            491,
            492,
            493,
            494,
            495,
            496,
            497,
            498,
            499
        ],
        "new_thetas": [
            0.3548309142766264,
            0.35449155025883244,
            0.3541745647370363,
            0.35387846355382835,
            0.35360185460549054,
            0.35245246404336295,
            0.35138295651632817,
            0.35038756417035355,
            0.3494609621362608,
            0.34772082989880065,
            0.34610694096269884,
            0.34460961874869483,
            0.3432199920604485,
            0.3419299207082722,
            0.34073192875408637,
            0.3396191445365737,
            0.3385852467295499,
            0.33762441577120555,
            0.3367312900775852,
            0.3359009265210753,
            0.3351287647144727,
            0.33523274985095086,
            0.33532987061251396,
            0.3354205780903022,
            0.33550529399547596,
            0.3364059765586305,
            0.33725049623893916,
            0.3380422036443323,
            0.3387842691143794,
            0.3403116837536841,
            0.3417485498742984,
            0.34309981442356874
        ],
        "prompts": [
            "N/A",
            "N/A",
            "N/A",
            "N/A",
            "N/A",
            "N/A",
            "N/A",
            "N/A",
            "N/A",
            "N/A",
            "N/A",
            "N/A",
            "N/A",
            "N/A",
            "N/A",
            "N/A",
            "N/A",
            "N/A",
            "N/A",
            "N/A",
            "N/A",
            "N/A",
            "N/A",
            "N/A",
            "N/A",
            "N/A",
            "N/A",
            "N/A",
            "N/A",
            "N/A",
            "N/A",
            "N/A"
        ],
        "explanations": [
            "Calculated theta: 0.3548 based on sheep population: 60.50",
            "Calculated theta: 0.3545 based on sheep population: 60.41",
            "Calculated theta: 0.3542 based on sheep population: 60.32",
            "Calculated theta: 0.3539 based on sheep population: 60.25",
            "Calculated theta: 0.3536 based on sheep population: 60.17",
            "Calculated theta: 0.3525 based on sheep population: 59.87",
            "Calculated theta: 0.3514 based on sheep population: 59.59",
            "Calculated theta: 0.3504 based on sheep population: 59.33",
            "Calculated theta: 0.3495 based on sheep population: 59.09",
            "Calculated theta: 0.3477 based on sheep population: 58.64",
            "Calculated theta: 0.3461 based on sheep population: 58.22",
            "Calculated theta: 0.3446 based on sheep population: 57.84",
            "Calculated theta: 0.3432 based on sheep population: 57.48",
            "Calculated theta: 0.3419 based on sheep population: 57.16",
            "Calculated theta: 0.3407 based on sheep population: 56.85",
            "Calculated theta: 0.3396 based on sheep population: 56.57",
            "Calculated theta: 0.3386 based on sheep population: 56.31",
            "Calculated theta: 0.3376 based on sheep population: 56.07",
            "Calculated theta: 0.3367 based on sheep population: 55.85",
            "Calculated theta: 0.3359 based on sheep population: 55.64",
            "Calculated theta: 0.3351 based on sheep population: 55.45",
            "Calculated theta: 0.3352 based on sheep population: 55.47",
            "Calculated theta: 0.3353 based on sheep population: 55.50",
            "Calculated theta: 0.3354 based on sheep population: 55.52",
            "Calculated theta: 0.3355 based on sheep population: 55.54",
            "Calculated theta: 0.3364 based on sheep population: 55.76",
            "Calculated theta: 0.3373 based on sheep population: 55.98",
            "Calculated theta: 0.3380 based on sheep population: 56.17",
            "Calculated theta: 0.3388 based on sheep population: 56.36",
            "Calculated theta: 0.3403 based on sheep population: 56.75",
            "Calculated theta: 0.3417 based on sheep population: 57.11",
            "Calculated theta: 0.3431 based on sheep population: 57.45"
        ],