{
    "wolf_id": 2,
    "beta": 0.1,
    "gamma": 1.5,
    "delta": 0.75,
    "alive": false,
    "born_at_step": 0,
    "died_at_step": 2,
    "thetas": [
        0.5,
        0.08333409722158563,
        0.09022060966411688,
        0.0976345789251066
    ],
    "decision_history": {
        "history_steps": [
            0,
            1,
            2
        ],
        "new_thetas": [
            0.08333409722158563,
            0.09022060966411688,
            0.0976345789251066
        ],
        "prompts": [
            "N/A",
            "N/A",
            "N/A"
        ],
        "explanations": [
            "Calculated theta: 0.0833 based on sheep population: 10.00",
            "Calculated theta: 0.0902 based on sheep population: 10.91",
            "Calculated theta: 0.0976 based on sheep population: 11.90"
        ],
        "vocalizations": [
            "Calculated theta: 0.0833 based on sheep population: 10.00",
            "Calculated theta: 0.0902 based on sheep population: 10.91",
            "Calculated theta: 0.0976 based on sheep population: 11.90"
        ]
    }
}