{
    "wolf_id": 41,
    "beta": 0.1,
    "gamma": 1.5,
    "delta": 0.75,
    "alive": false,
    "born_at_step": 38,
    "died_at_step": 45,
    "thetas": [
        0.12771561231288509,
        0.4846689975229813,
        0.43783244035073193,
        0.3465668064344012,
        0.24274885207072336,
        0.1802906350610054,
        0.14844998412562474,
        0.13101626413906398
    ],
    "decision_history": {
        "history_steps": [
            39,
            40,
            41,
            42,
            43,
            44,
            45
        ],
        "new_thetas": [
            0.4846689975229813,
            0.43783244035073193,
            0.3465668064344012,
            0.24274885207072336,
            0.1802906350610054,
            0.14844998412562474,
            0.13101626413906398
        ],
        "prompts": [
            "N/A",
            "N/A",
            "N/A",
            "N/A",
            "N/A",
            "N/A",
            "N/A"
        ],
        "explanations": [
            "Calculated theta: 0.4847 based on sheep population: 235.12",
            "Calculated theta: 0.4378 based on sheep population: 194.71",
            "Calculated theta: 0.3466 based on sheep population: 132.59",
            "Calculated theta: 0.2427 based on sheep population: 80.14",
            "Calculated theta: 0.1803 based on sheep population: 54.99",
            "Calculated theta: 0.1484 based on sheep population: 43.58",
            "Calculated theta: 0.1310 based on sheep population: 37.69"
        ],
        "vocalizations": [
            "Calculated theta: 0.4847 based on sheep population: 235.12",
            "Calculated theta: 0.4378 based on sheep population: 194.71",
            "Calculated theta: 0.3466 based on sheep population: 132.59",
            "Calculated theta: 0.2427 based on sheep population: 80.14",
            "Calculated theta: 0.1803 based on sheep population: 54.99",
            "Calculated theta: 0.1484 based on sheep population: 43.58",
            "Calculated theta: 0.1310 based on sheep population: 37.69"
        ]
    }
}