{
    "wolf_id": 145,
    "beta": 0.1,
    "gamma": 1.5,
    "delta": 0.75,
    "alive": false,
    "born_at_step": 41,
    "died_at_step": 60,
    "thetas": [
        0.9209372083598124,
        0.24274885207072336,
        0.1802906350610054,
        0.14844998412562474,
        0.13101626413906398,
        0.12112376529406987,
        0.11542143803744931,
        0.11252943006526031,
        0.11151299587694752,
        0.11194098779542715,
        0.11355526217611374,
        0.11606999966092435,
        0.11950469214953438,
        0.12364466603064014,
        0.12855762208964008,
        0.13402282866947296,
        0.14011050134979208,
        0.14690514355167572,
        0.1543097416419789,
        0.16219071612171632
    ],
    "decision_history": {
        "history_steps": [
            42,
            43,
            44,
            45,
            46,
            47,
            48,
            49,
            50,
            51,
            52,
            53,
            54,
            55,
            56,
            57,
            58,
            59,
            60
        ],
        "new_thetas": [
            0.24274885207072336,
            0.1802906350610054,
            0.14844998412562474,
            0.13101626413906398,
            0.12112376529406987,
            0.11542143803744931,
            0.11252943006526031,
            0.11151299587694752,
            0.11194098779542715,
            0.11355526217611374,
            0.11606999966092435,
            0.11950469214953438,
            0.12364466603064014,
            0.12855762208964008,
            0.13402282866947296,
            0.14011050134979208,
            0.14690514355167572,
            0.1543097416419789,
            0.16219071612171632
        ],
        "prompts": [
            "N/A",
            "N/A",
            "N/A",
            "N/A",
            "N/A",
            "N/A",
            "N/A",
            "N/A",
            "N/A",
            "N/A",
            "N/A",
            "N/A",
            "N/A",
            "N/A",
            "N/A",
            "N/A",
            "N/A",
            "N/A",
            "N/A"
        ],
        "explanations": [
            "Calculated theta: 0.2427 based on sheep population: 80.14",
            "Calculated theta: 0.1803 based on sheep population: 54.99",
            "Calculated theta: 0.1484 based on sheep population: 43.58",
            "Calculated theta: 0.1310 based on sheep population: 37.69",
            "Calculated theta: 0.1211 based on sheep population: 34.45",
            "Calculated theta: 0.1154 based on sheep population: 32.62",
            "Calculated theta: 0.1125 based on sheep population: 31.70",
            "Calculated theta: 0.1115 based on sheep population: 31.38",
            "Calculated theta: 0.1119 based on sheep population: 31.51",
            "Calculated theta: 0.1136 based on sheep population: 32.03",
            "Calculated theta: 0.1161 based on sheep population: 32.83",
            "Calculated theta: 0.1195 based on sheep population: 33.93",
            "Calculated theta: 0.1236 based on sheep population: 35.27",
            "Calculated theta: 0.1286 based on sheep population: 36.88",
            "Calculated theta: 0.1340 based on sheep population: 38.69",
            "Calculated theta: 0.1401 based on sheep population: 40.73",
            "Calculated theta: 0.1469 based on sheep population: 43.05",
            "Calculated theta: 0.1543 based on sheep population: 45.62",
            "Calculated theta: 0.1622 based on sheep population: 48.40"
        ],
        "vocalizations": [
            "Calculated theta: 0.2427 based on sheep population: 80.14",
            "Calculated theta: 0.1803 based on sheep population: 54.99",
            "Calculated theta: 0.1484 based on sheep population: 43.58",
            "Calculated theta: 0.1310 based on sheep population: 37.69",
            "Calculated theta: 0.1211 based on sheep population: 34.45",
            "Calculated theta: 0.1154 based on sheep population: 32.62",
            "Calculated theta: 0.1125 based on sheep population: 31.70",
            "Calculated theta: 0.1115 based on sheep population: 31.38",
            "Calculated theta: 0.1119 based on sheep population: 31.51",
            "Calculated theta: 0.1136 based on sheep population: 32.03",
            "Calculated theta: 0.1161 based on sheep population: 32.83",
            "Calculated theta: 0.1195 based on sheep population: 33.93",
            "Calculated theta: 0.1236 based on sheep population: 35.27",
            "Calculated theta: 0.1286 based on sheep population: 36.88",
            "Calculated theta: 0.1340 based on sheep population: 38.69",
            "Calculated theta: 0.1401 based on sheep population: 40.73",
            "Calculated theta: 0.1469 based on sheep population: 43.05",
            "Calculated theta: 0.1543 based on sheep population: 45.62",
            "Calculated theta: 0.1622 based on sheep population: 48.40"
        ]
    }
}