{
    "wolf_id": 1,
    "beta": 0.1,
    "gamma": 1.5,
    "delta": 0.75,
    "alive": false,
    "born_at_step": 0,
    "died_at_step": 1,
    "thetas": [
        0.3923262099135053,
        0.03846190828388143,
        0.04199066761359446
    ],
    "decision_history": {
        "history_steps": [
            0,
            1
        ],
        "new_thetas": [
            0.03846190828388143,
            0.04199066761359446
        ],
        "prompts": [
            "N/A",
            "N/A"
        ],
        "explanations": [
            "Calculated theta: 0.0385 based on sheep population: 10.00",
            "Calculated theta: 0.0420 based on sheep population: 10.96"
        ],
        "vocalizations": [
            "Calculated theta: 0.0385 based on sheep population: 10.00",
            "Calculated theta: 0.0420 based on sheep population: 10.96"
        ]
    }
}